model_family,lambda_sample_smooth,lambda_sparse,mean_Khard,std_Khard,mean_test_c,std_test_c,mean_manifold_alignment,std_manifold_alignment,mean_gene_union_count,mean_gene_freq_ge_threshold_count,mean_effective_gene_count,n_runs,mean_affinity_corr,mean_risk_corr,mean_top_risk_overlap_ratio,mean_cluster_ari,mean_cluster_nmi,rank_cindex,rank_affinity,rank_risk,rank_cluster,rank_parsimony,joint_score
Concrete,0.15,0.003,251.7061782836914,46.97281797568881,0.7103389185072354,0.011710401013419285,0.9784863022498922,0.007428414457605932,531.9,492.8,453.8447372450761,10,0.9931200730166642,0.8401225634979178,3.7355769230769234,0.963042524060945,0.9236612720619093,0.9545454545454546,0.9318181818181818,0.8863636363636364,0.38636363636363635,0.9772727272727273,0.8272727272727272
Concrete,0.1,0.002,485.38416748046876,66.77367639787478,0.7045125666412795,0.00844704859815419,0.9880653732184141,0.003994085228502054,974.9,920.6,832.6100148146136,10,0.9928587941527892,0.830348674687632,3.5461374095989484,0.976425083533462,0.9508313771222557,0.7954545454545454,0.9090909090909091,0.8409090909090909,0.8409090909090909,0.7045454545454546,0.8181818181818181
Concrete,0.2,0.003,271.7231674194336,56.49820837308624,0.7033796648895658,0.018793410438717184,0.977750655070745,0.012616295982459579,585.8,544.0,493.56266385811466,10,0.9907688667753299,0.8351545115645701,3.4354536489151872,0.9701341852698325,0.9368241908724073,0.75,0.8181818181818182,0.8636363636363636,0.6136363636363636,0.9545454545454546,0.8
Concrete,0.15,0.002,460.16717834472655,94.3277222198764,0.7057216298552932,0.014435452738641838,0.9863721383981441,0.007934241487660356,944.0,873.0,790.997047055283,10,0.9893055582148063,0.7626312463624597,3.3779832347140037,0.9779055769475262,0.9560616288313761,0.8636363636363636,0.6818181818181818,0.6590909090909091,0.9318181818181818,0.75,0.7772727272727272
Concrete,0.1,0.003,260.34092864990237,65.63606192990227,0.7120049504950495,0.013238528379184752,0.9769773150071817,0.007038459317458256,607.0,531.0,486.0789697854125,10,0.9832112177839232,0.8688944200205823,3.8718030900723206,0.9682134842167304,0.9366685684598396,0.9772727272727273,0.45454545454545453,0.9772727272727273,0.5227272727272727,0.9318181818181818,0.7727272727272727
Concrete,0.2,0.0012,975.0444091796875,187.8182455819145,0.6855959634424982,0.03121072379860509,0.9955021614230286,0.0010479823526468996,1667.4,1631.8,1482.660661763662,10,0.9944747579440945,0.8239125574606709,3.045931952662722,0.9770796404033929,0.9560200816338641,0.4090909090909091,1.0,0.8181818181818182,0.8636363636363636,0.3409090909090909,0.6863636363636364
Concrete,0.15,0.0014422495703074,691.0444091796875,108.20751922523817,0.7079683929931455,0.017841603174929523,0.9928854301319184,0.0011997013087629734,1371.8,1269.1,1138.9599609208376,10,0.9875737349238695,0.772180702066702,3.152358645627876,0.9716167305150909,0.9422089529995914,0.9090909090909091,0.5454545454545454,0.7045454545454546,0.6818181818181818,0.5227272727272727,0.6727272727272726
Concrete,0.1,0.0014422495703074,781.8845581054687,130.53875904206078,0.70256092916984,0.01892482343716301,0.9936261100800345,0.0019173624832400332,1416.3,1362.2,1242.5997001884741,10,0.9914278447395476,0.7363381960852254,3.069345825115056,0.9752414119272016,0.9511978536511312,0.6590909090909091,0.8636363636363636,0.4772727272727273,0.8181818181818182,0.4772727272727273,0.6590909090909092
Concrete,0.1,0.0017,582.67568359375,84.06779005155555,0.7053217821782178,0.014586505950902967,0.9903194591206997,0.003332823071978641,1118.8,1059.8,969.3357148450066,10,0.9890389627631521,0.709479059169907,3.2758136094674555,0.973019792304255,0.9452454544887454,0.8409090909090909,0.6136363636363636,0.38636363636363635,0.75,0.6590909090909091,0.65
Concrete,0.05,0.0017,605.4868774414062,76.18006112292406,0.7014280274181265,0.01644019156491618,0.9914464237884115,0.0026614483415729577,1239.1,1134.0,1024.8792904914142,10,0.9895717534183517,0.7436491236990188,3.288584812623274,0.97181010186395,0.9428351363487582,0.6363636363636364,0.7272727272727273,0.5681818181818182,0.7045454545454546,0.5681818181818182,0.640909090909091
Concrete,0.0,0.005,113.47142868041992,15.456038405290926,0.7069402132520943,0.012505351892669369,0.9527011406918893,0.014515579967222188,510.9,328.9,306.0615245736579,10,0.9706632474615527,0.8694488787146003,3.93991617357002,0.6651145404427525,0.7250507510660938,0.8863636363636364,0.20454545454545456,1.0,0.11363636363636363,1.0,0.6409090909090909
Concrete,0.05,0.0025,360.7756744384766,79.75164364414496,0.7027037319116527,0.014455763549269819,0.9855826192435568,0.004335166048961793,792.1,711.0,647.9596534163645,10,0.9794153063201597,0.81322746084927,3.571679815910585,0.9688761217438671,0.9392901012124631,0.7045454545454546,0.3409090909090909,0.7727272727272727,0.5454545454545454,0.8409090909090909,0.6409090909090909
LSPIN,0.05,0.0007,710.0559936523438,90.75661327509768,0.7113385376999238,0.01364828506880719,0.9955368442290127,0.0006190719295111032,1418.0,1339.1,1067.2732449016758,10,0.9743298618573205,0.8662923777788335,3.5567800788954633,0.9672481164887667,0.9305079547336448,0.7954545454545454,0.9772727272727273,1.0,0.9545454545454546,0.22727272727272727,0.7909090909090908
LSPIN,0.1,0.0013,347.5023193359375,38.73642521095616,0.7143564356435643,0.018146721501917755,0.9920278227061787,0.001496301275996371,932.0,809.6,611.7780733767352,10,0.9353471593510172,0.8594709443989191,3.473767258382643,0.9581979560139814,0.9265866215898414,0.9772727272727273,0.25,0.9772727272727273,0.6590909090909091,0.9090909090909091,0.7545454545454546
LSPIN,0.05,0.0009,528.5953582763672,49.17158638752851,0.7076827875095202,0.017783088162762403,0.994347094191032,0.0011589587363092981,1185.8,1124.5,840.2135588232574,10,0.9655069473654354,0.8244557011912822,3.448224852071006,0.9675549967281158,0.9408933671912609,0.5909090909090909,0.7954545454545454,0.8863636363636364,0.9772727272727273,0.5227272727272727,0.7545454545454545
LSPIN,0.05,0.001,466.4868682861328,29.655167252971523,0.713509139375476,0.01924574276490576,0.9939570711758933,0.0007267975809182596,1167.7,1069.8,802.3306076449768,10,0.9740349318851197,0.7984220328607873,3.5674227481919787,0.9567368725583894,0.9172920716949434,0.9318181818181818,0.9545454545454546,0.5227272727272727,0.6363636363636364,0.6363636363636364,0.7363636363636363
LSPIN,0.1,0.0012,381.7204650878906,42.8615975975189,0.7125285605483626,0.015540121747912387,0.9929817632249887,0.001611035338503978,1070.8,928.0,694.6870233178977,10,0.9769873178586825,0.7401959631064889,3.618507560815253,0.9658636012638488,0.9365563671903399,0.8863636363636364,1.0,0.13636363636363635,0.9318181818181818,0.7045454545454546,0.7318181818181817
LSPIN,0.05,0.0011,438.4532775878906,29.561579597220845,0.7083301599390708,0.014385248563115145,0.9933188424606897,0.0005899434742641753,1044.0,955.0,739.4704116620655,10,0.9655111667974009,0.8043501430568624,3.2928418803418804,0.9594798349595242,0.9195714649026812,0.6363636363636364,0.8181818181818182,0.6590909090909091,0.7272727272727273,0.75,0.7181818181818181
LSPIN,0.15,0.0013,386.0100372314453,47.348287076596755,0.7117859862909368,0.01080886222995699,0.9923714694320905,0.001488295175239632,990.4,898.1,659.7102731495147,10,0.968907723818959,0.7780479730088938,3.333284023668639,0.9544417900803494,0.9269246762023283,0.8409090909090909,0.9090909090909091,0.4090909090909091,0.5454545454545454,0.8181818181818182,0.7045454545454546
LSPIN,0.15,0.0015,318.06293334960935,38.97271234298999,0.7070068545316069,0.014398553910690559,0.9908695832730384,0.0012882232915999794,905.5,764.2,578.0387868350455,10,0.9670793791522558,0.7660649737048318,3.469510190664037,0.9615273326189262,0.9344206843369047,0.5227272727272727,0.8863636363636364,0.29545454545454547,0.7954545454545454,0.9772727272727273,0.6954545454545455
LSPIN,0.1,0.0011,450.4911193847656,49.91340060965188,0.7112814166031989,0.01354441326864309,0.9931783394188545,0.0014244562735521848,1023.3,960.5,731.2466778981582,10,0.9474226888355494,0.8205252260552216,3.61637902695595,0.9519937794114964,0.9165547814636611,0.7727272727272727,0.5,0.8409090909090909,0.5,0.7954545454545454,0.6818181818181819
LSPIN,0.2,0.0012,388.2741302490234,33.055991479835036,0.709044173648134,0.012609984336503063,0.9927978426319923,0.0014985500431030432,987.6,887.4,660.1419467405673,10,0.9304309937130597,0.8158075754449905,3.454610453648915,0.9636955102230141,0.9329595347863279,0.6590909090909091,0.20454545454545456,0.7727272727272727,0.9090909090909091,0.8409090909090909,0.6772727272727272
LSPIN,0.15,0.001,494.6000061035156,65.96607701337284,0.70508377760853,0.019231963144024707,0.9939188228706277,0.000964964155970836,1207.9,1095.5,827.8628294466325,10,0.9649169485939131,0.8211048782349297,3.4822813938198554,0.9635197586700852,0.9286842505846765,0.36363636363636365,0.7727272727272727,0.8636363636363636,0.8863636363636364,0.5,0.6772727272727272
LSPIN,0.15,0.0007,684.1382141113281,61.68984009501748,0.7114337395277989,0.020366242619520088,0.9956871906404361,0.0008919971105813634,1436.4,1335.3,1065.663531177659,10,0.9639405409847568,0.8198130954493349,3.35456936226167,0.9603977221092819,0.9211562077840847,0.8181818181818182,0.75,0.8181818181818182,0.75,0.20454545454545456,0.6681818181818182
