model_family,gate_type,gate_sigma,lambda_sparse,lambda_sample_smooth,run_i,run_j,affinity_corr
LSPIN,lspin_tf,0.2,0.0012,0.15,0,1,0.9202970508192672
LSPIN,lspin_tf,0.2,0.0012,0.15,0,2,0.8610458168736108
LSPIN,lspin_tf,0.2,0.0012,0.15,1,2,0.8518967021400371
LSPIN,lspin_tf,0.2,0.0009,0.15,0,1,0.7089667818432785
LSPIN,lspin_tf,0.2,0.0009,0.15,0,2,0.5826793168993428
LSPIN,lspin_tf,0.2,0.0009,0.15,1,2,0.7477518298642277
LSPIN,lspin_tf,0.2,0.0007,0.15,0,1,0.8205097094658106
LSPIN,lspin_tf,0.2,0.0007,0.15,0,2,0.8137620329688687
LSPIN,lspin_tf,0.2,0.0007,0.15,1,2,0.7871566476000212
LSPIN,lspin_tf,0.2,0.0006,0.15,0,1,0.8775979483684376
LSPIN,lspin_tf,0.2,0.0006,0.15,0,2,0.854532886427481
LSPIN,lspin_tf,0.2,0.0006,0.15,1,2,0.8887713207462601
LSPIN,lspin_tf,0.2,0.0005,0.15,0,1,0.8206975084109178
LSPIN,lspin_tf,0.2,0.0005,0.15,0,2,0.6952238093287995
LSPIN,lspin_tf,0.2,0.0005,0.15,1,2,0.9091175084383936
LSPIN,lspin_tf,0.17,0.0012,0.15,0,1,0.7112013515969293
LSPIN,lspin_tf,0.17,0.0012,0.15,0,2,0.7603107395565329
LSPIN,lspin_tf,0.17,0.0012,0.15,1,2,0.6108705225054243
LSPIN,lspin_tf,0.17,0.0009,0.15,0,1,0.7700549650499535
LSPIN,lspin_tf,0.17,0.0009,0.15,0,2,0.8296898997108041
LSPIN,lspin_tf,0.17,0.0009,0.15,1,2,0.8708742282034263
LSPIN,lspin_tf,0.17,0.0007,0.15,0,1,0.6086209784543364
LSPIN,lspin_tf,0.17,0.0007,0.15,0,2,0.6941188257885952
LSPIN,lspin_tf,0.17,0.0007,0.15,1,2,0.7455072531221884
LSPIN,lspin_tf,0.17,0.0006,0.15,0,1,0.9119885523292666
LSPIN,lspin_tf,0.17,0.0006,0.15,0,2,0.819365973412265
LSPIN,lspin_tf,0.17,0.0006,0.15,1,2,0.8175682755861873
LSPIN,lspin_tf,0.17,0.0005,0.15,0,1,0.8677939785008815
LSPIN,lspin_tf,0.17,0.0005,0.15,0,2,0.8495946546323769
LSPIN,lspin_tf,0.17,0.0005,0.15,1,2,0.914849727636006
L-LSPIN,lspin_tf,0.2,0.0025,0.15,0,1,0.5034174034739529
L-LSPIN,lspin_tf,0.2,0.0025,0.15,0,2,0.4856671816404903
L-LSPIN,lspin_tf,0.2,0.0025,0.15,1,2,0.5498793490943863
L-LSPIN,lspin_tf,0.2,0.0018,0.15,0,1,0.5723313256024037
L-LSPIN,lspin_tf,0.2,0.0018,0.15,0,2,0.7835613398588333
L-LSPIN,lspin_tf,0.2,0.0018,0.15,1,2,0.6299530960098428
L-LSPIN,lspin_tf,0.2,0.0014,0.15,0,1,0.6953668314619086
L-LSPIN,lspin_tf,0.2,0.0014,0.15,0,2,0.7080862400738743
L-LSPIN,lspin_tf,0.2,0.0014,0.15,1,2,0.6162793009694439
L-LSPIN,lspin_tf,0.2,0.0011,0.15,0,1,0.709564568844438
L-LSPIN,lspin_tf,0.2,0.0011,0.15,0,2,0.7052545171708102
L-LSPIN,lspin_tf,0.2,0.0011,0.15,1,2,0.608610848245257
L-LSPIN,lspin_tf,0.2,0.0009,0.15,0,1,0.724606607974109
L-LSPIN,lspin_tf,0.2,0.0009,0.15,0,2,0.6702575960024438
L-LSPIN,lspin_tf,0.2,0.0009,0.15,1,2,0.8802699090525629
L-LSPIN,lspin_tf,0.17,0.0025,0.15,0,1,0.7349304618155484
L-LSPIN,lspin_tf,0.17,0.0025,0.15,0,2,0.6788681230378841
L-LSPIN,lspin_tf,0.17,0.0025,0.15,1,2,0.7402572841865128
L-LSPIN,lspin_tf,0.17,0.0018,0.15,0,1,0.8262525279759809
L-LSPIN,lspin_tf,0.17,0.0018,0.15,0,2,0.7879679825364707
L-LSPIN,lspin_tf,0.17,0.0018,0.15,1,2,0.6635196997898646
L-LSPIN,lspin_tf,0.17,0.0014,0.15,0,1,0.6438283580023559
L-LSPIN,lspin_tf,0.17,0.0014,0.15,0,2,0.6872119862013307
L-LSPIN,lspin_tf,0.17,0.0014,0.15,1,2,0.8491150075648649
L-LSPIN,lspin_tf,0.17,0.0011,0.15,0,1,0.7884695665478042
L-LSPIN,lspin_tf,0.17,0.0011,0.15,0,2,0.7720063808848413
L-LSPIN,lspin_tf,0.17,0.0011,0.15,1,2,0.8213027234624151
L-LSPIN,lspin_tf,0.17,0.0009,0.15,0,1,0.7768252288466234
L-LSPIN,lspin_tf,0.17,0.0009,0.15,0,2,0.8060641921807407
L-LSPIN,lspin_tf,0.17,0.0009,0.15,1,2,0.8349173075628392
Concrete,concrete,0.15,0.002,0.15,0,1,0.7316831930040075
Concrete,concrete,0.15,0.002,0.15,0,2,0.7548417367042679
Concrete,concrete,0.15,0.002,0.15,1,2,0.784268158884657
Concrete,concrete,0.15,0.0017,0.15,0,1,0.7243090992638184
Concrete,concrete,0.15,0.0017,0.15,0,2,0.7167183645901687
Concrete,concrete,0.15,0.0017,0.15,1,2,0.7020071576192969
Concrete,concrete,0.15,0.0014,0.15,0,1,0.7504780582892928
Concrete,concrete,0.15,0.0014,0.15,0,2,0.6792676203502026
Concrete,concrete,0.15,0.0014,0.15,1,2,0.8632630359288432
Concrete,concrete,0.15,0.0012,0.15,0,1,0.697151695932188
Concrete,concrete,0.15,0.0012,0.15,0,2,0.7101146339822325
Concrete,concrete,0.15,0.0012,0.15,1,2,0.8293916633630709
Concrete,concrete,0.15,0.001,0.15,0,1,0.7868981511853648
Concrete,concrete,0.15,0.001,0.15,0,2,0.7348945114328592
Concrete,concrete,0.15,0.001,0.15,1,2,0.7410620270017998
Concrete,concrete,0.12,0.002,0.15,0,1,0.7306273136583744
Concrete,concrete,0.12,0.002,0.15,0,2,0.7124724703146532
Concrete,concrete,0.12,0.002,0.15,1,2,0.7624529674269422
Concrete,concrete,0.12,0.0017,0.15,0,1,0.7733310540160789
Concrete,concrete,0.12,0.0017,0.15,0,2,0.7265070710465522
Concrete,concrete,0.12,0.0017,0.15,1,2,0.7301464738375862
Concrete,concrete,0.12,0.0014,0.15,0,1,0.8727843771223243
Concrete,concrete,0.12,0.0014,0.15,0,2,0.7448834787153855
Concrete,concrete,0.12,0.0014,0.15,1,2,0.7807834702882522
Concrete,concrete,0.12,0.0012,0.15,0,1,0.7273935571503705
Concrete,concrete,0.12,0.0012,0.15,0,2,0.815529053314462
Concrete,concrete,0.12,0.0012,0.15,1,2,0.7998056490309292
Concrete,concrete,0.12,0.001,0.15,0,1,0.7567237711683464
Concrete,concrete,0.12,0.001,0.15,0,2,0.6054051177037689
Concrete,concrete,0.12,0.001,0.15,1,2,0.7139209279873286
L-Concrete,concrete,0.15,0.003,0.15,0,1,0.57305907896034
L-Concrete,concrete,0.15,0.003,0.15,0,2,0.5105406443541779
L-Concrete,concrete,0.15,0.003,0.15,1,2,0.5631576639610338
L-Concrete,concrete,0.15,0.0023,0.15,0,1,0.5801094011388201
L-Concrete,concrete,0.15,0.0023,0.15,0,2,0.6845216123970147
L-Concrete,concrete,0.15,0.0023,0.15,1,2,0.4623174354254894
L-Concrete,concrete,0.15,0.0018,0.15,0,1,0.3817714878680229
L-Concrete,concrete,0.15,0.0018,0.15,0,2,0.5192120645982633
L-Concrete,concrete,0.15,0.0018,0.15,1,2,0.6238335708904145
L-Concrete,concrete,0.15,0.0014,0.15,0,1,0.8451378119672572
L-Concrete,concrete,0.15,0.0014,0.15,0,2,0.6328037064145103
L-Concrete,concrete,0.15,0.0014,0.15,1,2,0.6533476650800557
L-Concrete,concrete,0.15,0.0012,0.15,0,1,0.8224762751645449
L-Concrete,concrete,0.15,0.0012,0.15,0,2,0.6292436323463829
L-Concrete,concrete,0.15,0.0012,0.15,1,2,0.7418861952781743
L-Concrete,concrete,0.12,0.003,0.15,0,1,0.7894923848172872
L-Concrete,concrete,0.12,0.003,0.15,0,2,0.6422236775871049
L-Concrete,concrete,0.12,0.003,0.15,1,2,0.5924347722862775
L-Concrete,concrete,0.12,0.0023,0.15,0,1,0.5561014263656627
L-Concrete,concrete,0.12,0.0023,0.15,0,2,0.5619409810037713
L-Concrete,concrete,0.12,0.0023,0.15,1,2,0.8139301783056198
L-Concrete,concrete,0.12,0.0018,0.15,0,1,0.6383872671499701
L-Concrete,concrete,0.12,0.0018,0.15,0,2,0.5856496014305268
L-Concrete,concrete,0.12,0.0018,0.15,1,2,0.5286194022671936
L-Concrete,concrete,0.12,0.0014,0.15,0,1,0.6933984750136116
L-Concrete,concrete,0.12,0.0014,0.15,0,2,0.6466971700321111
L-Concrete,concrete,0.12,0.0014,0.15,1,2,0.6326837897839407
L-Concrete,concrete,0.12,0.0012,0.15,0,1,0.8527470526467882
L-Concrete,concrete,0.12,0.0012,0.15,0,2,0.8565193962388463
L-Concrete,concrete,0.12,0.0012,0.15,1,2,0.8724475200356059
LSPIN,lspin_tf,0.2,0.0012,0.1,0,1,0.7749689906942783
LSPIN,lspin_tf,0.2,0.0012,0.1,0,2,0.7361596008196274
LSPIN,lspin_tf,0.2,0.0012,0.1,1,2,0.6994460785259843
LSPIN,lspin_tf,0.2,0.0009,0.1,0,1,0.7311418534489494
LSPIN,lspin_tf,0.2,0.0009,0.1,0,2,0.8329875414635421
LSPIN,lspin_tf,0.2,0.0009,0.1,1,2,0.660037616288766
LSPIN,lspin_tf,0.2,0.0007,0.1,0,1,0.838550621170698
LSPIN,lspin_tf,0.2,0.0007,0.1,0,2,0.7656652731332
LSPIN,lspin_tf,0.2,0.0007,0.1,1,2,0.7654179682094219
LSPIN,lspin_tf,0.2,0.0006,0.1,0,1,0.7717220427981366
LSPIN,lspin_tf,0.2,0.0006,0.1,0,2,0.756231460634066
LSPIN,lspin_tf,0.2,0.0006,0.1,1,2,0.752142879448692
LSPIN,lspin_tf,0.2,0.0005,0.1,0,1,0.8842045313099984
LSPIN,lspin_tf,0.2,0.0005,0.1,0,2,0.6712098527240079
LSPIN,lspin_tf,0.2,0.0005,0.1,1,2,0.6385918129415452
LSPIN,lspin_tf,0.17,0.0012,0.1,0,1,0.6844319625332395
LSPIN,lspin_tf,0.17,0.0012,0.1,0,2,0.6977732235164174
LSPIN,lspin_tf,0.17,0.0012,0.1,1,2,0.7681283294708966
LSPIN,lspin_tf,0.17,0.0009,0.1,0,1,0.8049787055045667
LSPIN,lspin_tf,0.17,0.0009,0.1,0,2,0.8190223640139201
LSPIN,lspin_tf,0.17,0.0009,0.1,1,2,0.797906216913693
LSPIN,lspin_tf,0.17,0.0007,0.1,0,1,0.8293471634776608
LSPIN,lspin_tf,0.17,0.0007,0.1,0,2,0.7383020403120296
LSPIN,lspin_tf,0.17,0.0007,0.1,1,2,0.7520645809054206
LSPIN,lspin_tf,0.17,0.0006,0.1,0,1,0.6478810410521719
LSPIN,lspin_tf,0.17,0.0006,0.1,0,2,0.785145366090189
LSPIN,lspin_tf,0.17,0.0006,0.1,1,2,0.6403764403778168
LSPIN,lspin_tf,0.17,0.0005,0.1,0,1,0.8855939997890935
LSPIN,lspin_tf,0.17,0.0005,0.1,0,2,0.8838623499157815
LSPIN,lspin_tf,0.17,0.0005,0.1,1,2,0.8479626843937058
L-LSPIN,lspin_tf,0.2,0.0025,0.1,0,1,0.7044971463653709
L-LSPIN,lspin_tf,0.2,0.0025,0.1,0,2,0.6654093420635641
L-LSPIN,lspin_tf,0.2,0.0025,0.1,1,2,0.7792916344343905
L-LSPIN,lspin_tf,0.2,0.0018,0.1,0,1,0.7331007963584063
L-LSPIN,lspin_tf,0.2,0.0018,0.1,0,2,0.4953887578633883
L-LSPIN,lspin_tf,0.2,0.0018,0.1,1,2,0.6745124144042138
L-LSPIN,lspin_tf,0.2,0.0014,0.1,0,1,0.5116270571322749
L-LSPIN,lspin_tf,0.2,0.0014,0.1,0,2,0.7851198790175119
L-LSPIN,lspin_tf,0.2,0.0014,0.1,1,2,0.641978672689024
L-LSPIN,lspin_tf,0.2,0.0011,0.1,0,1,0.6819049532258681
L-LSPIN,lspin_tf,0.2,0.0011,0.1,0,2,0.6430641632110462
L-LSPIN,lspin_tf,0.2,0.0011,0.1,1,2,0.6608288884186939
L-LSPIN,lspin_tf,0.2,0.0009,0.1,0,1,0.8931876588729546
L-LSPIN,lspin_tf,0.2,0.0009,0.1,0,2,0.8555693270807377
L-LSPIN,lspin_tf,0.2,0.0009,0.1,1,2,0.8638849573885623
L-LSPIN,lspin_tf,0.17,0.0025,0.1,0,1,0.761344803770393
L-LSPIN,lspin_tf,0.17,0.0025,0.1,0,2,0.6347733262565423
L-LSPIN,lspin_tf,0.17,0.0025,0.1,1,2,0.4957065792860226
L-LSPIN,lspin_tf,0.17,0.0018,0.1,0,1,0.7242251904020582
L-LSPIN,lspin_tf,0.17,0.0018,0.1,0,2,0.7609772954722224
L-LSPIN,lspin_tf,0.17,0.0018,0.1,1,2,0.6813701833560456
L-LSPIN,lspin_tf,0.17,0.0014,0.1,0,1,0.5630798160400543
L-LSPIN,lspin_tf,0.17,0.0014,0.1,0,2,0.6592012345386584
L-LSPIN,lspin_tf,0.17,0.0014,0.1,1,2,0.5829697161573425
L-LSPIN,lspin_tf,0.17,0.0011,0.1,0,1,0.6470212155543078
L-LSPIN,lspin_tf,0.17,0.0011,0.1,0,2,0.6929317541889756
L-LSPIN,lspin_tf,0.17,0.0011,0.1,1,2,0.7900852310439475
L-LSPIN,lspin_tf,0.17,0.0009,0.1,0,1,0.730343258166586
L-LSPIN,lspin_tf,0.17,0.0009,0.1,0,2,0.8508852025587124
L-LSPIN,lspin_tf,0.17,0.0009,0.1,1,2,0.7698611297247779
Concrete,concrete,0.15,0.002,0.1,0,1,0.7885554892840407
Concrete,concrete,0.15,0.002,0.1,0,2,0.608150005720819
Concrete,concrete,0.15,0.002,0.1,1,2,0.6293117195911063
Concrete,concrete,0.15,0.0017,0.1,0,1,0.6400058789457929
Concrete,concrete,0.15,0.0017,0.1,0,2,0.7107035853607044
Concrete,concrete,0.15,0.0017,0.1,1,2,0.7364828082620827
Concrete,concrete,0.15,0.0014,0.1,0,1,0.7723835038114852
Concrete,concrete,0.15,0.0014,0.1,0,2,0.826095360583585
Concrete,concrete,0.15,0.0014,0.1,1,2,0.7756388406245394
Concrete,concrete,0.15,0.0012,0.1,0,1,0.7859205718009534
Concrete,concrete,0.15,0.0012,0.1,0,2,0.7510826624931638
Concrete,concrete,0.15,0.0012,0.1,1,2,0.8080594458665548
Concrete,concrete,0.15,0.001,0.1,0,1,0.64900530236895
Concrete,concrete,0.15,0.001,0.1,0,2,0.7514318018459851
Concrete,concrete,0.15,0.001,0.1,1,2,0.8130221741299088
Concrete,concrete,0.12,0.002,0.1,0,1,0.7388185451290419
Concrete,concrete,0.12,0.002,0.1,0,2,0.6294219475216446
Concrete,concrete,0.12,0.002,0.1,1,2,0.6501381192216275
Concrete,concrete,0.12,0.0017,0.1,0,1,0.873923660265789
Concrete,concrete,0.12,0.0017,0.1,0,2,0.8449471414591029
Concrete,concrete,0.12,0.0017,0.1,1,2,0.8356130313859826
Concrete,concrete,0.12,0.0014,0.1,0,1,0.6710009375014306
Concrete,concrete,0.12,0.0014,0.1,0,2,0.658117728893281
Concrete,concrete,0.12,0.0014,0.1,1,2,0.7696404697504193
Concrete,concrete,0.12,0.0012,0.1,0,1,0.693802465647177
Concrete,concrete,0.12,0.0012,0.1,0,2,0.4542782756367617
Concrete,concrete,0.12,0.0012,0.1,1,2,0.5710046274290045
Concrete,concrete,0.12,0.001,0.1,0,1,0.7086015205596218
Concrete,concrete,0.12,0.001,0.1,0,2,0.8159624745624333
Concrete,concrete,0.12,0.001,0.1,1,2,0.6581593488905764
L-Concrete,concrete,0.15,0.003,0.1,0,1,0.6274876239809675
L-Concrete,concrete,0.15,0.003,0.1,0,2,0.5946327610946142
L-Concrete,concrete,0.15,0.003,0.1,1,2,0.7000173260419784
L-Concrete,concrete,0.15,0.0023,0.1,0,1,0.5922333818212498
L-Concrete,concrete,0.15,0.0023,0.1,0,2,0.7134047013011993
L-Concrete,concrete,0.15,0.0023,0.1,1,2,0.7183791567066773
L-Concrete,concrete,0.15,0.0018,0.1,0,1,0.6265011204444157
L-Concrete,concrete,0.15,0.0018,0.1,0,2,0.4780065471766498
L-Concrete,concrete,0.15,0.0018,0.1,1,2,0.6293107567033802
L-Concrete,concrete,0.15,0.0014,0.1,0,1,0.5944132321521115
L-Concrete,concrete,0.15,0.0014,0.1,0,2,0.7034253572873463
L-Concrete,concrete,0.15,0.0014,0.1,1,2,0.4512245201971046
L-Concrete,concrete,0.15,0.0012,0.1,0,1,0.787762383174086
L-Concrete,concrete,0.15,0.0012,0.1,0,2,0.4518583183356688
L-Concrete,concrete,0.15,0.0012,0.1,1,2,0.4875260568653087
L-Concrete,concrete,0.12,0.003,0.1,0,1,0.465487561321472
L-Concrete,concrete,0.12,0.003,0.1,0,2,0.4936491524099516
L-Concrete,concrete,0.12,0.003,0.1,1,2,0.7040315099729717
L-Concrete,concrete,0.12,0.0023,0.1,0,1,0.6153522492082084
L-Concrete,concrete,0.12,0.0023,0.1,0,2,0.6204126626906333
L-Concrete,concrete,0.12,0.0023,0.1,1,2,0.566196907436783
L-Concrete,concrete,0.12,0.0018,0.1,0,1,0.6446817851522346
L-Concrete,concrete,0.12,0.0018,0.1,0,2,0.4501272039886058
L-Concrete,concrete,0.12,0.0018,0.1,1,2,0.393064489760735
L-Concrete,concrete,0.12,0.0014,0.1,0,1,0.7630818686819386
L-Concrete,concrete,0.12,0.0014,0.1,0,2,0.6812506909417552
L-Concrete,concrete,0.12,0.0014,0.1,1,2,0.7693034777838216
L-Concrete,concrete,0.12,0.0012,0.1,0,1,0.7279989157369837
L-Concrete,concrete,0.12,0.0012,0.1,0,2,0.6631360293765095
L-Concrete,concrete,0.12,0.0012,0.1,1,2,0.707104750669118
LSPIN,lspin_tf,0.2,0.0012,0.0,0,1,0.4605644057999049
LSPIN,lspin_tf,0.2,0.0012,0.0,0,2,0.5810740345188152
LSPIN,lspin_tf,0.2,0.0012,0.0,1,2,0.7935429962129789
LSPIN,lspin_tf,0.2,0.0009,0.0,0,1,0.6747394786928057
LSPIN,lspin_tf,0.2,0.0009,0.0,0,2,0.6714644896535863
LSPIN,lspin_tf,0.2,0.0009,0.0,1,2,0.7535781709205469
LSPIN,lspin_tf,0.2,0.0007,0.0,0,1,0.7050898014617759
LSPIN,lspin_tf,0.2,0.0007,0.0,0,2,0.6904345002339186
LSPIN,lspin_tf,0.2,0.0007,0.0,1,2,0.8393654517788635
LSPIN,lspin_tf,0.2,0.0006,0.0,0,1,0.6459206378711395
LSPIN,lspin_tf,0.2,0.0006,0.0,0,2,0.5160076591274012
LSPIN,lspin_tf,0.2,0.0006,0.0,1,2,0.7679382064753052
LSPIN,lspin_tf,0.2,0.0005,0.0,0,1,0.7175864973036914
LSPIN,lspin_tf,0.2,0.0005,0.0,0,2,0.719648523922995
LSPIN,lspin_tf,0.2,0.0005,0.0,1,2,0.8651389642008439
LSPIN,lspin_tf,0.17,0.0012,0.0,0,1,0.7957476006890911
LSPIN,lspin_tf,0.17,0.0012,0.0,0,2,0.726619125795177
LSPIN,lspin_tf,0.17,0.0012,0.0,1,2,0.7210477217307955
LSPIN,lspin_tf,0.17,0.0009,0.0,0,1,0.6952089585472636
LSPIN,lspin_tf,0.17,0.0009,0.0,0,2,0.7489055002356363
LSPIN,lspin_tf,0.17,0.0009,0.0,1,2,0.7559306776419429
LSPIN,lspin_tf,0.17,0.0007,0.0,0,1,0.6107849062285691
LSPIN,lspin_tf,0.17,0.0007,0.0,0,2,0.8301092116409969
LSPIN,lspin_tf,0.17,0.0007,0.0,1,2,0.70073984670818
LSPIN,lspin_tf,0.17,0.0006,0.0,0,1,0.7089075958950095
LSPIN,lspin_tf,0.17,0.0006,0.0,0,2,0.6100594921412535
LSPIN,lspin_tf,0.17,0.0006,0.0,1,2,0.4955115047025747
LSPIN,lspin_tf,0.17,0.0005,0.0,0,1,0.7080697452219581
LSPIN,lspin_tf,0.17,0.0005,0.0,0,2,0.6752596686362259
LSPIN,lspin_tf,0.17,0.0005,0.0,1,2,0.6307682171811503
L-LSPIN,lspin_tf,0.2,0.0025,0.0,0,1,0.5718145770093762
L-LSPIN,lspin_tf,0.2,0.0025,0.0,0,2,0.5828916593345288
L-LSPIN,lspin_tf,0.2,0.0025,0.0,1,2,0.5591059801751654
L-LSPIN,lspin_tf,0.2,0.0018,0.0,0,1,0.8065745381029618
L-LSPIN,lspin_tf,0.2,0.0018,0.0,0,2,0.6029484258002921
L-LSPIN,lspin_tf,0.2,0.0018,0.0,1,2,0.5344891887614985
L-LSPIN,lspin_tf,0.2,0.0014,0.0,0,1,0.3702617534462091
L-LSPIN,lspin_tf,0.2,0.0014,0.0,0,2,0.2398038529832559
L-LSPIN,lspin_tf,0.2,0.0014,0.0,1,2,0.520345033573791
L-LSPIN,lspin_tf,0.2,0.0011,0.0,0,1,0.7571509386415235
L-LSPIN,lspin_tf,0.2,0.0011,0.0,0,2,0.7389238062973918
L-LSPIN,lspin_tf,0.2,0.0011,0.0,1,2,0.7388234900035536
L-LSPIN,lspin_tf,0.2,0.0009,0.0,0,1,0.7459361564502577
L-LSPIN,lspin_tf,0.2,0.0009,0.0,0,2,0.771613316771501
L-LSPIN,lspin_tf,0.2,0.0009,0.0,1,2,0.8242860522643451
L-LSPIN,lspin_tf,0.17,0.0025,0.0,0,1,0.6314218584965071
L-LSPIN,lspin_tf,0.17,0.0025,0.0,0,2,0.5070617659558788
L-LSPIN,lspin_tf,0.17,0.0025,0.0,1,2,0.721916063798548
L-LSPIN,lspin_tf,0.17,0.0018,0.0,0,1,0.5766922464397061
L-LSPIN,lspin_tf,0.17,0.0018,0.0,0,2,0.6244257514410877
L-LSPIN,lspin_tf,0.17,0.0018,0.0,1,2,0.6197919192365194
L-LSPIN,lspin_tf,0.17,0.0014,0.0,0,1,0.6900196965128353
L-LSPIN,lspin_tf,0.17,0.0014,0.0,0,2,0.5832194751382801
L-LSPIN,lspin_tf,0.17,0.0014,0.0,1,2,0.6711455573043617
L-LSPIN,lspin_tf,0.17,0.0011,0.0,0,1,0.6999446466474433
L-LSPIN,lspin_tf,0.17,0.0011,0.0,0,2,0.762688093215504
L-LSPIN,lspin_tf,0.17,0.0011,0.0,1,2,0.6577776764418134
L-LSPIN,lspin_tf,0.17,0.0009,0.0,0,1,0.6471104217106147
L-LSPIN,lspin_tf,0.17,0.0009,0.0,0,2,0.6340171616665102
L-LSPIN,lspin_tf,0.17,0.0009,0.0,1,2,0.7653842925630482
Concrete,concrete,0.15,0.002,0.0,0,1,0.6798640653225735
Concrete,concrete,0.15,0.002,0.0,0,2,0.6709385785105135
Concrete,concrete,0.15,0.002,0.0,1,2,0.7096961647802776
Concrete,concrete,0.15,0.0017,0.0,0,1,0.6111513680831729
Concrete,concrete,0.15,0.0017,0.0,0,2,0.7238685729453518
Concrete,concrete,0.15,0.0017,0.0,1,2,0.6907288764882122
Concrete,concrete,0.15,0.0014,0.0,0,1,0.6330542781848182
Concrete,concrete,0.15,0.0014,0.0,0,2,0.6654399138454454
Concrete,concrete,0.15,0.0014,0.0,1,2,0.7614799929247249
Concrete,concrete,0.15,0.0012,0.0,0,1,0.686815317921412
Concrete,concrete,0.15,0.0012,0.0,0,2,0.7147215326674367
Concrete,concrete,0.15,0.0012,0.0,1,2,0.6815902575170004
Concrete,concrete,0.15,0.001,0.0,0,1,0.7490388441990745
Concrete,concrete,0.15,0.001,0.0,0,2,0.7255582942712065
Concrete,concrete,0.15,0.001,0.0,1,2,0.5918859507679768
Concrete,concrete,0.12,0.002,0.0,0,1,0.7508843843881307
Concrete,concrete,0.12,0.002,0.0,0,2,0.7090583807530393
Concrete,concrete,0.12,0.002,0.0,1,2,0.5327739652410579
Concrete,concrete,0.12,0.0017,0.0,0,1,0.7449704947404612
Concrete,concrete,0.12,0.0017,0.0,0,2,0.7590452675300527
Concrete,concrete,0.12,0.0017,0.0,1,2,0.7922664038620519
Concrete,concrete,0.12,0.0014,0.0,0,1,0.6360547982708789
Concrete,concrete,0.12,0.0014,0.0,0,2,0.5143217737996919
Concrete,concrete,0.12,0.0014,0.0,1,2,0.7042961031976331
Concrete,concrete,0.12,0.0012,0.0,0,1,0.7989291743570209
Concrete,concrete,0.12,0.0012,0.0,0,2,0.6655915551909614
Concrete,concrete,0.12,0.0012,0.0,1,2,0.6722035301259623
Concrete,concrete,0.12,0.001,0.0,0,1,0.6253887316237005
Concrete,concrete,0.12,0.001,0.0,0,2,0.5797929771625646
Concrete,concrete,0.12,0.001,0.0,1,2,0.4191720453123495
L-Concrete,concrete,0.15,0.003,0.0,0,1,0.4121761564771906
L-Concrete,concrete,0.15,0.003,0.0,0,2,0.5207515271254973
L-Concrete,concrete,0.15,0.003,0.0,1,2,0.4968891354766803
L-Concrete,concrete,0.15,0.0023,0.0,0,1,0.5436169532067401
L-Concrete,concrete,0.15,0.0023,0.0,0,2,0.5891238494445823
L-Concrete,concrete,0.15,0.0023,0.0,1,2,0.4506335654005322
L-Concrete,concrete,0.15,0.0018,0.0,0,1,0.593676716752639
L-Concrete,concrete,0.15,0.0018,0.0,0,2,0.7125485252053392
L-Concrete,concrete,0.15,0.0018,0.0,1,2,0.6522286924104704
L-Concrete,concrete,0.15,0.0014,0.0,0,1,0.6885283646870369
L-Concrete,concrete,0.15,0.0014,0.0,0,2,0.6081756217019123
L-Concrete,concrete,0.15,0.0014,0.0,1,2,0.7760848702147018
L-Concrete,concrete,0.15,0.0012,0.0,0,1,0.6083901543731266
L-Concrete,concrete,0.15,0.0012,0.0,0,2,0.5787437136606842
L-Concrete,concrete,0.15,0.0012,0.0,1,2,0.7219601532987978
L-Concrete,concrete,0.12,0.003,0.0,0,1,0.693745838370689
L-Concrete,concrete,0.12,0.003,0.0,0,2,0.4705590309865349
L-Concrete,concrete,0.12,0.003,0.0,1,2,0.5429443042039919
L-Concrete,concrete,0.12,0.0023,0.0,0,1,0.5882696028676788
L-Concrete,concrete,0.12,0.0023,0.0,0,2,0.6795564498414767
L-Concrete,concrete,0.12,0.0023,0.0,1,2,0.4625323196908437
L-Concrete,concrete,0.12,0.0018,0.0,0,1,0.6643121517486774
L-Concrete,concrete,0.12,0.0018,0.0,0,2,0.6547066612008201
L-Concrete,concrete,0.12,0.0018,0.0,1,2,0.69399306986173
L-Concrete,concrete,0.12,0.0014,0.0,0,1,0.5617254071117234
L-Concrete,concrete,0.12,0.0014,0.0,0,2,0.6214864605604681
L-Concrete,concrete,0.12,0.0014,0.0,1,2,0.6076054838611296
L-Concrete,concrete,0.12,0.0012,0.0,0,1,0.6687633171568417
L-Concrete,concrete,0.12,0.0012,0.0,0,2,0.7013914460457448
L-Concrete,concrete,0.12,0.0012,0.0,1,2,0.6494168956020929
LSPIN,lspin_tf,0.2,0.0012,0.05,0,1,0.6623179862879189
LSPIN,lspin_tf,0.2,0.0012,0.05,0,2,0.8267928202700767
LSPIN,lspin_tf,0.2,0.0012,0.05,1,2,0.8277879359550661
LSPIN,lspin_tf,0.2,0.0009,0.05,0,1,0.7174715076963559
LSPIN,lspin_tf,0.2,0.0009,0.05,0,2,0.8318568393658989
LSPIN,lspin_tf,0.2,0.0009,0.05,1,2,0.730477405520842
LSPIN,lspin_tf,0.2,0.0007,0.05,0,1,0.7466982464148556
LSPIN,lspin_tf,0.2,0.0007,0.05,0,2,0.6860545878199459
LSPIN,lspin_tf,0.2,0.0007,0.05,1,2,0.7427619227845315
LSPIN,lspin_tf,0.2,0.0006,0.05,0,1,0.6425163651830479
LSPIN,lspin_tf,0.2,0.0006,0.05,0,2,0.6016942898553298
LSPIN,lspin_tf,0.2,0.0006,0.05,1,2,0.7533214892883343
LSPIN,lspin_tf,0.2,0.0005,0.05,0,1,0.8682843176120117
LSPIN,lspin_tf,0.2,0.0005,0.05,0,2,0.7501069153967928
LSPIN,lspin_tf,0.2,0.0005,0.05,1,2,0.7529532159143651
LSPIN,lspin_tf,0.17,0.0012,0.05,0,1,0.8023606732596
LSPIN,lspin_tf,0.17,0.0012,0.05,0,2,0.7562507835066368
LSPIN,lspin_tf,0.17,0.0012,0.05,1,2,0.7802408205731173
LSPIN,lspin_tf,0.17,0.0009,0.05,0,1,0.7620723304323114
LSPIN,lspin_tf,0.17,0.0009,0.05,0,2,0.6967979259026889
LSPIN,lspin_tf,0.17,0.0009,0.05,1,2,0.7509249602026523
LSPIN,lspin_tf,0.17,0.0007,0.05,0,1,0.7999765034850497
LSPIN,lspin_tf,0.17,0.0007,0.05,0,2,0.7445097231366546
LSPIN,lspin_tf,0.17,0.0007,0.05,1,2,0.8273065416611167
LSPIN,lspin_tf,0.17,0.0006,0.05,0,1,0.6935410651238103
LSPIN,lspin_tf,0.17,0.0006,0.05,0,2,0.8629037090286799
LSPIN,lspin_tf,0.17,0.0006,0.05,1,2,0.7051421327686942
LSPIN,lspin_tf,0.17,0.0005,0.05,0,1,0.7647577937003204
LSPIN,lspin_tf,0.17,0.0005,0.05,0,2,0.7871923690648776
LSPIN,lspin_tf,0.17,0.0005,0.05,1,2,0.7352041902977362
L-LSPIN,lspin_tf,0.2,0.0025,0.05,0,1,0.6441797781951719
L-LSPIN,lspin_tf,0.2,0.0025,0.05,0,2,0.7295642625812473
L-LSPIN,lspin_tf,0.2,0.0025,0.05,1,2,0.5708477055354919
L-LSPIN,lspin_tf,0.2,0.0018,0.05,0,1,0.5305209559941585
L-LSPIN,lspin_tf,0.2,0.0018,0.05,0,2,0.6244246266204037
L-LSPIN,lspin_tf,0.2,0.0018,0.05,1,2,0.6277989476695409
L-LSPIN,lspin_tf,0.2,0.0014,0.05,0,1,0.631731533381077
L-LSPIN,lspin_tf,0.2,0.0014,0.05,0,2,0.6871703762987107
L-LSPIN,lspin_tf,0.2,0.0014,0.05,1,2,0.777124182666766
L-LSPIN,lspin_tf,0.2,0.0011,0.05,0,1,0.6513944582555238
L-LSPIN,lspin_tf,0.2,0.0011,0.05,0,2,0.6401156391496479
L-LSPIN,lspin_tf,0.2,0.0011,0.05,1,2,0.9167006690260496
L-LSPIN,lspin_tf,0.2,0.0009,0.05,0,1,0.7101047958557123
L-LSPIN,lspin_tf,0.2,0.0009,0.05,0,2,0.7363910793426311
L-LSPIN,lspin_tf,0.2,0.0009,0.05,1,2,0.6131144357075862
L-LSPIN,lspin_tf,0.17,0.0025,0.05,0,1,0.7542433750198537
L-LSPIN,lspin_tf,0.17,0.0025,0.05,0,2,0.5318666667511888
L-LSPIN,lspin_tf,0.17,0.0025,0.05,1,2,0.4681643340844664
L-LSPIN,lspin_tf,0.17,0.0018,0.05,0,1,0.6959464988951068
L-LSPIN,lspin_tf,0.17,0.0018,0.05,0,2,0.5752480181723898
L-LSPIN,lspin_tf,0.17,0.0018,0.05,1,2,0.5083767187492635
L-LSPIN,lspin_tf,0.17,0.0014,0.05,0,1,0.7185437433363276
L-LSPIN,lspin_tf,0.17,0.0014,0.05,0,2,0.7228208822410341
L-LSPIN,lspin_tf,0.17,0.0014,0.05,1,2,0.7827394198607991
L-LSPIN,lspin_tf,0.17,0.0011,0.05,0,1,0.7196600747872739
L-LSPIN,lspin_tf,0.17,0.0011,0.05,0,2,0.7298866803327737
L-LSPIN,lspin_tf,0.17,0.0011,0.05,1,2,0.6933771647393195
L-LSPIN,lspin_tf,0.17,0.0009,0.05,0,1,0.6519333120545183
L-LSPIN,lspin_tf,0.17,0.0009,0.05,0,2,0.7217251714245987
L-LSPIN,lspin_tf,0.17,0.0009,0.05,1,2,0.6834858133488424
Concrete,concrete,0.15,0.002,0.05,0,1,0.8734998292089625
Concrete,concrete,0.15,0.002,0.05,0,2,0.7240698741093848
Concrete,concrete,0.15,0.002,0.05,1,2,0.6842527229788627
Concrete,concrete,0.15,0.0017,0.05,0,1,0.8150572774728472
Concrete,concrete,0.15,0.0017,0.05,0,2,0.6666630146995027
Concrete,concrete,0.15,0.0017,0.05,1,2,0.6211702665339036
Concrete,concrete,0.15,0.0014,0.05,0,1,0.6246171287445265
Concrete,concrete,0.15,0.0014,0.05,0,2,0.5827569328107118
Concrete,concrete,0.15,0.0014,0.05,1,2,0.6419791728663133
Concrete,concrete,0.15,0.0012,0.05,0,1,0.5427667620643872
Concrete,concrete,0.15,0.0012,0.05,0,2,0.6859092987197188
Concrete,concrete,0.15,0.0012,0.05,1,2,0.784784035382487
Concrete,concrete,0.15,0.001,0.05,0,1,0.8261900297086355
Concrete,concrete,0.15,0.001,0.05,0,2,0.6877974967113766
Concrete,concrete,0.15,0.001,0.05,1,2,0.5442924843124509
Concrete,concrete,0.12,0.002,0.05,0,1,0.6839961897496392
Concrete,concrete,0.12,0.002,0.05,0,2,0.8289175470741598
Concrete,concrete,0.12,0.002,0.05,1,2,0.7899419062139506
Concrete,concrete,0.12,0.0017,0.05,0,1,0.5729600958534203
Concrete,concrete,0.12,0.0017,0.05,0,2,0.686772703529762
Concrete,concrete,0.12,0.0017,0.05,1,2,0.6856922980845452
Concrete,concrete,0.12,0.0014,0.05,0,1,0.7297346422117947
Concrete,concrete,0.12,0.0014,0.05,0,2,0.8483526909803492
Concrete,concrete,0.12,0.0014,0.05,1,2,0.7102807520902584
Concrete,concrete,0.12,0.0012,0.05,0,1,0.6502665868594514
Concrete,concrete,0.12,0.0012,0.05,0,2,0.7356101013196893
Concrete,concrete,0.12,0.0012,0.05,1,2,0.5866012567819872
Concrete,concrete,0.12,0.001,0.05,0,1,0.6519996678191864
Concrete,concrete,0.12,0.001,0.05,0,2,0.7997578256394811
Concrete,concrete,0.12,0.001,0.05,1,2,0.6644271357472842
L-Concrete,concrete,0.15,0.003,0.05,0,1,0.4341285149411423
L-Concrete,concrete,0.15,0.003,0.05,0,2,0.3388450582623539
L-Concrete,concrete,0.15,0.003,0.05,1,2,0.7783284950521645
L-Concrete,concrete,0.15,0.0023,0.05,0,1,0.8530385878909992
L-Concrete,concrete,0.15,0.0023,0.05,0,2,0.4651367399988225
L-Concrete,concrete,0.15,0.0023,0.05,1,2,0.5003764988699897
L-Concrete,concrete,0.15,0.0018,0.05,0,1,0.5702465190053878
L-Concrete,concrete,0.15,0.0018,0.05,0,2,0.4503115901336458
L-Concrete,concrete,0.15,0.0018,0.05,1,2,0.545567711511879
L-Concrete,concrete,0.15,0.0014,0.05,0,1,0.672126850894936
L-Concrete,concrete,0.15,0.0014,0.05,0,2,0.6307417387373143
L-Concrete,concrete,0.15,0.0014,0.05,1,2,0.5722480773757507
L-Concrete,concrete,0.15,0.0012,0.05,0,1,0.7023774971851444
L-Concrete,concrete,0.15,0.0012,0.05,0,2,0.7637414331871886
L-Concrete,concrete,0.15,0.0012,0.05,1,2,0.7072842129552963
L-Concrete,concrete,0.12,0.003,0.05,0,1,0.8363817611230595
L-Concrete,concrete,0.12,0.003,0.05,0,2,0.6839472927239736
L-Concrete,concrete,0.12,0.003,0.05,1,2,0.7767224474094978
L-Concrete,concrete,0.12,0.0023,0.05,0,1,0.5396455938892956
L-Concrete,concrete,0.12,0.0023,0.05,0,2,0.4639367228989564
L-Concrete,concrete,0.12,0.0023,0.05,1,2,0.4917246950007345
L-Concrete,concrete,0.12,0.0018,0.05,0,1,0.6770244173743909
L-Concrete,concrete,0.12,0.0018,0.05,0,2,0.7105156236287802
L-Concrete,concrete,0.12,0.0018,0.05,1,2,0.7647866824377314
L-Concrete,concrete,0.12,0.0014,0.05,0,1,0.471173282699573
L-Concrete,concrete,0.12,0.0014,0.05,0,2,0.4319154250819739
L-Concrete,concrete,0.12,0.0014,0.05,1,2,0.6993128657381924
L-Concrete,concrete,0.12,0.0012,0.05,0,1,0.5274004596131742
L-Concrete,concrete,0.12,0.0012,0.05,0,2,0.5893855893750733
L-Concrete,concrete,0.12,0.0012,0.05,1,2,0.5617734592718299
LSPIN,lspin_tf,0.2,0.0007,0.0,3,4,0.4167601954384838
LSPIN,lspin_tf,0.2,0.0007,0.0,3,5,0.7343963602224686
LSPIN,lspin_tf,0.2,0.0007,0.0,3,6,0.7699475616625067
LSPIN,lspin_tf,0.2,0.0007,0.0,3,7,0.6401626337334562
LSPIN,lspin_tf,0.2,0.0007,0.0,3,8,0.5443625806707005
LSPIN,lspin_tf,0.2,0.0007,0.0,3,9,0.5607161665364139
LSPIN,lspin_tf,0.2,0.0007,0.0,3,10,0.7444209282496108
LSPIN,lspin_tf,0.2,0.0007,0.0,3,11,0.6407497700527373
LSPIN,lspin_tf,0.2,0.0007,0.0,4,5,0.5281371084662086
LSPIN,lspin_tf,0.2,0.0007,0.0,4,6,0.5025578988581526
LSPIN,lspin_tf,0.2,0.0007,0.0,4,7,0.5038938476681443
LSPIN,lspin_tf,0.2,0.0007,0.0,4,8,0.5483811011777959
LSPIN,lspin_tf,0.2,0.0007,0.0,4,9,0.6286958828617822
LSPIN,lspin_tf,0.2,0.0007,0.0,4,10,0.594031449153432
LSPIN,lspin_tf,0.2,0.0007,0.0,4,11,0.586068792880771
LSPIN,lspin_tf,0.2,0.0007,0.0,5,6,0.7401734402557802
LSPIN,lspin_tf,0.2,0.0007,0.0,5,7,0.6836068749860266
LSPIN,lspin_tf,0.2,0.0007,0.0,5,8,0.7070655978598944
LSPIN,lspin_tf,0.2,0.0007,0.0,5,9,0.6311824204802188
LSPIN,lspin_tf,0.2,0.0007,0.0,5,10,0.7691710813260279
LSPIN,lspin_tf,0.2,0.0007,0.0,5,11,0.7296477128056201
LSPIN,lspin_tf,0.2,0.0007,0.0,6,7,0.7358107618109743
LSPIN,lspin_tf,0.2,0.0007,0.0,6,8,0.7106319056337946
LSPIN,lspin_tf,0.2,0.0007,0.0,6,9,0.6290511695103125
LSPIN,lspin_tf,0.2,0.0007,0.0,6,10,0.790484460252094
LSPIN,lspin_tf,0.2,0.0007,0.0,6,11,0.74559258446157
LSPIN,lspin_tf,0.2,0.0007,0.0,7,8,0.6766746878442971
LSPIN,lspin_tf,0.2,0.0007,0.0,7,9,0.7118425797291781
LSPIN,lspin_tf,0.2,0.0007,0.0,7,10,0.7383491367109302
LSPIN,lspin_tf,0.2,0.0007,0.0,7,11,0.744697718854002
LSPIN,lspin_tf,0.2,0.0007,0.0,8,9,0.5625029394885769
LSPIN,lspin_tf,0.2,0.0007,0.0,8,10,0.7043157373706989
LSPIN,lspin_tf,0.2,0.0007,0.0,8,11,0.7011220510120039
LSPIN,lspin_tf,0.2,0.0007,0.0,9,10,0.5938151377722666
LSPIN,lspin_tf,0.2,0.0007,0.0,9,11,0.7049232313607787
LSPIN,lspin_tf,0.2,0.0007,0.0,10,11,0.8067857820942483
Concrete,concrete,0.15,0.001,0.0,3,4,0.7453555985123745
Concrete,concrete,0.15,0.001,0.0,3,5,0.6920792639967209
Concrete,concrete,0.15,0.001,0.0,3,6,0.6702851955161222
Concrete,concrete,0.15,0.001,0.0,3,7,0.6671449668191954
Concrete,concrete,0.15,0.001,0.0,3,8,0.6574296364114918
Concrete,concrete,0.15,0.001,0.0,3,9,0.691562177902574
Concrete,concrete,0.15,0.001,0.0,3,10,0.6265195360529352
Concrete,concrete,0.15,0.001,0.0,3,11,0.6770303193733169
Concrete,concrete,0.15,0.001,0.0,4,5,0.840003262237654
Concrete,concrete,0.15,0.001,0.0,4,6,0.716446363524337
Concrete,concrete,0.15,0.001,0.0,4,7,0.7315081904250729
Concrete,concrete,0.15,0.001,0.0,4,8,0.7809952580694147
Concrete,concrete,0.15,0.001,0.0,4,9,0.7752384188489516
Concrete,concrete,0.15,0.001,0.0,4,10,0.7245871155905719
Concrete,concrete,0.15,0.001,0.0,4,11,0.7435062926202682
Concrete,concrete,0.15,0.001,0.0,5,6,0.7281211779676328
Concrete,concrete,0.15,0.001,0.0,5,7,0.655577084525505
Concrete,concrete,0.15,0.001,0.0,5,8,0.7347471951560004
Concrete,concrete,0.15,0.001,0.0,5,9,0.7529627725227054
Concrete,concrete,0.15,0.001,0.0,5,10,0.6931491536593565
Concrete,concrete,0.15,0.001,0.0,5,11,0.7211605941377385
Concrete,concrete,0.15,0.001,0.0,6,7,0.6964901708632341
Concrete,concrete,0.15,0.001,0.0,6,8,0.7453358045686064
Concrete,concrete,0.15,0.001,0.0,6,9,0.6100126732917235
Concrete,concrete,0.15,0.001,0.0,6,10,0.7200908824732419
Concrete,concrete,0.15,0.001,0.0,6,11,0.6786841005726247
Concrete,concrete,0.15,0.001,0.0,7,8,0.8425501455693374
Concrete,concrete,0.15,0.001,0.0,7,9,0.803910397345701
Concrete,concrete,0.15,0.001,0.0,7,10,0.7140087054419115
Concrete,concrete,0.15,0.001,0.0,7,11,0.6054025745923319
Concrete,concrete,0.15,0.001,0.0,8,9,0.8365696065356432
Concrete,concrete,0.15,0.001,0.0,8,10,0.7243250709799159
Concrete,concrete,0.15,0.001,0.0,8,11,0.7092206097208931
Concrete,concrete,0.15,0.001,0.0,9,10,0.6995953463269595
Concrete,concrete,0.15,0.001,0.0,9,11,0.7128776359491472
Concrete,concrete,0.15,0.001,0.0,10,11,0.6280244437541197
LSPIN,lspin_tf,0.2,0.0007,0.15,3,4,0.8777022867119357
LSPIN,lspin_tf,0.2,0.0007,0.15,3,5,0.8961002011579148
LSPIN,lspin_tf,0.2,0.0007,0.15,3,6,0.893659310168421
LSPIN,lspin_tf,0.2,0.0007,0.15,3,7,0.8291969588580624
LSPIN,lspin_tf,0.2,0.0007,0.15,3,8,0.8475724669123529
LSPIN,lspin_tf,0.2,0.0007,0.15,3,9,0.8784524257859276
LSPIN,lspin_tf,0.2,0.0007,0.15,3,10,0.8895103073012649
LSPIN,lspin_tf,0.2,0.0007,0.15,3,11,0.8851757746695819
LSPIN,lspin_tf,0.2,0.0007,0.15,4,5,0.8623179938319638
LSPIN,lspin_tf,0.2,0.0007,0.15,4,6,0.9091671748372646
LSPIN,lspin_tf,0.2,0.0007,0.15,4,7,0.7938991120823186
LSPIN,lspin_tf,0.2,0.0007,0.15,4,8,0.843101520292285
LSPIN,lspin_tf,0.2,0.0007,0.15,4,9,0.7943129110165407
LSPIN,lspin_tf,0.2,0.0007,0.15,4,10,0.8622570217678278
LSPIN,lspin_tf,0.2,0.0007,0.15,4,11,0.9147226401767912
LSPIN,lspin_tf,0.2,0.0007,0.15,5,6,0.8946969242510432
LSPIN,lspin_tf,0.2,0.0007,0.15,5,7,0.8795598162407404
LSPIN,lspin_tf,0.2,0.0007,0.15,5,8,0.85237663680502
LSPIN,lspin_tf,0.2,0.0007,0.15,5,9,0.9173389526083282
LSPIN,lspin_tf,0.2,0.0007,0.15,5,10,0.8494511348094734
LSPIN,lspin_tf,0.2,0.0007,0.15,5,11,0.8541714201079295
LSPIN,lspin_tf,0.2,0.0007,0.15,6,7,0.8476133190480619
LSPIN,lspin_tf,0.2,0.0007,0.15,6,8,0.90416804266435
LSPIN,lspin_tf,0.2,0.0007,0.15,6,9,0.8136286391312586
LSPIN,lspin_tf,0.2,0.0007,0.15,6,10,0.9231236371619028
LSPIN,lspin_tf,0.2,0.0007,0.15,6,11,0.8690537084381578
LSPIN,lspin_tf,0.2,0.0007,0.15,7,8,0.8026730263248185
LSPIN,lspin_tf,0.2,0.0007,0.15,7,9,0.8655337169879987
LSPIN,lspin_tf,0.2,0.0007,0.15,7,10,0.8314773114689237
LSPIN,lspin_tf,0.2,0.0007,0.15,7,11,0.7652636753009555
LSPIN,lspin_tf,0.2,0.0007,0.15,8,9,0.7667283442374451
LSPIN,lspin_tf,0.2,0.0007,0.15,8,10,0.8525298798340564
LSPIN,lspin_tf,0.2,0.0007,0.15,8,11,0.8787119143849357
LSPIN,lspin_tf,0.2,0.0007,0.15,9,10,0.7791850661286706
LSPIN,lspin_tf,0.2,0.0007,0.15,9,11,0.7737409579935804
LSPIN,lspin_tf,0.2,0.0007,0.15,10,11,0.8459144048997923
Concrete,concrete,0.12,0.001,0.05,3,4,0.551702084387637
Concrete,concrete,0.12,0.001,0.05,3,5,0.7751939882566863
Concrete,concrete,0.12,0.001,0.05,3,6,0.7165563216539077
Concrete,concrete,0.12,0.001,0.05,3,7,0.7195194254115692
Concrete,concrete,0.12,0.001,0.05,3,8,0.6034400852179004
Concrete,concrete,0.12,0.001,0.05,3,9,0.6463648581532659
Concrete,concrete,0.12,0.001,0.05,3,10,0.7152016341257424
Concrete,concrete,0.12,0.001,0.05,3,11,0.8134697021234432
Concrete,concrete,0.12,0.001,0.05,4,5,0.6289071120059644
Concrete,concrete,0.12,0.001,0.05,4,6,0.7861456046815278
Concrete,concrete,0.12,0.001,0.05,4,7,0.7614910454178662
Concrete,concrete,0.12,0.001,0.05,4,8,0.7912453646194587
Concrete,concrete,0.12,0.001,0.05,4,9,0.7795890870030845
Concrete,concrete,0.12,0.001,0.05,4,10,0.7416588115828057
Concrete,concrete,0.12,0.001,0.05,4,11,0.7083422280791287
Concrete,concrete,0.12,0.001,0.05,5,6,0.7223918753802052
Concrete,concrete,0.12,0.001,0.05,5,7,0.7748928027458599
Concrete,concrete,0.12,0.001,0.05,5,8,0.6517451866527167
Concrete,concrete,0.12,0.001,0.05,5,9,0.7115570040922073
Concrete,concrete,0.12,0.001,0.05,5,10,0.7150258000996502
Concrete,concrete,0.12,0.001,0.05,5,11,0.721120114356474
Concrete,concrete,0.12,0.001,0.05,6,7,0.8259140224006534
Concrete,concrete,0.12,0.001,0.05,6,8,0.8036389583080409
Concrete,concrete,0.12,0.001,0.05,6,9,0.8270278390530359
Concrete,concrete,0.12,0.001,0.05,6,10,0.7985780108990479
Concrete,concrete,0.12,0.001,0.05,6,11,0.8172976163158067
Concrete,concrete,0.12,0.001,0.05,7,8,0.8340423207820337
Concrete,concrete,0.12,0.001,0.05,7,9,0.8197592643922462
Concrete,concrete,0.12,0.001,0.05,7,10,0.7136627540488837
Concrete,concrete,0.12,0.001,0.05,7,11,0.8091589122960148
Concrete,concrete,0.12,0.001,0.05,8,9,0.8645339883305756
Concrete,concrete,0.12,0.001,0.05,8,10,0.7171760960647235
Concrete,concrete,0.12,0.001,0.05,8,11,0.7683199399213053
Concrete,concrete,0.12,0.001,0.05,9,10,0.7738621118788903
Concrete,concrete,0.12,0.001,0.05,9,11,0.7682781353134573
Concrete,concrete,0.12,0.001,0.05,10,11,0.8436636869248834
L-LSPIN,lspin_tf,0.17,0.0025,0.0,3,4,0.3249608006043609
L-LSPIN,lspin_tf,0.17,0.0025,0.0,3,5,0.3479093631140157
L-LSPIN,lspin_tf,0.17,0.0025,0.0,3,6,0.5805430551516845
L-LSPIN,lspin_tf,0.17,0.0025,0.0,3,7,0.4432425175117621
L-LSPIN,lspin_tf,0.17,0.0025,0.0,3,8,0.448882524510558
L-LSPIN,lspin_tf,0.17,0.0025,0.0,3,9,0.5536445992678765
L-LSPIN,lspin_tf,0.17,0.0025,0.0,3,10,0.4062198756892612
L-LSPIN,lspin_tf,0.17,0.0025,0.0,3,11,0.6283131572746481
L-LSPIN,lspin_tf,0.17,0.0025,0.0,4,5,0.680601411384872
L-LSPIN,lspin_tf,0.17,0.0025,0.0,4,6,0.6287315152362638
L-LSPIN,lspin_tf,0.17,0.0025,0.0,4,7,0.4917239800620343
L-LSPIN,lspin_tf,0.17,0.0025,0.0,4,8,0.6930091900951628
L-LSPIN,lspin_tf,0.17,0.0025,0.0,4,9,0.4684201331555948
L-LSPIN,lspin_tf,0.17,0.0025,0.0,4,10,0.5066313728550345
L-LSPIN,lspin_tf,0.17,0.0025,0.0,4,11,0.3574983900492344
L-LSPIN,lspin_tf,0.17,0.0025,0.0,5,6,0.780646554788924
L-LSPIN,lspin_tf,0.17,0.0025,0.0,5,7,0.578791779686464
L-LSPIN,lspin_tf,0.17,0.0025,0.0,5,8,0.6647606705245821
L-LSPIN,lspin_tf,0.17,0.0025,0.0,5,9,0.4398062564194848
L-LSPIN,lspin_tf,0.17,0.0025,0.0,5,10,0.5989126555035065
L-LSPIN,lspin_tf,0.17,0.0025,0.0,5,11,0.3434995378014107
L-LSPIN,lspin_tf,0.17,0.0025,0.0,6,7,0.6133931678664375
L-LSPIN,lspin_tf,0.17,0.0025,0.0,6,8,0.7164776363164609
L-LSPIN,lspin_tf,0.17,0.0025,0.0,6,9,0.5926601524644804
L-LSPIN,lspin_tf,0.17,0.0025,0.0,6,10,0.5338416347773173
L-LSPIN,lspin_tf,0.17,0.0025,0.0,6,11,0.5279939305301028
L-LSPIN,lspin_tf,0.17,0.0025,0.0,7,8,0.6192887114147508
L-LSPIN,lspin_tf,0.17,0.0025,0.0,7,9,0.5461594327061159
L-LSPIN,lspin_tf,0.17,0.0025,0.0,7,10,0.5171388942231997
L-LSPIN,lspin_tf,0.17,0.0025,0.0,7,11,0.4590075059561053
L-LSPIN,lspin_tf,0.17,0.0025,0.0,8,9,0.509521327212443
L-LSPIN,lspin_tf,0.17,0.0025,0.0,8,10,0.5386530224661853
L-LSPIN,lspin_tf,0.17,0.0025,0.0,8,11,0.3930400503056075
L-LSPIN,lspin_tf,0.17,0.0025,0.0,9,10,0.3461403070941438
L-LSPIN,lspin_tf,0.17,0.0025,0.0,9,11,0.4814021996288012
L-LSPIN,lspin_tf,0.17,0.0025,0.0,10,11,0.5016082050495925
L-Concrete,concrete,0.15,0.0023,0.0,3,4,0.6275744110154813
L-Concrete,concrete,0.15,0.0023,0.0,3,5,0.6109060923410617
L-Concrete,concrete,0.15,0.0023,0.0,3,6,0.5358526009938717
L-Concrete,concrete,0.15,0.0023,0.0,3,7,0.4929289767403037
L-Concrete,concrete,0.15,0.0023,0.0,3,8,0.5617374507851022
L-Concrete,concrete,0.15,0.0023,0.0,3,9,0.5101077716876175
L-Concrete,concrete,0.15,0.0023,0.0,3,10,0.6985155219440083
L-Concrete,concrete,0.15,0.0023,0.0,3,11,0.7200563028728023
L-Concrete,concrete,0.15,0.0023,0.0,4,5,0.558072323225204
L-Concrete,concrete,0.15,0.0023,0.0,4,6,0.587464630212786
L-Concrete,concrete,0.15,0.0023,0.0,4,7,0.4873881708876133
L-Concrete,concrete,0.15,0.0023,0.0,4,8,0.5733864600955629
L-Concrete,concrete,0.15,0.0023,0.0,4,9,0.504367580169645
L-Concrete,concrete,0.15,0.0023,0.0,4,10,0.606598893781709
L-Concrete,concrete,0.15,0.0023,0.0,4,11,0.7405657815239868
L-Concrete,concrete,0.15,0.0023,0.0,5,6,0.5600584842078582
L-Concrete,concrete,0.15,0.0023,0.0,5,7,0.4581513344362661
L-Concrete,concrete,0.15,0.0023,0.0,5,8,0.4144139770895116
L-Concrete,concrete,0.15,0.0023,0.0,5,9,0.6869313165221789
L-Concrete,concrete,0.15,0.0023,0.0,5,10,0.5530102498018293
L-Concrete,concrete,0.15,0.0023,0.0,5,11,0.694244543065711
L-Concrete,concrete,0.15,0.0023,0.0,6,7,0.4446026637835245
L-Concrete,concrete,0.15,0.0023,0.0,6,8,0.4869523592085594
L-Concrete,concrete,0.15,0.0023,0.0,6,9,0.4878987641514752
L-Concrete,concrete,0.15,0.0023,0.0,6,10,0.6384091197714992
L-Concrete,concrete,0.15,0.0023,0.0,6,11,0.72226550028199
L-Concrete,concrete,0.15,0.0023,0.0,7,8,0.6050296684294021
L-Concrete,concrete,0.15,0.0023,0.0,7,9,0.372241240097706
L-Concrete,concrete,0.15,0.0023,0.0,7,10,0.474505841733446
L-Concrete,concrete,0.15,0.0023,0.0,7,11,0.6482107798988185
L-Concrete,concrete,0.15,0.0023,0.0,8,9,0.5121139366984994
L-Concrete,concrete,0.15,0.0023,0.0,8,10,0.4826480097413363
L-Concrete,concrete,0.15,0.0023,0.0,8,11,0.5953146103864095
L-Concrete,concrete,0.15,0.0023,0.0,9,10,0.4983687749036839
L-Concrete,concrete,0.15,0.0023,0.0,9,11,0.5753341641241873
L-Concrete,concrete,0.15,0.0023,0.0,10,11,0.6924165046554442
L-LSPIN,lspin_tf,0.17,0.0025,0.15,3,4,0.6061554031932858
L-LSPIN,lspin_tf,0.17,0.0025,0.15,3,5,0.6834094961595296
L-LSPIN,lspin_tf,0.17,0.0025,0.15,3,6,0.5416945468472736
L-LSPIN,lspin_tf,0.17,0.0025,0.15,3,7,0.6609864588685366
L-LSPIN,lspin_tf,0.17,0.0025,0.15,3,8,0.6600910496197544
L-LSPIN,lspin_tf,0.17,0.0025,0.15,3,9,0.7521113224800202
L-LSPIN,lspin_tf,0.17,0.0025,0.15,3,10,0.6225866346037167
L-LSPIN,lspin_tf,0.17,0.0025,0.15,3,11,0.6758268738481985
L-LSPIN,lspin_tf,0.17,0.0025,0.15,4,5,0.670977555642374
L-LSPIN,lspin_tf,0.17,0.0025,0.15,4,6,0.6738098569539439
L-LSPIN,lspin_tf,0.17,0.0025,0.15,4,7,0.6128988359391889
L-LSPIN,lspin_tf,0.17,0.0025,0.15,4,8,0.7577870883607619
L-LSPIN,lspin_tf,0.17,0.0025,0.15,4,9,0.6236275070991333
L-LSPIN,lspin_tf,0.17,0.0025,0.15,4,10,0.6578096336226041
L-LSPIN,lspin_tf,0.17,0.0025,0.15,4,11,0.5756734573194647
L-LSPIN,lspin_tf,0.17,0.0025,0.15,5,6,0.6692046375843048
L-LSPIN,lspin_tf,0.17,0.0025,0.15,5,7,0.6507488686858904
L-LSPIN,lspin_tf,0.17,0.0025,0.15,5,8,0.7381531137693172
L-LSPIN,lspin_tf,0.17,0.0025,0.15,5,9,0.6145085491222795
L-LSPIN,lspin_tf,0.17,0.0025,0.15,5,10,0.6646276973615926
L-LSPIN,lspin_tf,0.17,0.0025,0.15,5,11,0.7158534056378247
L-LSPIN,lspin_tf,0.17,0.0025,0.15,6,7,0.7406200855076088
L-LSPIN,lspin_tf,0.17,0.0025,0.15,6,8,0.7736894572371431
L-LSPIN,lspin_tf,0.17,0.0025,0.15,6,9,0.4423174464693551
L-LSPIN,lspin_tf,0.17,0.0025,0.15,6,10,0.7387971790775162
L-LSPIN,lspin_tf,0.17,0.0025,0.15,6,11,0.4056466815771365
L-LSPIN,lspin_tf,0.17,0.0025,0.15,7,8,0.7175972093211314
L-LSPIN,lspin_tf,0.17,0.0025,0.15,7,9,0.5810608342313138
L-LSPIN,lspin_tf,0.17,0.0025,0.15,7,10,0.7430392969514767
L-LSPIN,lspin_tf,0.17,0.0025,0.15,7,11,0.5882006838882926
L-LSPIN,lspin_tf,0.17,0.0025,0.15,8,9,0.5204845208888912
L-LSPIN,lspin_tf,0.17,0.0025,0.15,8,10,0.8274517531241851
L-LSPIN,lspin_tf,0.17,0.0025,0.15,8,11,0.6128525821115155
L-LSPIN,lspin_tf,0.17,0.0025,0.15,9,10,0.5692815072659668
L-LSPIN,lspin_tf,0.17,0.0025,0.15,9,11,0.7450669313630675
L-LSPIN,lspin_tf,0.17,0.0025,0.15,10,11,0.6004740612210395
L-Concrete,concrete,0.12,0.0023,0.1,3,4,0.5720276718209217
L-Concrete,concrete,0.12,0.0023,0.1,3,5,0.7811790132906182
L-Concrete,concrete,0.12,0.0023,0.1,3,6,0.6750995737628507
L-Concrete,concrete,0.12,0.0023,0.1,3,7,0.6551658628102796
L-Concrete,concrete,0.12,0.0023,0.1,3,8,0.7916798905978937
L-Concrete,concrete,0.12,0.0023,0.1,3,9,0.7234164233092222
L-Concrete,concrete,0.12,0.0023,0.1,3,10,0.7779176690427899
L-Concrete,concrete,0.12,0.0023,0.1,3,11,0.5229613488421455
L-Concrete,concrete,0.12,0.0023,0.1,4,5,0.6668061662133179
L-Concrete,concrete,0.12,0.0023,0.1,4,6,0.5752795377180863
L-Concrete,concrete,0.12,0.0023,0.1,4,7,0.6036918147534024
L-Concrete,concrete,0.12,0.0023,0.1,4,8,0.6358441919633974
L-Concrete,concrete,0.12,0.0023,0.1,4,9,0.5360904585050306
L-Concrete,concrete,0.12,0.0023,0.1,4,10,0.6655284241052483
L-Concrete,concrete,0.12,0.0023,0.1,4,11,0.3859385541484011
L-Concrete,concrete,0.12,0.0023,0.1,5,6,0.7035462736277553
L-Concrete,concrete,0.12,0.0023,0.1,5,7,0.7008834030875184
L-Concrete,concrete,0.12,0.0023,0.1,5,8,0.6976652017177539
L-Concrete,concrete,0.12,0.0023,0.1,5,9,0.6726419009579786
L-Concrete,concrete,0.12,0.0023,0.1,5,10,0.7162521830651477
L-Concrete,concrete,0.12,0.0023,0.1,5,11,0.5729411513744042
L-Concrete,concrete,0.12,0.0023,0.1,6,7,0.5839314164454121
L-Concrete,concrete,0.12,0.0023,0.1,6,8,0.7658378504030959
L-Concrete,concrete,0.12,0.0023,0.1,6,9,0.7463881299451703
L-Concrete,concrete,0.12,0.0023,0.1,6,10,0.7324342583898645
L-Concrete,concrete,0.12,0.0023,0.1,6,11,0.5909176399304158
L-Concrete,concrete,0.12,0.0023,0.1,7,8,0.643927174983901
L-Concrete,concrete,0.12,0.0023,0.1,7,9,0.6101689153655938
L-Concrete,concrete,0.12,0.0023,0.1,7,10,0.5758722795027673
L-Concrete,concrete,0.12,0.0023,0.1,7,11,0.4381603945036034
L-Concrete,concrete,0.12,0.0023,0.1,8,9,0.8513090494932973
L-Concrete,concrete,0.12,0.0023,0.1,8,10,0.7679351642709319
L-Concrete,concrete,0.12,0.0023,0.1,8,11,0.4487447961900473
L-Concrete,concrete,0.12,0.0023,0.1,9,10,0.6485610391494486
L-Concrete,concrete,0.12,0.0023,0.1,9,11,0.4634569513490172
L-Concrete,concrete,0.12,0.0023,0.1,10,11,0.5165785556120496
