model_family,lambda_sample_smooth,lambda_sparse,mean_risk_corr,mean_top_risk_overlap_ratio,mean_top_risk_jaccard,mean_bottom_risk_overlap_ratio,mean_bottom_risk_jaccard,n_pairs,mean_Khard
Concrete,0.0,0.006,0.8949338132253501,3.976747411242603,0.6675348750694425,3.4430935650887577,0.5330840200452042,56,85.24734497070312
Concrete,0.0,0.004,0.9110832174690232,4.110160872781065,0.7040822662356533,3.4533561390532546,0.5344549700833923,56,120.23407363891602
Concrete,0.0,0.003,0.9206964167896169,4.031481139053255,0.6832165440832879,3.520062869822485,0.5490597872977148,56,178.69932556152344
Concrete,0.0,0.0025,0.9342704335454342,4.248705621301775,0.7451269911955618,3.80570451183432,0.6207400013385014,56,227.61293506622314
Concrete,0.0,0.002,0.9375160347712282,4.294887204142012,0.7602602147479296,3.795441937869822,0.617527039373921,56,280.1006278991699
Concrete,0.0,0.0015,0.9505271827732932,4.347910502958579,0.7754452953842197,3.8809633875739644,0.6411405715161803,56,382.088321685791
Concrete,0.0,0.001,0.9580962145406682,4.358173076923077,0.7797332483762976,3.9442492603550297,0.6607349072953602,56,533.5953254699707
Concrete,0.0,0.00075,0.9542027786913649,4.370146079881656,0.7825105882183356,3.8279400887573964,0.6282803116310961,56,805.3320465087891
Concrete,0.025,0.006,0.8873831894247918,3.879252958579882,0.6407196199719242,3.266919378698225,0.4903581485321906,56,79.60521292686462
Concrete,0.025,0.004,0.9170088965533832,4.046875,0.6860210397481522,3.319942677514793,0.5034760187483892,56,110.28257846832275
Concrete,0.025,0.003,0.9362047318495573,4.199103180473372,0.7308865677139041,3.393491124260355,0.5212029950335516,56,143.0815634727478
Concrete,0.025,0.0025,0.9380372382421996,4.14950073964497,0.7150536066404626,3.5474297337278107,0.5564315495071156,56,169.90516424179077
Concrete,0.025,0.002,0.9267409460117927,4.060558431952662,0.6896221116251634,3.4533561390532546,0.5354197979189131,56,200.3438720703125
Concrete,0.025,0.0015,0.9422050471091615,4.235022189349112,0.7412828080282122,3.7133413461538463,0.5973977620969375,56,296.85497283935547
Concrete,0.025,0.001,0.9503328001410368,4.282914201183432,0.7561954218931602,3.899778106508876,0.646516291593635,56,427.11848640441895
Concrete,0.025,0.00075,0.9592805434773102,4.320543639053254,0.7673526179950285,3.8621486686390534,0.6367565469137844,56,544.7309322357178
Concrete,0.05,0.006,0.8905348153032226,3.870700813609467,0.6385072431643818,3.2908653846153846,0.49741711413588074,56,79.53933429718018
Concrete,0.05,0.004,0.9281133112825913,4.147790310650888,0.7168374649316743,3.5337463017751483,0.5546700214442284,56,117.2039098739624
Concrete,0.05,0.003,0.9026248510193653,3.863859097633136,0.6363888503079467,3.395201553254438,0.5204989947828152,56,129.24348545074463
Concrete,0.05,0.0025,0.9237435626808658,4.103319156804734,0.7037213592790572,3.458487426035503,0.5368825768784765,56,155.63320446014404
Concrete,0.05,0.002,0.924990476519852,3.9750369822485205,0.6678014038232101,3.6261094674556213,0.5755975575845383,56,176.37934398651123
Concrete,0.05,0.0015,0.9478062310488851,4.216207470414201,0.7353599446744548,3.7834689349112423,0.6176724423301545,56,268.7606191635132
Concrete,0.05,0.001,0.9456795607793582,4.2812037721893486,0.7554254609397609,3.7304456360946747,0.6054807805726329,56,408.48238372802734
Concrete,0.05,0.00075,0.9477560297193609,4.258968195266272,0.7499456590262897,3.7937315088757395,0.6187460579677334,56,674.7555484771729
Concrete,0.1,0.006,0.8801940180874409,3.9134615384615388,0.6506063823501064,3.003513313609467,0.4397723099112704,56,73.53088760375977
Concrete,0.1,0.004,0.9098208650623872,4.000693417159764,0.6736958292908277,3.2429733727810652,0.4870386518847047,56,98.69377422332764
Concrete,0.1,0.0025,0.9228100731771113,4.005824704142012,0.674893212489783,3.3780972633136095,0.5163925977189744,56,140.20559930801392
Concrete,0.1,0.003,0.9245774560875596,4.108450443786983,0.7063900912789338,3.4311205621301775,0.5290614029653278,56,142.01858186721802
Concrete,0.1,0.002,0.9290762646584724,4.062268860946745,0.6920001463742127,3.427699704142012,0.5311245440575839,56,205.41819286346436
Concrete,0.1,0.0015,0.9302300735979924,4.091346153846154,0.7012767040919148,3.7013683431952664,0.5943491971335161,56,274.89406394958496
Concrete,0.1,0.001,0.9455350835281727,4.130686020710059,0.7108081912642337,3.8125462278106506,0.6232597654497561,56,469.19956970214844
Concrete,0.1,0.00075,0.9476154172416986,4.216207470414201,0.7357468955450469,3.8553069526627217,0.6355074109745684,56,578.0313701629639
L-Concrete,0.0,0.006,0.9278858614823756,4.075952292899408,0.6942138852543317,3.639792899408284,0.5774535114745613,56,62.641891956329346
L-Concrete,0.0,0.004,0.9349380974022735,4.152921597633136,0.716706154276549,3.7150517751479293,0.5963786758671371,56,119.94546270370483
L-Concrete,0.0,0.003,0.9392457365007526,4.139238165680473,0.7124540991041408,3.8022836538461537,0.6188144861203791,56,201.1949806213379
L-Concrete,0.0,0.0025,0.937643362522158,4.159763313609467,0.7182081770707117,3.8912259615384612,0.642142643142077,56,276.7717180252075
L-Concrete,0.0,0.002,0.9414575739405585,4.199103180473372,0.7301537300161377,3.906619822485207,0.6469974921178652,56,367.4112014770508
L-Concrete,0.0,0.0015,0.944113299328963,4.26409948224852,0.7500521593735344,3.901488535502959,0.6451942217888365,56,584.6833992004395
L-Concrete,0.0,0.001,0.9462841381651145,4.1717363165680466,0.7216012076393356,3.940828402366864,0.655891111000766,56,1122.4770736694336
L-Concrete,0.0,0.00075,0.9122222222740908,4.07082100591716,0.6933244917369288,3.638082470414201,0.5823514036645764,56,1829.7333602905273
L-Concrete,0.025,0.006,0.9217635391274177,4.062268860946745,0.6906929108720234,3.3866494082840233,0.516883012711498,56,55.015443563461304
L-Concrete,0.025,0.004,0.9398258464032815,4.17344674556213,0.7227986585976138,3.540588017751479,0.5531083402276151,56,108.68146800994873
L-Concrete,0.025,0.003,0.9406601414098111,4.154632026627218,0.7168478337445431,3.7082100591715976,0.5948998649531559,56,150.25192975997925
L-Concrete,0.025,0.0025,0.9394757505192872,4.200813609467455,0.7305722882667809,3.6945266272189348,0.5913781371142696,56,204.01447868347168
L-Concrete,0.025,0.002,0.9462098978561228,4.228180473372781,0.7385286758795726,3.747549926035503,0.6048762491698813,56,294.12427616119385
L-Concrete,0.025,0.0015,0.9467081896806929,4.2435743343195265,0.7434027384094994,3.9579326923076925,0.6610524090649952,56,422.4102325439453
L-Concrete,0.025,0.001,0.9411088333764687,4.110160872781065,0.7043912821352667,3.831360946745562,0.6275795602246896,56,756.0168876647949
L-Concrete,0.025,0.00075,0.9423875494736398,4.18541974852071,0.7261230709645694,3.833071375739645,0.6275326723358102,56,1137.0106315612793
L-Concrete,0.05,0.006,0.9308835460621715,4.168315458579881,0.7223246168380897,3.42085798816568,0.5259348707912158,56,58.678571701049805
L-Concrete,0.05,0.004,0.936353884925437,4.178578032544379,0.723695725088214,3.544008875739645,0.5543404372647481,56,96.51809930801392
L-Concrete,0.05,0.003,0.9340874228846567,4.062268860946745,0.6908119186439776,3.555981878698225,0.5569516380841725,56,141.67181539535522
L-Concrete,0.05,0.0025,0.9387902099550919,4.14950073964497,0.7153739000362931,3.73386649408284,0.6009257226036988,56,177.43750095367432
L-Concrete,0.05,0.002,0.937074879474458,4.111871301775148,0.7044860804118837,3.73386649408284,0.6011109844567366,56,247.20873546600342
L-Concrete,0.05,0.0015,0.9424681440394922,4.1375277366863905,0.7112821215314339,3.716762204142012,0.5976350277615409,56,388.8055019378662
L-Concrete,0.05,0.001,0.9424153798514541,4.18541974852071,0.7260541539862155,3.925434541420118,0.6519671110374731,56,604.4558410644531
L-Concrete,0.05,0.00075,0.928730116779934,4.156342455621301,0.718508150601144,3.7150517751479293,0.5979531689024116,56,1095.9990463256836
L-Concrete,0.1,0.006,0.9296603381380287,4.060558431952662,0.6895648671777861,3.4926960059171597,0.5428855097860972,56,53.13610076904297
L-Concrete,0.1,0.004,0.935972212171296,4.156342455621301,0.7180791930326841,3.555981878698225,0.5567840741731283,56,89.06780910491943
L-Concrete,0.1,0.003,0.9369335082915453,4.082794008875739,0.6963594732434883,3.6671597633136095,0.5841253105304164,56,119.63368654251099
L-Concrete,0.1,0.0025,0.9329283836200338,4.113581730769231,0.7046605431189076,3.6038738905325443,0.5683701470424252,56,155.4555983543396
L-Concrete,0.1,0.002,0.9296767459974787,4.108450443786983,0.7034506218852903,3.7047892011834316,0.5941881404527045,56,200.51665115356445
L-Concrete,0.1,0.0015,0.935837947405601,4.1717363165680466,0.7221330243814158,3.6945266272189348,0.5908286733559426,56,320.68894958496094
L-Concrete,0.1,0.001,0.9382379038836707,4.211076183431953,0.7340883360282806,3.841623520710059,0.6290486716985567,56,538.6032848358154
L-Concrete,0.1,0.00075,0.9253230438478403,4.183709319526627,0.7263515917750606,3.735576923076923,0.6028981889760142,56,945.1261978149414
L-LSPIN,0.0,0.028,0.7785401473658208,3.614136464497041,0.5706008336935712,2.721292529585799,0.3789676762264905,56,68.41119647026062
L-LSPIN,0.0,0.021,0.7744272783465341,3.2908653846153846,0.4965593931378958,2.7401072485207103,0.38165230593824395,56,79.64068484306335
L-LSPIN,0.0,0.014,0.7910677023695035,3.400332840236686,0.5237383830830654,2.924833579881657,0.4179485634308157,56,114.5591230392456
L-LSPIN,0.0,0.0105,0.7874325666263855,3.321653106508876,0.5030251740138971,2.876941568047337,0.4073867317847128,56,138.6918430328369
L-LSPIN,0.0,0.00875,0.8263797600728225,3.4653291420118344,0.5360473209095662,3.037721893491124,0.44016332171963773,56,172.4891414642334
L-LSPIN,0.0,0.007,0.8439066706865513,3.470460428994083,0.5372461545420402,3.177977071005917,0.4705644146619767,56,219.21380424499512
L-LSPIN,0.0,0.00525,0.8647521405536686,3.689395340236686,0.5910978255207963,3.3096801035502956,0.5001819981512134,56,302.73527908325195
L-LSPIN,0.0,0.0035,0.8965859824063217,3.8382026627218937,0.629540386686754,3.578217455621302,0.5621337447656948,56,490.0743236541748
L-LSPIN,0.025,0.028,0.7214042353765763,3.0650887573964494,0.44641087541824626,2.639191937869822,0.36249387252430276,56,136.26351356506348
L-LSPIN,0.025,0.021,0.7039559980511318,3.0873243343195265,0.4519559382295065,2.545118343195266,0.3460321560200592,56,169.36583042144775
L-LSPIN,0.025,0.014,0.7467642885765492,3.232710798816568,0.48459252693063604,2.748659393491124,0.3835707065112132,56,247.12306880950928
L-LSPIN,0.025,0.0105,0.7811678102573426,3.3045488165680474,0.4996556463691341,2.897466715976331,0.41284099015074577,56,359.3416938781738
L-LSPIN,0.025,0.00875,0.7878678674588938,3.1762666420118344,0.4710431436037368,3.16771449704142,0.46829197704605974,56,455.92688369750977
L-LSPIN,0.025,0.007,0.8412653185422458,3.4961168639053253,0.5430557181560589,3.2908653846153846,0.4966652137379504,56,700.5422248840332
L-LSPIN,0.025,0.00525,0.8735265962628264,3.747549926035503,0.6051302572268472,3.4242788461538463,0.5252972716179812,56,1131.015224456787
L-LSPIN,0.025,0.0035,0.9095256368989573,3.976747411242603,0.6671754245068618,3.615846893491124,0.5732721551120602,56,2045.3593292236328
L-LSPIN,0.05,0.028,0.6859783045319076,3.0240384615384612,0.4384215828878989,2.5194619082840233,0.3406109862637172,56,168.5562252998352
L-LSPIN,0.05,0.021,0.7310774108636188,3.0753513313609466,0.4486529889599547,2.8529955621301775,0.4036009078515487,56,219.4177131652832
L-LSPIN,0.05,0.014,0.7444627369762251,3.1369267751479293,0.4613988929716467,2.760632396449704,0.3851314899586617,56,359.9457035064697
L-LSPIN,0.05,0.0105,0.7832464619501419,3.2446838017751483,0.4865161931862931,3.1215329142011834,0.4585685506548231,56,595.277271270752
L-LSPIN,0.05,0.00875,0.8337933034987551,3.5234837278106506,0.5495707185172634,3.287444526627219,0.49453857979110183,56,930.6797676086426
L-LSPIN,0.05,0.007,0.9041881304324303,3.8929363905325443,0.643103799174381,3.5046690088757395,0.5466001178165486,56,1462.4896392822266
L-LSPIN,0.05,0.00525,0.9299206534715473,4.043454142011834,0.6846948144009133,3.737287352071006,0.6021413032284298,56,1827.5414962768555
L-LSPIN,0.05,0.0035,0.9207084619599516,4.019508136094674,0.6782276115647219,3.744129068047337,0.6046079204444974,56,2086.7893447875977
L-LSPIN,0.1,0.028,0.7108030508189449,3.0685096153846154,0.4470382577295221,2.7520802514792897,0.38324411692712157,56,205.86027812957764
L-LSPIN,0.1,0.021,0.7302141105602489,2.996671597633136,0.43207961322367167,2.815366124260355,0.3957957957512609,56,312.83397579193115
L-LSPIN,0.1,0.014,0.8081767569859405,3.396911982248521,0.5192507395760874,3.106139053254438,0.4550041539780107,56,610.5996704101562
L-LSPIN,0.1,0.0105,0.8959414582016629,3.88438424556213,0.641420249356928,3.5611131656804735,0.5577419371710769,56,1009.4961318969727
L-LSPIN,0.1,0.00875,0.9028833388776285,3.845044378698225,0.6306746783858792,3.6329511834319526,0.576495330662305,56,1248.7314224243164
L-LSPIN,0.1,0.007,0.928383264925222,4.069110576923077,0.6921253342538457,3.73386649408284,0.6011500343765491,56,1594.803810119629
L-LSPIN,0.1,0.00525,0.9256928951863113,4.0280602810650885,0.6806087044194652,3.6346616124260356,0.5763314059797675,56,1844.6944961547852
L-LSPIN,0.1,0.0035,0.9057757011845448,3.9955621301775146,0.6716346183611982,3.46875,0.5418286324397398,56,2136.6262130737305
LSPIN,0.0,0.028,0.7374357987354959,3.0206176035502956,0.43800797301089694,2.8512851331360944,0.40358078712885215,56,74.40612959861755
LSPIN,0.0,0.021,0.7731400538299356,3.1369267751479293,0.4626052848594649,2.9094397189349115,0.41492091226893535,56,93.34049224853516
LSPIN,0.0,0.014,0.8335436816683144,3.508089866863905,0.5460888659182859,3.0941660502958577,0.45309194555875193,56,145.78861093521118
LSPIN,0.0,0.0105,0.8347548871355267,3.4841438609467454,0.541295957260931,3.193370931952663,0.47328079395839057,56,175.76616764068604
LSPIN,0.0,0.00875,0.8801663509912174,3.663738905325444,0.5841963271170678,3.372965976331361,0.5143442891285678,56,224.1136589050293
LSPIN,0.0,0.007,0.8883780292007246,3.70992048816568,0.5961759928187034,3.4499352810650885,0.531325195484054,56,253.13175582885742
LSPIN,0.0,0.00525,0.8978442429020209,3.7817585059171597,0.6142844965581267,3.46875,0.5369818129439393,56,345.7688236236572
LSPIN,0.0,0.0035,0.9209297414269376,4.02292899408284,0.680001001910372,3.58334874260355,0.5635334024505626,56,461.0284767150879
LSPIN,0.025,0.028,0.7475127330736587,2.90259800295858,0.41404495417458,3.00522374260355,0.43358575309240693,56,174.97514724731445
LSPIN,0.025,0.021,0.8042067751614715,3.241262943786982,0.48480890628525497,3.2087647928994083,0.47729880688353166,56,221.3120174407959
LSPIN,0.025,0.014,0.8324024206375152,3.3302052514792897,0.5046262056168525,3.287444526627219,0.4953411904615822,56,319.38079166412354
LSPIN,0.025,0.0105,0.8662081090060115,3.4294101331360944,0.5276026687992557,3.414016272189349,0.5232708318438472,56,449.3515911102295
LSPIN,0.025,0.00875,0.8759274516067376,3.6996579142011834,0.5930325075325833,3.4721708579881656,0.538085769561503,56,558.6928119659424
LSPIN,0.025,0.007,0.9008313765254492,3.8484652366863905,0.6315501395000884,3.6021634615384612,0.568353941117203,56,742.7596549987793
LSPIN,0.025,0.00525,0.9253144423369267,3.9647744082840233,0.6655078637470027,3.8347818047337277,0.6277450775572021,56,1067.0287055969238
LSPIN,0.025,0.0035,0.9349005292176927,4.1717363165680466,0.7220776545767749,3.8604382396449703,0.6362134703048703,56,1460.311294555664
LSPIN,0.05,0.028,0.7494775026135195,2.9470691568047336,0.422394456045009,2.974436020710059,0.4266237905193632,56,215.4809341430664
LSPIN,0.05,0.021,0.7944484136435637,3.0274593195266273,0.43870322350119567,3.177977071005917,0.47154378741639874,56,300.1242742538452
LSPIN,0.05,0.014,0.8669662632109489,3.50466900887574,0.545506916518311,3.506379437869822,0.5453061199596612,56,448.58446311950684
LSPIN,0.05,0.0105,0.8955472562515391,3.6432137573964494,0.5788850146618716,3.6243990384615388,0.5744675319289447,56,643.5735969543457
LSPIN,0.05,0.00875,0.9014193354590653,3.76978550295858,0.6123254691248051,3.5936113165680474,0.5670392004319044,56,808.0260696411133
LSPIN,0.05,0.007,0.9399006518320743,4.093056582840236,0.6985620709050437,3.903198964497041,0.6457116799110086,56,1038.5526123046875
LSPIN,0.05,0.00525,0.935438801965524,4.164894600591716,0.720345704547521,3.8895155325443787,0.643154813571153,56,1260.114372253418
LSPIN,0.05,0.0035,0.9320474690560266,4.113581730769231,0.706733372045824,3.792021079881657,0.6192072013709079,56,1521.324562072754
LSPIN,0.1,0.028,0.7768244160934147,3.0565366124260356,0.4445302358741023,3.119822485207101,0.4577610002691978,56,271.9582576751709
LSPIN,0.1,0.021,0.8451015067805822,3.477302144970414,0.5385541993739885,3.3131009615384612,0.5000387845149651,56,333.492036819458
LSPIN,0.1,0.014,0.8666880971883256,3.562823594674556,0.5604038369987919,3.3182322485207103,0.5029008669945646,56,509.0094108581543
LSPIN,0.1,0.0105,0.9026896751055679,3.7629437869822486,0.6087941672187184,3.6740014792899407,0.5866024386738793,56,680.4959030151367
LSPIN,0.1,0.00875,0.9192208013584245,3.9356971153846154,0.6552379194926939,3.7766272189349115,0.6125442665978563,56,832.2425270080566
LSPIN,0.1,0.007,0.9249564817611845,4.0297707100591715,0.6818697842527348,3.809125369822485,0.6224899254456299,56,1013.3404922485352
LSPIN,0.1,0.00525,0.9344975700307395,4.081083579881656,0.6964685659609609,3.843333949704142,0.6303252543647629,56,1243.4922790527344
LSPIN,0.1,0.0035,0.9282508399874904,4.132396449704141,0.7114238944784413,3.8364922337278107,0.6297044490199336,56,1539.445930480957
