model_family,lambda_sample_smooth,lambda_sparse,mean_Khard,std_Khard,mean_test_c,std_test_c,mean_manifold_alignment,std_manifold_alignment,mean_gene_union_count,mean_gene_freq_ge_threshold_count,mean_effective_gene_count,n_runs,mean_affinity_corr,mean_risk_corr,mean_top_risk_overlap_ratio,mean_cluster_ari,mean_cluster_nmi
Concrete,0.0,0.0066,78.83520889282227,8.98089576286894,0.5886466011466012,0.03114344529595112,0.9062000905146894,0.015520921246674329,4910.6875,315.1875,1442.0181667556103,16,0.8467546051567314,0.5732576300826169,2.4710524421408775,0.5723552954652105,0.5513030205117366
Concrete,0.0,0.0055,98.1430869102478,12.33415123717933,0.5911752661752662,0.03571939786703428,0.924634882597187,0.012501525892835598,5424.0625,407.3125,1605.1015584046743,16,0.860946307845601,0.5522505796649496,2.389896699420509,0.45546750462845803,0.49735057575355707
Concrete,0.0,0.0044,126.00623035430908,15.57373208022053,0.5909602784602784,0.036322501654613974,0.93949314862309,0.008104418873862096,6268.8125,548.5,1932.461871038569,16,0.8865065923998869,0.6292046544114116,2.6417593492423426,0.5092851527235752,0.5465120045130749
Concrete,0.0,0.0033,190.42725086212158,40.284327987057495,0.6211711711711712,0.034779497628828676,0.955270506691383,0.008979292973444051,7500.9375,845.875,2296.6520759494488,16,0.8770927783585837,0.6517140455890872,2.7103219594716195,0.46584255266213204,0.49789057715641444
Concrete,0.0,0.00275,233.16338443756104,40.420899896334504,0.6036957411957412,0.0238968641308051,0.9583596985664172,0.010756871256161456,8398.0,1056.0,2614.9450923141776,16,0.8927045382475683,0.6875815630706433,2.678139509772163,0.5407887642467075,0.5528190735679416
Concrete,0.0,0.0022,311.8420400619507,46.674296420678935,0.6203214578214579,0.022840538922066063,0.9720357488488591,0.006284516275814529,9627.375,1505.0,3312.430580476129,16,0.8970317457190042,0.7174805726458017,2.8950212360076306,0.5345855900603625,0.5497882718708395
Concrete,0.0,0.00165,447.5184860229492,89.28225455328689,0.6246416871416871,0.028511830785529657,0.9796876800938223,0.004811207674755917,11073.75,2176.8125,3922.55036061764,16,0.9188243816287629,0.7490641106625796,3.0419411150703666,0.5740450981437294,0.5776842006200161
Concrete,0.0,0.0011,641.5948505401611,130.42855486587027,0.6177006552006552,0.025748529135998042,0.9861166506955946,0.004032368495202033,12928.8125,3132.1875,4887.713206403147,16,0.9106637913283663,0.8010667778281668,3.205651837454559,0.5796587742074967,0.5609151921983835
Concrete,0.1,0.0066,95.46623706817627,18.420280879818154,0.5773546273546274,0.04787422333573912,0.8588459248020311,0.021659155171349705,4695.8125,151.0625,496.7827625674586,16,0.9016996740181208,0.5241227309490663,2.46265702048015,0.7952142920352816,0.7058515592288784
Concrete,0.1,0.0055,114.40273332595825,18.055850378404845,0.5957719082719083,0.04111574309864133,0.8852684410165362,0.019874790628902524,4248.125,193.125,436.66314082841006,16,0.8694047062324535,0.5222656978312806,2.252771478961955,0.6304976422579011,0.6047470161359055
Concrete,0.1,0.0044,164.44353008270264,22.989413817470066,0.5986895986895987,0.028098039021803727,0.9126456869967443,0.01931900757270229,4857.75,277.875,515.4789578175526,16,0.9010987820347225,0.595185301439087,2.6263677428643417,0.649017893111071,0.6298093149689119
Concrete,0.1,0.0033,240.6376609802246,18.031649587375437,0.613585176085176,0.027686877584807493,0.9341305259869604,0.006264710770875015,5309.75,385.6875,573.0793175182448,16,0.9125575663555731,0.6653412400733295,2.666945614224526,0.6971699355118807,0.6623524366254081
Concrete,0.1,0.00275,304.30707359313965,32.548855476416,0.6026822276822277,0.03500696669076327,0.9447306645128035,0.00956472184114799,4407.75,510.4375,600.4762071648803,16,0.9014839430866718,0.6831299496291593,2.6893334053198,0.6607029705435553,0.6198547926395973
Concrete,0.1,0.0022,415.44192123413086,35.83751600616868,0.6143427518427518,0.029186166037186607,0.9591351187786927,0.005313921800380289,5263.75,686.4375,777.0391558136965,16,0.8781904960836153,0.7009326768131209,2.805470071626534,0.6457406484069868,0.59932857717763
Concrete,0.1,0.00165,582.3484687805176,43.60995201949136,0.6186015561015561,0.020438424844211985,0.9696162981052491,0.005046174167514945,4963.25,905.625,928.9099621086632,16,0.9094182977294951,0.7294173014114745,2.932800633480906,0.7117761048943473,0.6566500185772112
Concrete,0.1,0.0011,1002.6463088989258,72.65634895228713,0.6169226044226044,0.020336014627971445,0.9820820519688077,0.00334892512724725,5700.0625,1626.875,1521.2920563802168,16,0.9114968312661204,0.7850022862680249,3.0419411150703666,0.661849911030794,0.6425071933507446
Concrete,0.2,0.0066,106.3374195098877,19.182034629429417,0.5843366093366094,0.040034756102014527,0.8589778483807742,0.028578687666302702,3923.9375,151.0625,376.29823924157324,16,0.8943350073380615,0.49825146052367336,2.2625661375661377,0.6847375314184976,0.6405436988480453
Concrete,0.2,0.0055,121.90815877914429,18.07849850304208,0.5871212121212122,0.03036850177622989,0.8816343303618339,0.018270826772710653,4046.5,173.9375,372.956788073287,16,0.8785230674466747,0.48658063869767926,2.16042184069395,0.6954337387004869,0.6419173646172425
Concrete,0.2,0.0044,166.18509006500244,24.856748187119376,0.6024979524979525,0.03165606446385639,0.9053858049112479,0.021768485556306724,4491.3125,244.8125,443.9884386226023,16,0.8884905486470768,0.5677664443302379,2.424877623006875,0.7407271925498241,0.6761755977044911
Concrete,0.2,0.0033,242.43971347808838,24.635357653434145,0.6079954954954955,0.027141195753223123,0.9349919727847772,0.011216511808045159,4405.1875,369.5625,490.21354105569293,16,0.9092093697632082,0.6604461630339967,2.7005273008674373,0.6871947042867277,0.6462994477614161
Concrete,0.2,0.00275,318.36937522888184,32.027340248529164,0.6152231777231777,0.028559626426096805,0.9484282002166805,0.011532605327896522,4184.375,492.75,572.3478075068754,16,0.9072580957442872,0.653621171944305,2.7634929633228955,0.6859636505056866,0.6362144406426491
Concrete,0.2,0.0022,423.00764083862305,47.0412992429177,0.607022932022932,0.02858857242546624,0.9595111127608666,0.010411101323901401,4364.375,689.75,737.6151848050929,16,0.9083679547142376,0.7026564535026459,2.9635838462369075,0.7127517379478611,0.66385741765828
Concrete,0.2,0.00165,594.6953392028809,57.818765458726695,0.6269963144963145,0.021888116747800158,0.9691132547991552,0.0054635407294545465,4830.5,909.8125,922.8351265747924,16,0.9246804850155703,0.7368464789247977,2.97337850484109,0.6943531026390237,0.6542687432267045
Concrete,0.2,0.0011,1013.543212890625,83.04792446011366,0.6244369369369369,0.020079363089992218,0.9824463763299665,0.0037502915556099346,5584.25,1700.0,1566.7500492880786,16,0.9541707768683148,0.8124461081658868,3.2686174999100173,0.7299000891093168,0.6969366798405885
Concrete,0.4,0.0066,96.36133527755737,13.773784547445974,0.5815110565110565,0.03655863460322596,0.8485308151417819,0.027615562420366845,3063.375,129.0,276.098318625814,16,0.8923964977002468,0.42360515765304557,2.0806653349170356,0.6886939523973973,0.6461356357319177
Concrete,0.4,0.0055,135.35088396072388,16.61281882006651,0.5774979524979524,0.032489071895647134,0.8824535016264173,0.014373964433763209,4189.0,177.875,348.9949078045543,16,0.9293084829803773,0.5152917938717946,2.3087409567001407,0.7351087291410641,0.7029008285347124
Concrete,0.4,0.0044,174.38203477859497,21.127627556307427,0.5993959868959868,0.03963588147735749,0.912677488494633,0.018320434265133422,4196.9375,259.25,415.9487489191131,16,0.9220136211184989,0.5917515908192984,2.658550192563798,0.7844379155149853,0.7135467506844247
Concrete,0.4,0.0033,251.04743194580078,21.478148963249943,0.6022829647829648,0.029967072838976302,0.9357172810737475,0.008484544097329029,4624.75,359.1875,487.51787080262807,16,0.9123305866314935,0.6027841827021275,2.485044811575424,0.7387875217312002,0.682406814150469
Concrete,0.4,0.00275,330.74437141418457,42.71327483539614,0.6072072072072072,0.031117777774500862,0.9509188717666603,0.010672886296666077,4662.125,514.0625,623.7590539646036,16,0.8787527017221642,0.6444800734126873,2.669744088111435,0.67845243906908,0.6305671063202521
Concrete,0.4,0.0022,416.13464736938477,41.27126711330455,0.6292690417690417,0.02863788543678886,0.9571096872789113,0.009932343296197238,4693.0,635.9375,710.9198248552626,16,0.8808861544036072,0.703573007859937,2.8348540474390815,0.7270168288878944,0.6572575675579987
Concrete,0.4,0.00165,629.8084831237793,48.54975924248963,0.6161855036855037,0.020581212473483934,0.9733057336809625,0.005344697173008323,4842.0,1030.75,1008.2018392271846,16,0.9290147569174503,0.7113188264677556,2.82226091494799,0.6597176157724005,0.6448084734134117
Concrete,0.4,0.0011,958.1868934631348,71.92985375434577,0.6228603603603604,0.0230033576155068,0.9801925024758638,0.00331707650646828,5112.5,1535.9375,1436.0360518956954,16,0.906547706617647,0.7958113807746773,3.1846632833027395,0.7595827124303511,0.7007330620692954
L-Concrete,0.0,0.0066,76.3112940788269,10.303271435543738,0.6026208026208026,0.0299114826850275,0.8946409635827686,0.013245506628086498,4454.4375,330.375,1631.336976517236,16,0.8058837676774351,0.7155130740395074,3.058731958391822,0.5516261901678152,0.5200192280507931
L-Concrete,0.0,0.0055,86.05868101119995,13.868450191322195,0.6025389025389025,0.02109434086360577,0.9128439208747239,0.014255639078173395,4545.1875,388.8125,1666.72406402032,16,0.8174214707951416,0.7407553716644714,3.155279307490192,0.5444067237908385,0.5290264780561608
L-Concrete,0.0,0.0044,113.98472619056702,32.65112556179959,0.5990990990990991,0.03192812131887567,0.9269213408053512,0.014907156261796428,5055.25,535.875,1802.9458068624826,16,0.8211099252904249,0.7395451180386893,3.027948745635821,0.527623914355285,0.5328554006212579
L-Concrete,0.0,0.0033,176.18609285354614,37.40031885472499,0.6107289107289108,0.03351059391127951,0.9438105321786384,0.011748225832744975,6254.8125,798.625,2017.6271474093737,16,0.8673689232684743,0.7594617343643238,3.2994007126660185,0.4810895601459241,0.5122661093939099
L-Concrete,0.0,0.00275,195.69955825805664,46.18488581862307,0.6149570024570025,0.02690332921874211,0.9489730286067515,0.012554833443940629,6212.8125,904.9375,2003.21749374999,16,0.8556758118202168,0.7774114124602514,3.166473203037829,0.48329424931598136,0.5170780281600794
L-Concrete,0.0,0.0022,244.89831161499023,60.07822696357193,0.6225839475839476,0.027556483117712333,0.9577956716820631,0.00879714209771347,6755.25,1110.5625,2166.8918792596655,16,0.8788093289438874,0.7859219629093117,3.2140472591152864,0.47417261413116873,0.49547019149467747
L-Concrete,0.0,0.00165,310.57275390625,65.09155355465188,0.6369881244881245,0.0202502955600907,0.9647853374373633,0.006177937080975045,7058.0625,1340.625,2170.967559670312,16,0.9008978175925366,0.7879845560885081,3.2770129215707446,0.5110902692025286,0.5151615498561792
L-Concrete,0.0,0.0011,561.2087993621826,138.21025896053507,0.6333128583128583,0.020302929538258352,0.9758504016424481,0.005909329064319011,8639.8125,2237.0,2784.2994289472267,16,0.9005807653942313,0.8126066514352867,3.4295297484072997,0.4670757813103782,0.4777102233237659
L-Concrete,0.1,0.0066,138.72447729110718,21.216529601602833,0.619441031941032,0.023541430260708925,0.8687572527435068,0.02085047777070478,2561.1875,203.375,270.7138494013352,16,0.8924422871394667,0.6277305643909096,2.548010474030882,0.7012800217907429,0.6614231535645795
L-Concrete,0.1,0.0055,239.17102146148682,29.72983896409527,0.6327805077805078,0.02239173801573612,0.9147166615688396,0.012043013958038305,3244.9375,321.625,385.39907461422666,16,0.903649890540782,0.6768962113471553,2.829257099665263,0.7259920421881295,0.7001555489563519
L-Concrete,0.1,0.0044,392.3896656036377,35.89240984984744,0.6278153153153153,0.02454789931103307,0.9409462524366714,0.007728827045044747,3305.6875,498.875,540.5320450336308,16,0.890350316880097,0.7117363175541376,2.792876939135443,0.7560265222721146,0.6953626546199351
L-Concrete,0.1,0.0033,660.6354522705078,44.42801143966356,0.6261466011466011,0.014205529266729976,0.9633911198435536,0.006005541799156287,3177.8125,814.75,818.302554014915,16,0.8834258464958559,0.7748081550042196,2.9509907137458162,0.6865139895876771,0.6815816753467651
L-Concrete,0.1,0.00275,891.2504005432129,85.9667988332227,0.6318181818181818,0.018007839678436055,0.9737806061502502,0.0054239127020465445,3230.5625,1080.4375,1064.2140732285516,16,0.9075190037426698,0.7920133064737307,3.075522801713278,0.7306841628187025,0.7166943444440422
L-Concrete,0.1,0.0022,1232.676254272461,104.5824074312483,0.6532350532350533,0.01888931481817356,0.9803849609456183,0.0023452538564466383,3124.625,1481.0,1417.6893634990513,16,0.9427287962263525,0.8244564267364496,3.2686174999100173,0.6896330067779761,0.694956541779365
L-Concrete,0.1,0.00165,1990.5944442749023,237.71316372288138,0.6451781326781327,0.017677998770264377,0.9877414424932226,0.0026486193421203868,3554.375,2330.0625,2214.1076609894976,16,0.9351196557734726,0.8533323188414285,3.4491190656156645,0.7472065807565158,0.7258838044523329
L-Concrete,0.1,0.0011,3355.421829223633,224.75894992087515,0.6542383292383293,0.016150272524027093,0.9937666673581005,0.0011396202208386896,5217.375,3933.75,3696.2921154807677,16,0.9738702254489224,0.8800157828932542,3.5288755713925783,0.768183089729282,0.7476755526443551
L-Concrete,0.2,0.0066,212.81832885742188,21.903229585358453,0.6176187551187551,0.032415660294794445,0.9093634646404504,0.011778877039450032,2608.5,265.3125,318.82463546642896,16,0.8732536544499975,0.6382426674123548,2.654352481733434,0.8123714413487749,0.7355574840080246
L-Concrete,0.2,0.0055,298.0227117538452,38.281546242718804,0.6279176904176904,0.019591482800505766,0.9280237143405691,0.00918619293692673,2796.625,360.6875,410.6455327977248,16,0.8465439752284302,0.665829513141123,2.7508998308318033,0.7419833646994245,0.6908802453474857
L-Concrete,0.2,0.0044,470.00904083251953,38.640376220893316,0.6147317772317772,0.02812542898185234,0.9545385763274318,0.006701960256950706,2818.4375,565.0625,593.459821760115,16,0.9174203102484778,0.7171969550540211,2.9314013965374515,0.851927598449396,0.7682485703667167
L-Concrete,0.2,0.0033,762.6195755004883,86.84134114608996,0.6317260442260443,0.023850242738011868,0.9699608925263716,0.004598027107674666,2897.8125,906.6875,901.5361603986264,16,0.9111663099512298,0.7638789906015454,3.0447395889572766,0.7349954900305172,0.7105144570367095
L-Concrete,0.2,0.00275,1005.141674041748,96.71811571538029,0.6377149877149877,0.03149098087076299,0.9768816590701174,0.002816106246453862,2846.9375,1201.5,1163.995391777207,16,0.9222134661477445,0.8050297941646564,3.170670913868193,0.6791626082748206,0.6727203808026412
L-Concrete,0.2,0.0022,1396.127815246582,101.48481356511067,0.6523751023751023,0.022008265430583353,0.9840638227308864,0.0024429005938831063,2909.25,1657.3125,1576.7939125626833,16,0.9342659066492599,0.8223232322863134,3.180465572472375,0.7025563790463986,0.7034491470785368
L-Concrete,0.2,0.00165,2040.5146713256836,143.70115689679778,0.6518427518427519,0.023615113792709974,0.9893925895583603,0.0016350665590114531,4025.5625,2464.5,2315.8135891015354,16,0.9581452971184821,0.849466859641448,3.265819026023108,0.725592991396131,0.7241582387190272
L-Concrete,0.2,0.0011,3465.2393493652344,285.86805455156775,0.6626740376740377,0.02166887968239762,0.9939205284444514,0.001189720495347692,5036.375,4087.9375,3822.9583200632046,16,0.983834092869483,0.8844725930407789,3.542867940827125,0.730637233758179,0.742697211656054
L-Concrete,0.4,0.0066,250.18368244171143,39.403091003989765,0.6322072072072072,0.03511940068716115,0.9171455149235009,0.01635760150275994,2331.6875,301.75,343.0671286474342,16,0.8390199150730967,0.6094799144880504,2.5662005542957926,0.7768949059984348,0.694362947375364
L-Concrete,0.4,0.0055,308.7751216888428,40.76120533441811,0.6218673218673219,0.037314957205210206,0.9295926248557767,0.01107652150358388,2238.0625,360.125,391.16460261234636,16,0.8634986755502165,0.6582855267271801,2.686534931432891,0.732058734696278,0.683798930731962
L-Concrete,0.4,0.0044,477.7566318511963,44.94169021200739,0.6379606879606879,0.03210675419207458,0.953728620893514,0.006531609466103519,2634.9375,552.75,578.0345951260921,16,0.8562387396617009,0.7076538944166736,2.7886792283050785,0.7958126711071368,0.7196236027813775
L-Concrete,0.4,0.0033,733.4260444641113,55.84826984887442,0.6305384930384931,0.021602003753243924,0.9690921805336153,0.0036895218587030447,2948.9375,834.625,846.1463761519692,16,0.8020557451095386,0.7613788620772608,2.970580030954181,0.7328723744518106,0.702231495772497
L-Concrete,0.4,0.00275,1041.47709274292,103.88370098684679,0.6393222768222768,0.0261664609479611,0.9785109480637876,0.002715079297658049,2650.0625,1255.6875,1199.6648617752676,16,0.8983419031893013,0.7841909594429671,3.08811593420437,0.7014415804443496,0.7045817310757228
L-Concrete,0.4,0.0022,1363.4007263183594,106.82850612544777,0.6417280917280918,0.015734424673561863,0.983149963400804,0.002523289248299929,3086.9375,1620.75,1545.3121201473682,16,0.9106141869167835,0.8184147033819944,3.1832640463592847,0.6851338869422484,0.6821676861681405
L-Concrete,0.4,0.00165,2065.9585876464844,153.04279198309314,0.635954135954136,0.018175176421530156,0.9890404230185977,0.002135593889737311,3710.8125,2487.4375,2328.213294005235,16,0.9576086640391244,0.85295787588217,3.3693625598387507,0.7331698550326282,0.7335899246921794
L-Concrete,0.4,0.0011,3336.458999633789,401.67834891399684,0.6602067977067977,0.019814265967942855,0.9936195187963804,0.0014149662609437169,5265.5625,4022.125,3733.3196823478465,16,0.9559304003111132,0.8826768041394368,3.4827007522585753,0.7660056045463813,0.7508227815268451
L-LSPIN,0.0,0.028,56.51085186004639,11.329787569256212,0.5659193284193285,0.05269094137859308,0.8452004503265247,0.02747075309996796,1478.9375,127.75,173.78345656882138,16,0.6832527942090257,0.33758143323608764,1.8609851347946587,0.34842532811906957,0.40430131744867065
L-LSPIN,0.0,0.021,63.45076394081116,9.43085478323696,0.5617936117936118,0.06259305584686982,0.8696851252448841,0.014017279619998132,1530.0625,169.1875,220.02046990676675,16,0.7057631550090228,0.3483384073097316,1.9407416405715725,0.3629035559461995,0.4052466238967403
L-LSPIN,0.0,0.014,85.38163232803345,11.304498324935274,0.6074529074529075,0.03920661083576506,0.8961422694885628,0.011800009321383012,2088.25,244.3125,329.00424600929836,16,0.7563674873317366,0.4870505748075433,2.261166900622683,0.3993331984937437,0.44420260795096517
L-LSPIN,0.0,0.0105,93.7319130897522,16.53029321757815,0.5931613431613432,0.03548757420222727,0.9118182805231783,0.011090787241585229,2135.625,313.5625,412.6494203499367,16,0.7899744795006475,0.5158077565195799,2.2821554547745024,0.3669123253353285,0.41495147321986015
L-LSPIN,0.0,0.00875,117.77632570266724,17.545104675749947,0.6194615069615069,0.03498684683351987,0.9234500392733993,0.010421100427993856,2510.4375,386.625,495.7342117616313,16,0.8047379949225382,0.5401146730832422,2.3563150127775976,0.38722942119137427,0.43083801354096546
L-LSPIN,0.0,0.007,132.020498752594,17.126302580872796,0.5954033579033579,0.0373661872262745,0.9322900636816597,0.007840616007647867,2574.3125,457.4375,566.5114473057854,16,0.8046079192045579,0.5466743999854695,2.3731058560990532,0.3413325611632346,0.39967437073126666
L-LSPIN,0.0,0.00525,180.56712341308594,38.61939531133408,0.6056818181818182,0.03559789831242796,0.944478188820026,0.008265349130606725,3342.875,629.0625,778.0227818034591,16,0.8436896493467276,0.6041900254169849,2.6641471403376165,0.4210244187842741,0.458384693326483
L-LSPIN,0.0,0.0035,268.1577568054199,39.58274114002964,0.6310913185913186,0.025701926015064328,0.9585275056693662,0.006480575512646966,4414.0,969.9375,1150.4391315542243,16,0.8483419110888989,0.6530657503765804,2.738306698340712,0.38294588792545126,0.4455199934171957
L-LSPIN,0.1,0.028,171.74758911132812,25.098112444394737,0.6064291564291564,0.042912537685692025,0.8974220451998666,0.011252586348880832,1238.125,207.625,217.16739956380536,16,0.6936817282310554,0.3836706641996564,1.833000395925566,0.4597389438760396,0.47823814377029794
L-LSPIN,0.1,0.021,216.39489459991455,23.568596861669047,0.5818796068796068,0.04490916890483378,0.9197343322494678,0.01162626498284854,1128.5,273.0,266.46767065853277,16,0.8170253416720655,0.39790032927154456,1.9295477450239356,0.4660751516499663,0.487743943454535
L-LSPIN,0.1,0.014,328.153133392334,28.765744558274623,0.6033783783783784,0.04319850079034082,0.9447268500346897,0.005142720923869892,1942.0625,428.0,422.9279908143929,16,0.8775413528707618,0.5054962515267095,2.2485737681315916,0.5626240739074493,0.5677316287914692
L-LSPIN,0.1,0.0105,462.9875373840332,32.82784279318307,0.6220823095823096,0.023915064658715925,0.9598067259024722,0.005206769962710771,2191.125,623.75,593.8901972969198,16,0.9162679227754162,0.5888236095673057,2.4150829644026923,0.6097345877074379,0.6272060068404953
L-LSPIN,0.1,0.00875,609.5327568054199,68.31902048344686,0.613462325962326,0.020428029615282776,0.9708825278338692,0.0038439642671895917,2540.375,855.5625,795.0441809162921,16,0.9147963239319763,0.5907044164101627,2.40528830579851,0.6277352406730252,0.6415206458925765
L-LSPIN,0.1,0.007,893.1505241394043,95.78696185021496,0.6429873054873054,0.03137680214752518,0.9798437204385231,0.0028604961957368583,2844.375,1277.75,1155.907175539156,16,0.9289134027988075,0.6761031952979701,2.669744088111435,0.7476406356950439,0.718160191947785
L-LSPIN,0.1,0.00525,1947.9381256103516,222.49900947052467,0.6610769860769861,0.018044392876954963,0.9928307975467764,0.0011737906838326735,4234.8125,3121.4375,2692.2857712607506,16,0.9413839414891261,0.7883793808196333,3.090914408091279,0.8658504842325986,0.8148664361100596
L-LSPIN,0.1,0.0035,3912.747833251953,335.1804437476783,0.6736384111384112,0.023921103499051043,0.9974906936718758,0.00037214331259966747,7703.5625,7038.625,5807.907240985325,16,0.9765876320084946,0.8470410459752428,3.401545009538207,0.7900081762617234,0.8092891937338474
L-LSPIN,0.2,0.028,182.96362495422363,14.72430387753924,0.5782657657657657,0.03975637138657213,0.9081353360073594,0.00907781969181056,1132.0625,217.0,224.01365515615177,16,0.7449742089274133,0.3759799932146541,1.965927905553756,0.4674746705275101,0.4971384874911396
L-LSPIN,0.2,0.021,222.6893081665039,21.036232848477276,0.5929258804258805,0.045329248867569456,0.9222421249320507,0.009082164732704146,1332.625,276.5,278.6314785898402,16,0.7917788801686889,0.4099330850609616,1.9603309577799375,0.4953199603966621,0.5353522089676004
L-LSPIN,0.2,0.014,321.6296215057373,35.05522018272417,0.6238841113841114,0.03443266037995781,0.9445316927519384,0.009768402722707806,1610.5625,422.5625,408.82806600227883,16,0.8591001075448296,0.4952083558419795,2.182809631789224,0.5145895243289318,0.5480749975942868
L-LSPIN,0.2,0.0105,482.2869758605957,54.867989988320915,0.6134520884520884,0.028921801475675135,0.9608679072116372,0.007293854404895892,2194.9375,647.375,614.8748282349675,16,0.9291091333803977,0.5784182381146179,2.357714249721053,0.5440593004488664,0.5832795956570992
L-LSPIN,0.2,0.00875,606.1629848480225,52.391553080507805,0.6122850122850123,0.04522114832967498,0.9710162557884783,0.003925198473087714,2324.3125,832.125,770.9754864846102,16,0.9072003427698743,0.6002025895175654,2.447265414102149,0.6513198637203997,0.6495692649824202
L-LSPIN,0.2,0.007,910.3679656982422,108.73030493526063,0.6473075348075348,0.02882847012595442,0.9806330310128651,0.003725274993635718,2992.25,1321.375,1188.2215168647633,16,0.9377967239425521,0.6834458680884341,2.6977288269805277,0.7809185173988528,0.7319661394101035
L-LSPIN,0.2,0.00525,1822.8975067138672,194.1941400031822,0.656920556920557,0.020423807094843382,0.9923350393911183,0.0014629502877974221,4164.8125,2995.0,2542.640290813125,16,0.9634067468391231,0.7886571224913863,3.060131195335277,0.7987460685858082,0.7862936417158748
L-LSPIN,0.2,0.0035,3890.767059326172,268.7585545978037,0.6622031122031122,0.013074016992327572,0.9975309382886954,0.00026617368927272486,7786.6875,6952.125,5737.863306284108,16,0.9621467766078694,0.8485649545905741,3.4393244070114823,0.7432861563007751,0.7862694735210489
L-LSPIN,0.4,0.028,174.34666538238525,17.25134657577209,0.5741809991809992,0.03920345706070517,0.9047702833826247,0.012270664371011408,1034.9375,206.8125,211.61928294765403,16,0.7550240019108685,0.3848740497479412,1.867981319511932,0.4932759007248513,0.5156903503948516
L-LSPIN,0.4,0.021,225.44091701507568,23.2763864234521,0.5938063063063063,0.03897976873679116,0.9230098051045355,0.010624296681142035,1237.6875,274.8125,276.0554409359632,16,0.7761819829117915,0.43206341221457534,2.0708706763128535,0.49388662480945866,0.5200696753531986
L-LSPIN,0.4,0.014,327.63203620910645,32.48298757803964,0.6028460278460278,0.03137588467656799,0.9458359561313913,0.009548695806723982,1795.0,431.0625,420.1995969485311,16,0.8786649389880058,0.4745515120561882,2.0806653349170356,0.5843551365559444,0.5900016891860705
L-LSPIN,0.4,0.0105,481.3440456390381,40.11437606636021,0.618499180999181,0.03112636829125969,0.9630070483784985,0.0066544689276158845,2049.125,646.1875,610.988672762901,16,0.9038323894636563,0.573132339541279,2.440269229384876,0.5807862833063704,0.6059678162011235
L-LSPIN,0.4,0.00875,608.7023696899414,67.37508793209061,0.6320126945126945,0.030712885610835097,0.9687514016288998,0.006039105346751291,2345.4375,834.75,774.4280660979427,16,0.9343266514707669,0.5959184275344735,2.3912959363639636,0.6907736528541424,0.6769661100933394
L-LSPIN,0.4,0.007,922.2823600769043,113.4358994036063,0.6425470925470925,0.03333181066804044,0.9819871024116323,0.003438208391099148,2922.25,1346.4375,1208.1788451132702,16,0.9323538013183502,0.6920430861639227,2.715918907245438,0.7613369708485748,0.7449257490048751
L-LSPIN,0.4,0.00525,1679.873390197754,205.54174289162847,0.6572276822276822,0.023035985627941707,0.9911531872050139,0.0016403513244922009,3746.8125,2687.1875,2277.6369143368715,16,0.9426406411962682,0.7783032474512804,3.1524808336032826,0.8005804718202306,0.7821665757653044
L-LSPIN,0.4,0.0035,3924.630416870117,437.55479862942695,0.6681818181818182,0.013816619065376822,0.997542583341863,0.0005683435711939256,7814.9375,7050.5,5807.746030292431,16,0.9249896376217535,0.8360327192877742,3.2938037648922003,0.7266348463875161,0.7686372217880721
LSPIN,0.0,0.028,77.24276614189148,17.51451584902061,0.559531122031122,0.05372117553126531,0.8843143827428263,0.027454448175126163,1674.875,177.0,220.97125051561346,16,0.7943668867876773,0.3404367390893732,1.7896240506784726,0.4670320614571875,0.49175967471894017
LSPIN,0.0,0.021,91.15856218338013,20.153792778496165,0.565950040950041,0.04316482416297122,0.9050221482996101,0.01828787552215259,1912.3125,227.0,281.93085082308124,16,0.798581585606739,0.3632626029471743,1.8497912392470217,0.44799406634036165,0.4523213939417531
LSPIN,0.0,0.014,137.1852889060974,30.175306867597325,0.5886875511875512,0.06464561065031618,0.9406638742261784,0.013818163012021519,2434.5,397.0,451.8179448965979,16,0.8340186713992692,0.43313321456665416,2.0792660979735813,0.5025843502560664,0.49410044203919506
LSPIN,0.0,0.0105,160.2182469367981,23.530338565258184,0.6062346437346438,0.03831889879932673,0.9512954219636461,0.008253748744933022,2804.375,508.5625,581.5841677483562,16,0.8510533829830181,0.5078967755316028,2.1982012381672247,0.514822931843911,0.5034963463954804
LSPIN,0.0,0.00875,183.7063913345337,32.350739737731146,0.5987919737919738,0.035458094784938936,0.9576891975626597,0.01021335621780566,3110.8125,597.0625,663.482676243611,16,0.8692067708378846,0.5307738522482323,2.345121117229961,0.5216154095334863,0.5193777149128155
LSPIN,0.0,0.007,217.71482944488525,22.43636704357756,0.6127047502047502,0.03102042230303673,0.9653010036715111,0.005384980075868943,3290.25,742.3125,791.8356920431921,16,0.8766003551389343,0.5993828201089615,2.487843285462333,0.4649065464217644,0.4777306589169072
LSPIN,0.0,0.00525,270.6141481399536,46.372697875303786,0.6196355446355446,0.04263127543758776,0.9718366953251412,0.006422160986052621,4079.125,960.3125,1051.5058307727359,16,0.8837104512666704,0.5992746097402345,2.552208184861246,0.44356850685612514,0.4685834945797721
LSPIN,0.0,0.0035,379.01466941833496,59.7000311833398,0.6171580671580672,0.034367939202653824,0.9799289339530003,0.0041124742592466915,5069.9375,1425.625,1515.3213636122723,16,0.909463817913769,0.6778227001966226,2.7341089875103486,0.46743421484862885,0.47340516342983036
LSPIN,0.1,0.028,173.24517726898193,31.662518484603325,0.5982084357084357,0.04060352296775496,0.918658383409563,0.017556848772321075,1501.125,260.4375,262.32317046139883,16,0.7888816966694981,0.41545609410796713,1.9309469819673901,0.5442035203397458,0.5274584545539411
LSPIN,0.1,0.021,208.88484859466553,30.932401149529714,0.5932125307125307,0.04598571937226989,0.9348146888402021,0.01268879242051453,1784.0,333.875,333.28451194217644,16,0.8543691644198389,0.46635356072543727,2.0932584674081274,0.5627979367113373,0.5358027426034649
LSPIN,0.1,0.014,249.0319528579712,34.30630769232503,0.5731674856674857,0.03682147135336462,0.9487422011376037,0.012365009213403343,1878.8125,446.875,420.2844594045439,16,0.9011714627926144,0.5004091600911496,2.220589029262499,0.6108634464065996,0.5766180769668917
LSPIN,0.1,0.0105,310.6197757720947,25.900845522386568,0.5938984438984439,0.02724612751768932,0.9621517252860834,0.007895022054356476,2075.6875,603.9375,543.7979954607325,16,0.8705205349787031,0.5533675672276795,2.314337904473959,0.5663910165392604,0.5509982013838082
LSPIN,0.1,0.00875,331.4383029937744,40.331513523628566,0.6040233415233415,0.0381246640641077,0.9639806630639655,0.008205682005683414,2149.5,638.5625,577.2411094442191,16,0.8960847871627194,0.5861698617601577,2.450063887989058,0.652473635282811,0.6095720037723258
LSPIN,0.1,0.007,395.87077713012695,55.392834486955955,0.6224099099099099,0.03598215109833763,0.9706457073066699,0.005424618780498327,2383.125,789.25,703.6863747328467,16,0.92518413435807,0.604275557924199,2.4332730446676023,0.5979527275172103,0.5861956334492443
LSPIN,0.1,0.00525,528.3868503570557,40.77650942304834,0.6239148239148239,0.02335302483514704,0.9792001762994186,0.003475979152858409,2864.3125,1099.75,964.043883457019,16,0.9322412589394204,0.6520005605344331,2.552208184861246,0.614931202052947,0.6025128747994203
LSPIN,0.1,0.0035,779.5588798522949,78.72745550360513,0.6226965601965602,0.028608717748881123,0.9842238126704127,0.0032547556185937884,3541.8125,1559.25,1354.3719075174895,16,0.9398318103678516,0.7174566158872177,2.809667782456898,0.6758534050604952,0.6521535395285329
LSPIN,0.2,0.028,171.1678056716919,28.89651793211685,0.5925982800982801,0.04437423605357259,0.9158962094930145,0.017574048422956297,1552.9375,255.75,262.6158893802785,16,0.7878247483866773,0.4155736952634495,1.996711118309758,0.5203875516878594,0.505875441409537
LSPIN,0.2,0.021,199.72950267791748,21.43431196816705,0.5960585585585585,0.03273597089314761,0.9332364329001903,0.010342975732197864,1601.125,318.625,310.0661834749443,16,0.848044409777911,0.42402607331813374,2.0470836482741244,0.5168007794038237,0.527477379547203
LSPIN,0.2,0.014,252.66900825500488,37.30602112733647,0.5832207207207207,0.03603548848019215,0.9494325855748779,0.009455157071332524,1738.5,441.375,407.38857876898,16,0.8773249810250215,0.5114010713146102,2.1408325234855847,0.5650899275553675,0.5602787926881463
LSPIN,0.2,0.0105,302.784969329834,33.506461790719854,0.5997133497133497,0.03148581161221153,0.959640747877933,0.006475743906120617,2211.75,569.875,528.0262977667826,16,0.8952568858115189,0.5684888772467424,2.396892884137782,0.6248923363433205,0.5792417482496889
LSPIN,0.2,0.00875,342.16880798339844,37.75663938368978,0.6067260442260443,0.027295908097642627,0.9649884875586315,0.007544100980090661,2172.625,650.8125,584.5748638208619,16,0.9158762511089691,0.591061327112682,2.417881438289602,0.6025112499147994,0.5793348954989537
LSPIN,0.2,0.007,407.90414237976074,36.833189015577744,0.6108210483210483,0.02476164923514651,0.9690341281982862,0.004640024162802654,2476.875,797.25,712.4147806623533,16,0.9137644022265737,0.6159471600808645,2.429075333837239,0.662774808230928,0.6104053353562218
LSPIN,0.2,0.00525,537.8858547210693,60.66567570291097,0.5972461097461097,0.03083820859699489,0.9774885745338747,0.005127630511707785,3046.25,1112.0625,975.2723739424403,16,0.9298741326465232,0.6742895008612674,2.685135694489436,0.6312658379126705,0.6031369666481163
LSPIN,0.2,0.0035,799.2047805786133,52.577771407539544,0.6203828828828829,0.02087356320481357,0.9857517373424279,0.0024219191828368683,3632.4375,1653.125,1426.0693541952942,16,0.9205801087303553,0.7340848610456289,2.909013605442177,0.5678055012536711,0.579063492940889
LSPIN,0.4,0.028,176.53315925598145,27.883247481795223,0.566410728910729,0.0390238535476863,0.91796161421169,0.018829954413553143,1687.5,254.5,266.8194116693702,16,0.8203646563148139,0.3827841984290697,1.8064148939999283,0.5822654088083804,0.5600398897554546
LSPIN,0.4,0.021,211.6573543548584,45.639973098501976,0.5777743652743653,0.046346424651385006,0.9416184925668236,0.013174344366102613,1822.625,364.6875,353.3776046344857,16,0.8335309642741828,0.4408095162675171,2.04568441133067,0.5667422441697213,0.5522706612380042
LSPIN,0.4,0.014,255.42966175079346,34.13624684765547,0.5868345618345618,0.030491177940003146,0.9516255502269799,0.008901112889937779,1902.8125,460.6875,427.37733492135453,16,0.8904370801594348,0.4979283129442565,2.1982012381672247,0.6083189516763571,0.580398983008511
LSPIN,0.4,0.0105,285.57898139953613,26.18921720308131,0.5982800982800983,0.038161102721725244,0.9552636430598336,0.009225443914756761,1953.75,525.625,482.2051226292628,16,0.9016732496558841,0.5341658437127818,2.2709615592268655,0.5235745296222903,0.5375493884208432
LSPIN,0.4,0.00875,353.02150535583496,57.3743052493596,0.5988022113022113,0.03996861473492958,0.9650555163232631,0.009024224558408997,2302.875,699.5,631.9981520477735,16,0.9002528428673379,0.5848297874290963,2.291950113378685,0.5895870265277496,0.5653410301020626
LSPIN,0.4,0.007,415.3414363861084,48.53525201727558,0.5916461916461916,0.03246175980803637,0.9711453518981822,0.0040210163140285875,2581.625,843.5,754.8479592583975,16,0.9210883203757086,0.6209075329990059,2.5773944498434296,0.5994786790132434,0.5742771225123942
LSPIN,0.4,0.00525,548.4569892883301,58.195475175502395,0.6165540540540541,0.03207927516595817,0.97900377596283,0.00570914524839068,3199.6875,1180.8125,1035.4623037999254,16,0.8945280098685666,0.688770241007598,2.7299112766799842,0.5472661209414696,0.5478602585737695
LSPIN,0.4,0.0035,871.2765159606934,103.00580781880026,0.629576167076167,0.026496094201595325,0.9878767342238246,0.0024668009456670073,4222.3125,1898.9375,1632.2943194852003,16,0.9237837058803029,0.7375316548734778,2.8936219990641763,0.5889676142059491,0.5765559065850735
