model_family,gate_type,gate_sigma,lambda_sparse,lambda_sample_smooth,run_i,run_j,risk_corr,top_risk_overlap_ratio,top_risk_jaccard,bottom_risk_overlap_ratio,bottom_risk_jaccard
LSPIN,lspin_tf,0.22,0.014,0.0,0,1,0.8455745068687596,3.448224852071006,0.5294117647058824,3.831360946745562,0.625
LSPIN,lspin_tf,0.22,0.014,0.0,0,2,0.7652348340886332,3.5440088757396446,0.5522388059701493,3.1608727810650885,0.4647887323943662
LSPIN,lspin_tf,0.22,0.014,0.0,1,2,0.7940559885176615,3.1608727810650885,0.4647887323943662,3.448224852071006,0.5294117647058824
LSPIN,lspin_tf,0.22,0.0105,0.0,0,1,0.8694258203195581,4.214497041420118,0.7333333333333333,2.8735207100591715,0.4054054054054054
LSPIN,lspin_tf,0.22,0.0105,0.0,0,2,0.874070071824835,3.639792899408284,0.5757575757575758,3.256656804733728,0.4857142857142857
LSPIN,lspin_tf,0.22,0.0105,0.0,1,2,0.8487234487759876,3.831360946745562,0.625,2.9693047337278107,0.4246575342465753
LSPIN,lspin_tf,0.22,0.00875,0.0,0,1,0.8635548022583066,3.735576923076923,0.6,3.352440828402367,0.5072463768115942
LSPIN,lspin_tf,0.22,0.00875,0.0,0,2,0.814806513631844,3.448224852071006,0.5294117647058824,3.256656804733728,0.4857142857142857
LSPIN,lspin_tf,0.22,0.00875,0.0,1,2,0.8262624570144707,4.118713017751479,0.7049180327868853,2.8735207100591715,0.4054054054054054
LSPIN,lspin_tf,0.22,0.007,0.0,0,1,0.8913096781469194,3.927144970414201,0.6507936507936508,3.0650887573964494,0.4444444444444444
LSPIN,lspin_tf,0.22,0.007,0.0,0,2,0.8404974938958224,3.256656804733728,0.4857142857142857,3.0650887573964494,0.4444444444444444
LSPIN,lspin_tf,0.22,0.007,0.0,1,2,0.8572908994146048,3.448224852071006,0.5294117647058824,2.8735207100591715,0.4054054054054054
LSPIN,lspin_tf,0.22,0.00525,0.0,0,1,0.879086461063282,3.927144970414201,0.6507936507936508,3.639792899408284,0.5757575757575758
LSPIN,lspin_tf,0.22,0.00525,0.0,0,2,0.8414704078354031,3.831360946745562,0.625,2.586168639053254,0.3506493506493506
LSPIN,lspin_tf,0.22,0.00525,0.0,1,2,0.7740894370560523,3.927144970414201,0.6507936507936508,2.203032544378698,0.2839506172839506
LSPIN,lspin_tf,0.2,0.014,0.0,0,1,0.8013346991176293,2.9693047337278107,0.4246575342465753,2.6819526627218933,0.3684210526315789
LSPIN,lspin_tf,0.2,0.014,0.0,0,2,0.7981683979376977,3.448224852071006,0.5294117647058824,2.7777366863905324,0.3866666666666666
LSPIN,lspin_tf,0.2,0.014,0.0,1,2,0.8583839408346625,3.1608727810650885,0.4647887323943662,3.5440088757396446,0.5522388059701493
LSPIN,lspin_tf,0.2,0.0105,0.0,0,1,0.8588271262062547,3.735576923076923,0.6,2.9693047337278107,0.4246575342465753
LSPIN,lspin_tf,0.2,0.0105,0.0,0,2,0.8312681433644382,3.735576923076923,0.6,2.586168639053254,0.3506493506493506
LSPIN,lspin_tf,0.2,0.0105,0.0,1,2,0.856967494636428,3.735576923076923,0.6,3.256656804733728,0.4857142857142857
LSPIN,lspin_tf,0.2,0.00875,0.0,0,1,0.8634342410981362,3.831360946745562,0.625,2.9693047337278107,0.4246575342465753
LSPIN,lspin_tf,0.2,0.00875,0.0,0,2,0.8940722028201774,4.310281065088757,0.7627118644067796,3.1608727810650885,0.4647887323943662
LSPIN,lspin_tf,0.2,0.00875,0.0,1,2,0.8767631090219264,4.02292899408284,0.6774193548387096,3.0650887573964494,0.4444444444444444
LSPIN,lspin_tf,0.2,0.007,0.0,0,1,0.7948624533567703,3.256656804733728,0.4857142857142857,2.8735207100591715,0.4054054054054054
LSPIN,lspin_tf,0.2,0.007,0.0,0,2,0.7944842450216332,3.927144970414201,0.6507936507936508,3.0650887573964494,0.4444444444444444
LSPIN,lspin_tf,0.2,0.007,0.0,1,2,0.8613140321048471,3.0650887573964494,0.4444444444444444,3.5440088757396446,0.5522388059701493
LSPIN,lspin_tf,0.2,0.00525,0.0,0,1,0.8824213489424532,4.214497041420118,0.7333333333333333,2.6819526627218933,0.3684210526315789
LSPIN,lspin_tf,0.2,0.00525,0.0,0,2,0.9107600135493618,4.310281065088757,0.7627118644067796,3.448224852071006,0.5294117647058824
LSPIN,lspin_tf,0.2,0.00525,0.0,1,2,0.9342641796183188,4.310281065088757,0.7627118644067796,3.5440088757396446,0.5522388059701493
L-LSPIN,lspin_tf,0.22,0.021,0.0,0,1,0.6014088939862736,2.586168639053254,0.3506493506493506,2.298816568047337,0.3
L-LSPIN,lspin_tf,0.22,0.021,0.0,0,2,0.5188304631443069,2.298816568047337,0.3,2.298816568047337,0.3
L-LSPIN,lspin_tf,0.22,0.021,0.0,1,2,0.5140225183924189,2.6819526627218933,0.3684210526315789,2.01146449704142,0.253012048192771
L-LSPIN,lspin_tf,0.22,0.014,0.0,0,1,0.7089833807423043,3.1608727810650885,0.4647887323943662,2.586168639053254,0.3506493506493506
L-LSPIN,lspin_tf,0.22,0.014,0.0,0,2,0.5194586556206234,2.3946005917159763,0.3164556962025316,2.3946005917159763,0.3164556962025316
L-LSPIN,lspin_tf,0.22,0.014,0.0,1,2,0.6425983909653776,2.4903846153846154,0.3333333333333333,2.3946005917159763,0.3164556962025316
L-LSPIN,lspin_tf,0.22,0.0105,0.0,0,1,0.6148546059202691,2.586168639053254,0.3506493506493506,2.01146449704142,0.253012048192771
L-LSPIN,lspin_tf,0.22,0.0105,0.0,0,2,0.6965892391020596,2.586168639053254,0.3506493506493506,2.298816568047337,0.3
L-LSPIN,lspin_tf,0.22,0.0105,0.0,1,2,0.7445076640902019,3.1608727810650885,0.4647887323943662,2.8735207100591715,0.4054054054054054
L-LSPIN,lspin_tf,0.22,0.00875,0.0,0,1,0.6615033776163879,2.7777366863905324,0.3866666666666666,2.9693047337278107,0.4246575342465753
L-LSPIN,lspin_tf,0.22,0.00875,0.0,0,2,0.8015618121066445,3.639792899408284,0.5757575757575758,3.448224852071006,0.5294117647058824
L-LSPIN,lspin_tf,0.22,0.00875,0.0,1,2,0.6761181688633296,2.8735207100591715,0.4054054054054054,2.9693047337278107,0.4246575342465753
L-LSPIN,lspin_tf,0.22,0.007,0.0,0,1,0.7478391467617551,3.352440828402367,0.5072463768115942,3.0650887573964494,0.4444444444444444
L-LSPIN,lspin_tf,0.22,0.007,0.0,0,2,0.7960510958455629,3.1608727810650885,0.4647887323943662,3.1608727810650885,0.4647887323943662
L-LSPIN,lspin_tf,0.22,0.007,0.0,1,2,0.8020373237022812,3.448224852071006,0.5294117647058824,2.6819526627218933,0.3684210526315789
L-LSPIN,lspin_tf,0.2,0.021,0.0,0,1,0.6539748858645837,3.0650887573964494,0.4444444444444444,2.3946005917159763,0.3164556962025316
L-LSPIN,lspin_tf,0.2,0.021,0.0,0,2,0.4553453920319732,2.3946005917159763,0.3164556962025316,2.203032544378698,0.2839506172839506
L-LSPIN,lspin_tf,0.2,0.021,0.0,1,2,0.549729527375151,2.6819526627218933,0.3684210526315789,2.4903846153846154,0.3333333333333333
L-LSPIN,lspin_tf,0.2,0.014,0.0,0,1,0.6198564927899081,2.586168639053254,0.3506493506493506,2.586168639053254,0.3506493506493506
L-LSPIN,lspin_tf,0.2,0.014,0.0,0,2,0.5292881554762924,2.7777366863905324,0.3866666666666666,2.298816568047337,0.3
L-LSPIN,lspin_tf,0.2,0.014,0.0,1,2,0.4872877847670697,2.4903846153846154,0.3333333333333333,1.724112426035503,0.2093023255813953
L-LSPIN,lspin_tf,0.2,0.0105,0.0,0,1,0.7308267399353854,3.1608727810650885,0.4647887323943662,2.7777366863905324,0.3866666666666666
L-LSPIN,lspin_tf,0.2,0.0105,0.0,0,2,0.7551297467864533,3.352440828402367,0.5072463768115942,2.9693047337278107,0.4246575342465753
L-LSPIN,lspin_tf,0.2,0.0105,0.0,1,2,0.6921827441775646,3.0650887573964494,0.4444444444444444,2.298816568047337,0.3
L-LSPIN,lspin_tf,0.2,0.00875,0.0,0,1,0.7122659770636537,3.256656804733728,0.4857142857142857,2.586168639053254,0.3506493506493506
L-LSPIN,lspin_tf,0.2,0.00875,0.0,0,2,0.7926332006486022,3.1608727810650885,0.4647887323943662,2.7777366863905324,0.3866666666666666
L-LSPIN,lspin_tf,0.2,0.00875,0.0,1,2,0.7808054758581848,3.448224852071006,0.5294117647058824,3.1608727810650885,0.4647887323943662
L-LSPIN,lspin_tf,0.2,0.007,0.0,0,1,0.6579898039360643,2.9693047337278107,0.4246575342465753,2.6819526627218933,0.3684210526315789
L-LSPIN,lspin_tf,0.2,0.007,0.0,0,2,0.6615419202950087,3.0650887573964494,0.4444444444444444,2.4903846153846154,0.3333333333333333
L-LSPIN,lspin_tf,0.2,0.007,0.0,1,2,0.656881643523708,2.6819526627218933,0.3684210526315789,2.7777366863905324,0.3866666666666666
Concrete,concrete,0.15,0.004,0.0,0,1,0.829476749667003,4.118713017751479,0.7049180327868853,3.352440828402367,0.5072463768115942
Concrete,concrete,0.15,0.004,0.0,0,2,0.7905057283993465,3.927144970414201,0.6507936507936508,3.5440088757396446,0.5522388059701493
Concrete,concrete,0.15,0.004,0.0,1,2,0.8908415695436598,4.214497041420118,0.7333333333333333,3.639792899408284,0.5757575757575758
Concrete,concrete,0.15,0.003,0.0,0,1,0.8252969806421494,3.927144970414201,0.6507936507936508,3.352440828402367,0.5072463768115942
Concrete,concrete,0.15,0.003,0.0,0,2,0.8629786227613615,3.735576923076923,0.6,3.256656804733728,0.4857142857142857
Concrete,concrete,0.15,0.003,0.0,1,2,0.88017870110499,4.02292899408284,0.6774193548387096,3.831360946745562,0.625
Concrete,concrete,0.15,0.0025,0.0,0,1,0.914324901442652,4.02292899408284,0.6774193548387096,3.448224852071006,0.5294117647058824
Concrete,concrete,0.15,0.0025,0.0,0,2,0.896425667405104,4.02292899408284,0.6774193548387096,3.735576923076923,0.6
Concrete,concrete,0.15,0.0025,0.0,1,2,0.8826810262412994,4.02292899408284,0.6774193548387096,3.352440828402367,0.5072463768115942
Concrete,concrete,0.15,0.002,0.0,0,1,0.9233214136388282,4.214497041420118,0.7333333333333333,3.927144970414201,0.6507936507936508
Concrete,concrete,0.15,0.002,0.0,0,2,0.9097859064353976,3.831360946745562,0.625,4.118713017751479,0.7049180327868853
Concrete,concrete,0.15,0.002,0.0,1,2,0.9031500836271456,3.735576923076923,0.6,4.118713017751479,0.7049180327868853
Concrete,concrete,0.15,0.0015,0.0,0,1,0.8737097505036963,4.02292899408284,0.6774193548387096,1.8198964497041417,0.2235294117647059
Concrete,concrete,0.15,0.0015,0.0,0,2,0.9153490776811202,4.118713017751479,0.7049180327868853,3.256656804733728,0.4857142857142857
Concrete,concrete,0.15,0.0015,0.0,1,2,0.876292544076188,3.831360946745562,0.625,2.9693047337278107,0.4246575342465753
Concrete,concrete,0.12,0.004,0.0,0,1,0.8834426983579757,4.118713017751479,0.7049180327868853,3.831360946745562,0.625
Concrete,concrete,0.12,0.004,0.0,0,2,0.8559384988056761,4.310281065088757,0.7627118644067796,3.5440088757396446,0.5522388059701493
Concrete,concrete,0.12,0.004,0.0,1,2,0.9402151299858964,4.501849112426036,0.8245614035087719,4.406065088757396,0.7931034482758621
Concrete,concrete,0.12,0.003,0.0,0,1,0.9050534090690612,4.214497041420118,0.7333333333333333,3.5440088757396446,0.5522388059701493
Concrete,concrete,0.12,0.003,0.0,0,2,0.903925088515589,4.118713017751479,0.7049180327868853,3.448224852071006,0.5294117647058824
Concrete,concrete,0.12,0.003,0.0,1,2,0.9281529942707918,4.501849112426036,0.8245614035087719,3.448224852071006,0.5294117647058824
Concrete,concrete,0.12,0.0025,0.0,0,1,0.893591515317871,4.02292899408284,0.6774193548387096,3.1608727810650885,0.4647887323943662
Concrete,concrete,0.12,0.0025,0.0,0,2,0.8929663630634151,3.927144970414201,0.6507936507936508,3.256656804733728,0.4857142857142857
Concrete,concrete,0.12,0.0025,0.0,1,2,0.8866587705428725,3.927144970414201,0.6507936507936508,3.0650887573964494,0.4444444444444444
Concrete,concrete,0.12,0.002,0.0,0,1,0.8853399549804674,4.214497041420118,0.7333333333333333,3.639792899408284,0.5757575757575758
Concrete,concrete,0.12,0.002,0.0,0,2,0.9462565909056226,4.406065088757396,0.7931034482758621,4.02292899408284,0.6774193548387096
Concrete,concrete,0.12,0.002,0.0,1,2,0.923899607043314,4.118713017751479,0.7049180327868853,4.02292899408284,0.6774193548387096
Concrete,concrete,0.12,0.0015,0.0,0,1,0.7863994086589546,4.118713017751479,0.7049180327868853,3.448224852071006,0.5294117647058824
Concrete,concrete,0.12,0.0015,0.0,0,2,0.8033383002790137,4.118713017751479,0.7049180327868853,3.1608727810650885,0.4647887323943662
Concrete,concrete,0.12,0.0015,0.0,1,2,0.8896758444910584,4.310281065088757,0.7627118644067796,3.448224852071006,0.5294117647058824
L-Concrete,concrete,0.15,0.004,0.0,0,1,0.7041753106944331,3.1608727810650885,0.4647887323943662,2.9693047337278107,0.4246575342465753
L-Concrete,concrete,0.15,0.004,0.0,0,2,0.7619681984100178,3.1608727810650885,0.4647887323943662,3.256656804733728,0.4857142857142857
L-Concrete,concrete,0.15,0.004,0.0,1,2,0.7421545096630828,2.8735207100591715,0.4054054054054054,2.298816568047337,0.3
L-Concrete,concrete,0.15,0.003,0.0,0,1,0.6484935120828015,2.6819526627218933,0.3684210526315789,2.586168639053254,0.3506493506493506
L-Concrete,concrete,0.15,0.003,0.0,0,2,0.7897966530437768,3.256656804733728,0.4857142857142857,3.256656804733728,0.4857142857142857
L-Concrete,concrete,0.15,0.003,0.0,1,2,0.7058084845857308,2.8735207100591715,0.4054054054054054,2.6819526627218933,0.3684210526315789
L-Concrete,concrete,0.15,0.0025,0.0,0,1,0.4328007628403228,2.7777366863905324,0.3866666666666666,2.9693047337278107,0.4246575342465753
L-Concrete,concrete,0.15,0.0025,0.0,0,2,0.6213265966260764,2.9693047337278107,0.4246575342465753,2.4903846153846154,0.3333333333333333
L-Concrete,concrete,0.15,0.0025,0.0,1,2,0.2752812105133538,2.7777366863905324,0.3866666666666666,2.586168639053254,0.3506493506493506
L-Concrete,concrete,0.15,0.002,0.0,0,1,0.458854288031939,2.107248520710059,0.2682926829268293,2.298816568047337,0.3
L-Concrete,concrete,0.15,0.002,0.0,0,2,0.6044825630726929,2.6819526627218933,0.3684210526315789,2.3946005917159763,0.3164556962025316
L-Concrete,concrete,0.15,0.002,0.0,1,2,0.6652855940910928,2.4903846153846154,0.3333333333333333,3.256656804733728,0.4857142857142857
L-Concrete,concrete,0.15,0.0015,0.0,0,1,0.6372609059654,2.6819526627218933,0.3684210526315789,2.586168639053254,0.3506493506493506
L-Concrete,concrete,0.15,0.0015,0.0,0,2,0.7925485787870892,2.7777366863905324,0.3866666666666666,3.1608727810650885,0.4647887323943662
L-Concrete,concrete,0.15,0.0015,0.0,1,2,0.7098786197305572,2.6819526627218933,0.3684210526315789,2.9693047337278107,0.4246575342465753
L-Concrete,concrete,0.12,0.004,0.0,0,1,0.6670274013293184,3.1608727810650885,0.4647887323943662,2.4903846153846154,0.3333333333333333
L-Concrete,concrete,0.12,0.004,0.0,0,2,0.7669786966631087,2.9693047337278107,0.4246575342465753,2.8735207100591715,0.4054054054054054
L-Concrete,concrete,0.12,0.004,0.0,1,2,0.6966274179418582,2.6819526627218933,0.3684210526315789,2.9693047337278107,0.4246575342465753
L-Concrete,concrete,0.12,0.003,0.0,0,1,0.7417808641031646,3.1608727810650885,0.4647887323943662,2.7777366863905324,0.3866666666666666
L-Concrete,concrete,0.12,0.003,0.0,0,2,0.7538490727163907,2.9693047337278107,0.4246575342465753,3.1608727810650885,0.4647887323943662
L-Concrete,concrete,0.12,0.003,0.0,1,2,0.7710201001303918,2.7777366863905324,0.3866666666666666,2.8735207100591715,0.4054054054054054
L-Concrete,concrete,0.12,0.0025,0.0,0,1,0.7603298769322485,2.7777366863905324,0.3866666666666666,3.1608727810650885,0.4647887323943662
L-Concrete,concrete,0.12,0.0025,0.0,0,2,0.7478470261771331,3.352440828402367,0.5072463768115942,2.586168639053254,0.3506493506493506
L-Concrete,concrete,0.12,0.0025,0.0,1,2,0.7167901099569515,3.256656804733728,0.4857142857142857,2.586168639053254,0.3506493506493506
L-Concrete,concrete,0.12,0.002,0.0,0,1,0.8163274692148138,2.9693047337278107,0.4246575342465753,3.448224852071006,0.5294117647058824
L-Concrete,concrete,0.12,0.002,0.0,0,2,0.657028679685356,2.9693047337278107,0.4246575342465753,2.6819526627218933,0.3684210526315789
L-Concrete,concrete,0.12,0.002,0.0,1,2,0.7084828183729771,3.448224852071006,0.5294117647058824,2.586168639053254,0.3506493506493506
L-Concrete,concrete,0.12,0.0015,0.0,0,1,0.576848081497495,2.586168639053254,0.3506493506493506,2.3946005917159763,0.3164556962025316
L-Concrete,concrete,0.12,0.0015,0.0,0,2,0.5986745873280467,2.3946005917159763,0.3164556962025316,2.3946005917159763,0.3164556962025316
L-Concrete,concrete,0.12,0.0015,0.0,1,2,0.6716156583315234,2.7777366863905324,0.3866666666666666,2.9693047337278107,0.4246575342465753
LSPIN,lspin_tf,0.22,0.014,0.1,0,1,0.8587669289497614,3.5440088757396446,0.5522388059701493,2.7777366863905324,0.3866666666666666
LSPIN,lspin_tf,0.22,0.014,0.1,0,2,0.8527487133871201,3.735576923076923,0.6,2.9693047337278107,0.4246575342465753
LSPIN,lspin_tf,0.22,0.014,0.1,1,2,0.8410015621764668,3.639792899408284,0.5757575757575758,3.0650887573964494,0.4444444444444444
LSPIN,lspin_tf,0.22,0.0105,0.1,0,1,0.8112651794551389,3.1608727810650885,0.4647887323943662,3.352440828402367,0.5072463768115942
LSPIN,lspin_tf,0.22,0.0105,0.1,0,2,0.8715259984429399,3.256656804733728,0.4857142857142857,3.352440828402367,0.5072463768115942
LSPIN,lspin_tf,0.22,0.0105,0.1,1,2,0.8193371756726846,2.9693047337278107,0.4246575342465753,2.6819526627218933,0.3684210526315789
LSPIN,lspin_tf,0.22,0.00875,0.1,0,1,0.8574962433677792,3.735576923076923,0.6,3.0650887573964494,0.4444444444444444
LSPIN,lspin_tf,0.22,0.00875,0.1,0,2,0.8453685254372001,3.735576923076923,0.6,3.1608727810650885,0.4647887323943662
LSPIN,lspin_tf,0.22,0.00875,0.1,1,2,0.8143383507133335,3.352440828402367,0.5072463768115942,2.7777366863905324,0.3866666666666666
LSPIN,lspin_tf,0.22,0.007,0.1,0,1,0.8958220771598451,3.927144970414201,0.6507936507936508,3.639792899408284,0.5757575757575758
LSPIN,lspin_tf,0.22,0.007,0.1,0,2,0.9009347707303912,3.639792899408284,0.5757575757575758,3.5440088757396446,0.5522388059701493
LSPIN,lspin_tf,0.22,0.007,0.1,1,2,0.913656231865666,3.5440088757396446,0.5522388059701493,3.927144970414201,0.6507936507936508
LSPIN,lspin_tf,0.22,0.00525,0.1,0,1,0.914656245887192,4.214497041420118,0.7333333333333333,4.118713017751479,0.7049180327868853
LSPIN,lspin_tf,0.22,0.00525,0.1,0,2,0.8787516727395724,4.118713017751479,0.7049180327868853,2.8735207100591715,0.4054054054054054
LSPIN,lspin_tf,0.22,0.00525,0.1,1,2,0.906560612356783,4.597633136094674,0.8571428571428571,3.1608727810650885,0.4647887323943662
LSPIN,lspin_tf,0.2,0.014,0.1,0,1,0.8973230880497932,3.639792899408284,0.5757575757575758,3.927144970414201,0.6507936507936508
LSPIN,lspin_tf,0.2,0.014,0.1,0,2,0.8708453044787406,3.735576923076923,0.6,3.735576923076923,0.6
LSPIN,lspin_tf,0.2,0.014,0.1,1,2,0.8949169414885301,3.927144970414201,0.6507936507936508,4.118713017751479,0.7049180327868853
LSPIN,lspin_tf,0.2,0.0105,0.1,0,1,0.8664068079437596,3.831360946745562,0.625,3.448224852071006,0.5294117647058824
LSPIN,lspin_tf,0.2,0.0105,0.1,0,2,0.905016270900088,4.214497041420118,0.7333333333333333,3.352440828402367,0.5072463768115942
LSPIN,lspin_tf,0.2,0.0105,0.1,1,2,0.8731082825223124,4.02292899408284,0.6774193548387096,3.1608727810650885,0.4647887323943662
LSPIN,lspin_tf,0.2,0.00875,0.1,0,1,0.9067742585705536,4.118713017751479,0.7049180327868853,3.735576923076923,0.6
LSPIN,lspin_tf,0.2,0.00875,0.1,0,2,0.843670320163296,3.927144970414201,0.6507936507936508,3.1608727810650885,0.4647887323943662
LSPIN,lspin_tf,0.2,0.00875,0.1,1,2,0.8981440866441286,4.406065088757396,0.7931034482758621,3.352440828402367,0.5072463768115942
LSPIN,lspin_tf,0.2,0.007,0.1,0,1,0.90878893713877,3.735576923076923,0.6,3.831360946745562,0.625
LSPIN,lspin_tf,0.2,0.007,0.1,0,2,0.8454187186807887,3.448224852071006,0.5294117647058824,3.352440828402367,0.5072463768115942
LSPIN,lspin_tf,0.2,0.007,0.1,1,2,0.9213672202387904,4.214497041420118,0.7333333333333333,3.927144970414201,0.6507936507936508
LSPIN,lspin_tf,0.2,0.00525,0.1,0,1,0.8779577775438174,3.639792899408284,0.5757575757575758,2.9693047337278107,0.4246575342465753
LSPIN,lspin_tf,0.2,0.00525,0.1,0,2,0.9044190843774232,4.118713017751479,0.7049180327868853,3.352440828402367,0.5072463768115942
LSPIN,lspin_tf,0.2,0.00525,0.1,1,2,0.8964808054821376,4.214497041420118,0.7333333333333333,3.448224852071006,0.5294117647058824
L-LSPIN,lspin_tf,0.22,0.021,0.1,0,1,0.6395620984587574,2.7777366863905324,0.3866666666666666,3.0650887573964494,0.4444444444444444
L-LSPIN,lspin_tf,0.22,0.021,0.1,0,2,0.6938839509363681,2.586168639053254,0.3506493506493506,2.586168639053254,0.3506493506493506
L-LSPIN,lspin_tf,0.22,0.021,0.1,1,2,0.6596907868268194,2.7777366863905324,0.3866666666666666,2.7777366863905324,0.3866666666666666
L-LSPIN,lspin_tf,0.22,0.014,0.1,0,1,0.7153482298643746,3.5440088757396446,0.5522388059701493,1.8198964497041417,0.2235294117647059
L-LSPIN,lspin_tf,0.22,0.014,0.1,0,2,0.6786142882615154,2.9693047337278107,0.4246575342465753,2.7777366863905324,0.3866666666666666
L-LSPIN,lspin_tf,0.22,0.014,0.1,1,2,0.5383370720182237,2.4903846153846154,0.3333333333333333,1.724112426035503,0.2093023255813953
L-LSPIN,lspin_tf,0.22,0.0105,0.1,0,1,0.6535648050733524,2.586168639053254,0.3506493506493506,2.7777366863905324,0.3866666666666666
L-LSPIN,lspin_tf,0.22,0.0105,0.1,0,2,0.7577474309979646,3.0650887573964494,0.4444444444444444,2.7777366863905324,0.3866666666666666
L-LSPIN,lspin_tf,0.22,0.0105,0.1,1,2,0.7662641770258446,3.0650887573964494,0.4444444444444444,3.0650887573964494,0.4444444444444444
L-LSPIN,lspin_tf,0.22,0.00875,0.1,0,1,0.7363052625207117,3.5440088757396446,0.5522388059701493,2.6819526627218933,0.3684210526315789
L-LSPIN,lspin_tf,0.22,0.00875,0.1,0,2,0.7611525834776957,3.256656804733728,0.4857142857142857,2.7777366863905324,0.3866666666666666
L-LSPIN,lspin_tf,0.22,0.00875,0.1,1,2,0.8506739788953882,3.735576923076923,0.6,3.352440828402367,0.5072463768115942
L-LSPIN,lspin_tf,0.22,0.007,0.1,0,1,0.6861775205665326,3.256656804733728,0.4857142857142857,3.0650887573964494,0.4444444444444444
L-LSPIN,lspin_tf,0.22,0.007,0.1,0,2,0.6167621952818381,2.3946005917159763,0.3164556962025316,2.4903846153846154,0.3333333333333333
L-LSPIN,lspin_tf,0.22,0.007,0.1,1,2,0.4521244604205374,2.3946005917159763,0.3164556962025316,2.107248520710059,0.2682926829268293
L-LSPIN,lspin_tf,0.2,0.021,0.1,0,1,0.711031052278917,3.1608727810650885,0.4647887323943662,2.6819526627218933,0.3684210526315789
L-LSPIN,lspin_tf,0.2,0.021,0.1,0,2,0.6608170603826705,2.4903846153846154,0.3333333333333333,2.9693047337278107,0.4246575342465753
L-LSPIN,lspin_tf,0.2,0.021,0.1,1,2,0.6232876706100087,3.1608727810650885,0.4647887323943662,2.4903846153846154,0.3333333333333333
L-LSPIN,lspin_tf,0.2,0.014,0.1,0,1,0.771829187120775,3.0650887573964494,0.4444444444444444,2.7777366863905324,0.3866666666666666
L-LSPIN,lspin_tf,0.2,0.014,0.1,0,2,0.7927214171014929,3.352440828402367,0.5072463768115942,3.256656804733728,0.4857142857142857
L-LSPIN,lspin_tf,0.2,0.014,0.1,1,2,0.8095586211265416,3.0650887573964494,0.4444444444444444,3.0650887573964494,0.4444444444444444
L-LSPIN,lspin_tf,0.2,0.0105,0.1,0,1,0.8472547302674979,3.927144970414201,0.6507936507936508,3.448224852071006,0.5294117647058824
L-LSPIN,lspin_tf,0.2,0.0105,0.1,0,2,0.7481931209158282,2.8735207100591715,0.4054054054054054,3.1608727810650885,0.4647887323943662
L-LSPIN,lspin_tf,0.2,0.0105,0.1,1,2,0.7851719614560614,3.1608727810650885,0.4647887323943662,3.1608727810650885,0.4647887323943662
L-LSPIN,lspin_tf,0.2,0.00875,0.1,0,1,0.8228657677652563,3.0650887573964494,0.4444444444444444,3.256656804733728,0.4857142857142857
L-LSPIN,lspin_tf,0.2,0.00875,0.1,0,2,0.7589139786328186,3.0650887573964494,0.4444444444444444,2.6819526627218933,0.3684210526315789
L-LSPIN,lspin_tf,0.2,0.00875,0.1,1,2,0.6851068352759807,2.8735207100591715,0.4054054054054054,2.7777366863905324,0.3866666666666666
L-LSPIN,lspin_tf,0.2,0.007,0.1,0,1,0.5583619368331317,2.4903846153846154,0.3333333333333333,2.3946005917159763,0.3164556962025316
L-LSPIN,lspin_tf,0.2,0.007,0.1,0,2,0.5973699686827192,2.8735207100591715,0.4054054054054054,2.01146449704142,0.253012048192771
L-LSPIN,lspin_tf,0.2,0.007,0.1,1,2,0.7180193933092117,3.352440828402367,0.5072463768115942,2.586168639053254,0.3506493506493506
Concrete,concrete,0.15,0.004,0.1,0,1,0.7852049329076212,3.735576923076923,0.6,2.8735207100591715,0.4054054054054054
Concrete,concrete,0.15,0.004,0.1,0,2,0.7635809255215179,3.448224852071006,0.5294117647058824,3.448224852071006,0.5294117647058824
Concrete,concrete,0.15,0.004,0.1,1,2,0.7180746582440694,4.310281065088757,0.7627118644067796,2.9693047337278107,0.4246575342465753
Concrete,concrete,0.15,0.003,0.1,0,1,0.8228851360401601,3.831360946745562,0.625,3.735576923076923,0.6
Concrete,concrete,0.15,0.003,0.1,0,2,0.7841154345333029,4.118713017751479,0.7049180327868853,3.5440088757396446,0.5522388059701493
Concrete,concrete,0.15,0.003,0.1,1,2,0.8294868661602205,4.118713017751479,0.7049180327868853,3.448224852071006,0.5294117647058824
Concrete,concrete,0.15,0.0025,0.1,0,1,0.8995048748102635,3.639792899408284,0.5757575757575758,4.02292899408284,0.6774193548387096
Concrete,concrete,0.15,0.0025,0.1,0,2,0.9159520030642164,3.927144970414201,0.6507936507936508,3.831360946745562,0.625
Concrete,concrete,0.15,0.0025,0.1,1,2,0.9040953875908287,4.02292899408284,0.6774193548387096,4.310281065088757,0.7627118644067796
Concrete,concrete,0.15,0.002,0.1,0,1,0.9250323629915038,4.02292899408284,0.6774193548387096,3.831360946745562,0.625
Concrete,concrete,0.15,0.002,0.1,0,2,0.9072286473816012,3.927144970414201,0.6507936507936508,4.597633136094674,0.8571428571428571
Concrete,concrete,0.15,0.002,0.1,1,2,0.901079457769272,3.831360946745562,0.625,3.927144970414201,0.6507936507936508
Concrete,concrete,0.15,0.0015,0.1,0,1,0.906785248965214,3.831360946745562,0.625,3.639792899408284,0.5757575757575758
Concrete,concrete,0.15,0.0015,0.1,0,2,0.7222246273293574,3.5440088757396446,0.5522388059701493,2.6819526627218933,0.3684210526315789
Concrete,concrete,0.15,0.0015,0.1,1,2,0.7182120395246233,3.639792899408284,0.5757575757575758,2.8735207100591715,0.4054054054054054
Concrete,concrete,0.12,0.004,0.1,0,1,0.8647938294534614,4.118713017751479,0.7049180327868853,3.352440828402367,0.5072463768115942
Concrete,concrete,0.12,0.004,0.1,0,2,0.8689237512773953,3.927144970414201,0.6507936507936508,3.1608727810650885,0.4647887323943662
Concrete,concrete,0.12,0.004,0.1,1,2,0.8635515757567096,3.927144970414201,0.6507936507936508,3.831360946745562,0.625
Concrete,concrete,0.12,0.003,0.1,0,1,0.8877148993270503,4.406065088757396,0.7931034482758621,3.639792899408284,0.5757575757575758
Concrete,concrete,0.12,0.003,0.1,0,2,0.8177745473502455,3.448224852071006,0.5294117647058824,2.9693047337278107,0.4246575342465753
Concrete,concrete,0.12,0.003,0.1,1,2,0.7007463266097042,3.927144970414201,0.6507936507936508,3.1608727810650885,0.4647887323943662
Concrete,concrete,0.12,0.0025,0.1,0,1,0.8862454146818014,3.639792899408284,0.5757575757575758,3.5440088757396446,0.5522388059701493
Concrete,concrete,0.12,0.0025,0.1,0,2,0.885268575362816,3.639792899408284,0.5757575757575758,3.0650887573964494,0.4444444444444444
Concrete,concrete,0.12,0.0025,0.1,1,2,0.8446903192835726,4.118713017751479,0.7049180327868853,2.9693047337278107,0.4246575342465753
Concrete,concrete,0.12,0.002,0.1,0,1,0.854724507940357,3.5440088757396446,0.5522388059701493,3.5440088757396446,0.5522388059701493
Concrete,concrete,0.12,0.002,0.1,0,2,0.7985886251285393,3.5440088757396446,0.5522388059701493,3.1608727810650885,0.4647887323943662
Concrete,concrete,0.12,0.002,0.1,1,2,0.8380373036336826,3.927144970414201,0.6507936507936508,3.5440088757396446,0.5522388059701493
Concrete,concrete,0.12,0.0015,0.1,0,1,0.9114241313055692,4.02292899408284,0.6774193548387096,4.02292899408284,0.6774193548387096
Concrete,concrete,0.12,0.0015,0.1,0,2,0.947966024708076,4.310281065088757,0.7627118644067796,4.02292899408284,0.6774193548387096
Concrete,concrete,0.12,0.0015,0.1,1,2,0.9367710633906118,4.02292899408284,0.6774193548387096,4.118713017751479,0.7049180327868853
L-Concrete,concrete,0.15,0.004,0.1,0,1,0.662392714418973,3.1608727810650885,0.4647887323943662,1.4367603550295858,0.1685393258426966
L-Concrete,concrete,0.15,0.004,0.1,0,2,0.6748033630774646,3.256656804733728,0.4857142857142857,1.8198964497041417,0.2235294117647059
L-Concrete,concrete,0.15,0.004,0.1,1,2,0.7372469149658376,3.5440088757396446,0.5522388059701493,2.8735207100591715,0.4054054054054054
L-Concrete,concrete,0.15,0.003,0.1,0,1,0.90207701199423,2.4903846153846154,0.3333333333333333,3.831360946745562,0.625
L-Concrete,concrete,0.15,0.003,0.1,0,2,0.5582526183768911,2.8735207100591715,0.4054054054054054,2.7777366863905324,0.3866666666666666
L-Concrete,concrete,0.15,0.003,0.1,1,2,0.5557845352936253,1.6283284023668638,0.1954022988505747,2.4903846153846154,0.3333333333333333
L-Concrete,concrete,0.15,0.0025,0.1,0,1,0.6653823311629504,3.0650887573964494,0.4444444444444444,2.9693047337278107,0.4246575342465753
L-Concrete,concrete,0.15,0.0025,0.1,0,2,0.7654201967587252,3.1608727810650885,0.4647887323943662,3.448224852071006,0.5294117647058824
L-Concrete,concrete,0.15,0.0025,0.1,1,2,0.7296182208919284,2.6819526627218933,0.3684210526315789,3.1608727810650885,0.4647887323943662
L-Concrete,concrete,0.15,0.002,0.1,0,1,0.7025815065096105,2.3946005917159763,0.3164556962025316,2.8735207100591715,0.4054054054054054
L-Concrete,concrete,0.15,0.002,0.1,0,2,0.64589007509399,2.203032544378698,0.2839506172839506,2.586168639053254,0.3506493506493506
L-Concrete,concrete,0.15,0.002,0.1,1,2,0.6646338122039187,2.586168639053254,0.3506493506493506,2.8735207100591715,0.4054054054054054
L-Concrete,concrete,0.15,0.0015,0.1,0,1,0.8138964994344109,3.448224852071006,0.5294117647058824,3.639792899408284,0.5757575757575758
L-Concrete,concrete,0.15,0.0015,0.1,0,2,0.5966505863608589,2.203032544378698,0.2839506172839506,2.3946005917159763,0.3164556962025316
L-Concrete,concrete,0.15,0.0015,0.1,1,2,0.5946400908470265,2.203032544378698,0.2839506172839506,2.7777366863905324,0.3866666666666666
L-Concrete,concrete,0.12,0.004,0.1,0,1,0.7711495761729437,3.448224852071006,0.5294117647058824,2.8735207100591715,0.4054054054054054
L-Concrete,concrete,0.12,0.004,0.1,0,2,0.7611949169096351,3.448224852071006,0.5294117647058824,2.7777366863905324,0.3866666666666666
L-Concrete,concrete,0.12,0.004,0.1,1,2,0.6855171812393153,2.8735207100591715,0.4054054054054054,2.586168639053254,0.3506493506493506
L-Concrete,concrete,0.12,0.003,0.1,0,1,0.7334260964600265,3.0650887573964494,0.4444444444444444,2.9693047337278107,0.4246575342465753
L-Concrete,concrete,0.12,0.003,0.1,0,2,0.826240475831467,3.639792899408284,0.5757575757575758,3.0650887573964494,0.4444444444444444
L-Concrete,concrete,0.12,0.003,0.1,1,2,0.770998306890231,3.1608727810650885,0.4647887323943662,2.9693047337278107,0.4246575342465753
L-Concrete,concrete,0.12,0.0025,0.1,0,1,0.6322871956350478,2.7777366863905324,0.3866666666666666,3.1608727810650885,0.4647887323943662
L-Concrete,concrete,0.12,0.0025,0.1,0,2,0.3252017951823361,2.7777366863905324,0.3866666666666666,1.724112426035503,0.2093023255813953
L-Concrete,concrete,0.12,0.0025,0.1,1,2,0.755574660016659,3.831360946745562,0.625,2.7777366863905324,0.3866666666666666
L-Concrete,concrete,0.12,0.002,0.1,0,1,0.6917409895939927,2.6819526627218933,0.3684210526315789,3.0650887573964494,0.4444444444444444
L-Concrete,concrete,0.12,0.002,0.1,0,2,0.728187207762733,3.352440828402367,0.5072463768115942,2.9693047337278107,0.4246575342465753
L-Concrete,concrete,0.12,0.002,0.1,1,2,0.7883491861000823,3.256656804733728,0.4857142857142857,2.7777366863905324,0.3866666666666666
L-Concrete,concrete,0.12,0.0015,0.1,0,1,0.8608617514624375,2.107248520710059,0.2682926829268293,3.1608727810650885,0.4647887323943662
L-Concrete,concrete,0.12,0.0015,0.1,0,2,0.5850373107375033,3.0650887573964494,0.4444444444444444,2.6819526627218933,0.3684210526315789
L-Concrete,concrete,0.12,0.0015,0.1,1,2,0.42833076972389,2.298816568047337,0.3,2.107248520710059,0.2682926829268293
LSPIN,lspin_tf,0.22,0.014,0.05,0,1,0.811012138917058,3.448224852071006,0.5294117647058824,2.9693047337278107,0.4246575342465753
LSPIN,lspin_tf,0.22,0.014,0.05,0,2,0.8064868482172024,3.735576923076923,0.6,2.8735207100591715,0.4054054054054054
LSPIN,lspin_tf,0.22,0.014,0.05,1,2,0.8344009649125622,3.735576923076923,0.6,2.8735207100591715,0.4054054054054054
LSPIN,lspin_tf,0.22,0.0105,0.05,0,1,0.8933229935339719,3.735576923076923,0.6,3.448224852071006,0.5294117647058824
LSPIN,lspin_tf,0.22,0.0105,0.05,0,2,0.8470461987839266,3.639792899408284,0.5757575757575758,2.9693047337278107,0.4246575342465753
LSPIN,lspin_tf,0.22,0.0105,0.05,1,2,0.8722758815212351,4.02292899408284,0.6774193548387096,3.0650887573964494,0.4444444444444444
LSPIN,lspin_tf,0.22,0.00875,0.05,0,1,0.9039171728677868,3.735576923076923,0.6,3.5440088757396446,0.5522388059701493
LSPIN,lspin_tf,0.22,0.00875,0.05,0,2,0.8817065753260447,3.5440088757396446,0.5522388059701493,3.448224852071006,0.5294117647058824
LSPIN,lspin_tf,0.22,0.00875,0.05,1,2,0.9323142889384202,4.118713017751479,0.7049180327868853,4.02292899408284,0.6774193548387096
LSPIN,lspin_tf,0.22,0.007,0.05,0,1,0.9125512163400424,4.310281065088757,0.7627118644067796,3.448224852071006,0.5294117647058824
LSPIN,lspin_tf,0.22,0.007,0.05,0,2,0.8219770912147457,4.118713017751479,0.7049180327868853,2.9693047337278107,0.4246575342465753
LSPIN,lspin_tf,0.22,0.007,0.05,1,2,0.888234266497397,4.118713017751479,0.7049180327868853,3.735576923076923,0.6
LSPIN,lspin_tf,0.22,0.00525,0.05,0,1,0.9456764724729392,4.406065088757396,0.7931034482758621,3.639792899408284,0.5757575757575758
LSPIN,lspin_tf,0.22,0.00525,0.05,0,2,0.9205651285858816,3.5440088757396446,0.5522388059701493,4.02292899408284,0.6774193548387096
LSPIN,lspin_tf,0.22,0.00525,0.05,1,2,0.9327923962672514,4.02292899408284,0.6774193548387096,3.927144970414201,0.6507936507936508
LSPIN,lspin_tf,0.2,0.014,0.05,0,1,0.8627107604198663,3.735576923076923,0.6,3.639792899408284,0.5757575757575758
LSPIN,lspin_tf,0.2,0.014,0.05,0,2,0.7954416454434973,3.5440088757396446,0.5522388059701493,3.0650887573964494,0.4444444444444444
LSPIN,lspin_tf,0.2,0.014,0.05,1,2,0.859085715691098,3.927144970414201,0.6507936507936508,2.9693047337278107,0.4246575342465753
LSPIN,lspin_tf,0.2,0.0105,0.05,0,1,0.8880618906244057,4.310281065088757,0.7627118644067796,3.352440828402367,0.5072463768115942
LSPIN,lspin_tf,0.2,0.0105,0.05,0,2,0.8812625955175728,4.214497041420118,0.7333333333333333,3.256656804733728,0.4857142857142857
LSPIN,lspin_tf,0.2,0.0105,0.05,1,2,0.9087219618170396,4.118713017751479,0.7049180327868853,3.735576923076923,0.6
LSPIN,lspin_tf,0.2,0.00875,0.05,0,1,0.9129228950461344,4.118713017751479,0.7049180327868853,3.352440828402367,0.5072463768115942
LSPIN,lspin_tf,0.2,0.00875,0.05,0,2,0.8374299910016147,4.214497041420118,0.7333333333333333,2.203032544378698,0.2839506172839506
LSPIN,lspin_tf,0.2,0.00875,0.05,1,2,0.9003143357571579,4.118713017751479,0.7049180327868853,3.639792899408284,0.5757575757575758
LSPIN,lspin_tf,0.2,0.007,0.05,0,1,0.9305900444788489,4.02292899408284,0.6774193548387096,3.256656804733728,0.4857142857142857
LSPIN,lspin_tf,0.2,0.007,0.05,0,2,0.8975655319148066,3.927144970414201,0.6507936507936508,3.352440828402367,0.5072463768115942
LSPIN,lspin_tf,0.2,0.007,0.05,1,2,0.8634035391846263,4.02292899408284,0.6774193548387096,2.9693047337278107,0.4246575342465753
LSPIN,lspin_tf,0.2,0.00525,0.05,0,1,0.8885365337709112,3.448224852071006,0.5294117647058824,3.256656804733728,0.4857142857142857
LSPIN,lspin_tf,0.2,0.00525,0.05,0,2,0.85085580768058,3.639792899408284,0.5757575757575758,2.8735207100591715,0.4054054054054054
LSPIN,lspin_tf,0.2,0.00525,0.05,1,2,0.8929412836331767,4.02292899408284,0.6774193548387096,3.352440828402367,0.5072463768115942
L-LSPIN,lspin_tf,0.22,0.021,0.05,0,1,0.6764613599897303,3.352440828402367,0.5072463768115942,2.203032544378698,0.2839506172839506
L-LSPIN,lspin_tf,0.22,0.021,0.05,0,2,0.7254229649446001,3.0650887573964494,0.4444444444444444,2.8735207100591715,0.4054054054054054
L-LSPIN,lspin_tf,0.22,0.021,0.05,1,2,0.7027142621014969,3.1608727810650885,0.4647887323943662,2.3946005917159763,0.3164556962025316
L-LSPIN,lspin_tf,0.22,0.014,0.05,0,1,0.6700869363590556,2.7777366863905324,0.3866666666666666,2.9693047337278107,0.4246575342465753
L-LSPIN,lspin_tf,0.22,0.014,0.05,0,2,0.5712336609342813,2.203032544378698,0.2839506172839506,2.01146449704142,0.253012048192771
L-LSPIN,lspin_tf,0.22,0.014,0.05,1,2,0.6596113019080135,2.4903846153846154,0.3333333333333333,2.8735207100591715,0.4054054054054054
L-LSPIN,lspin_tf,0.22,0.0105,0.05,0,1,0.7056985168540204,2.9693047337278107,0.4246575342465753,2.4903846153846154,0.3333333333333333
L-LSPIN,lspin_tf,0.22,0.0105,0.05,0,2,0.6902793536436929,2.9693047337278107,0.4246575342465753,2.4903846153846154,0.3333333333333333
L-LSPIN,lspin_tf,0.22,0.0105,0.05,1,2,0.6129366203677811,2.6819526627218933,0.3684210526315789,2.203032544378698,0.2839506172839506
L-LSPIN,lspin_tf,0.22,0.00875,0.05,0,1,0.8075909270410485,3.1608727810650885,0.4647887323943662,3.256656804733728,0.4857142857142857
L-LSPIN,lspin_tf,0.22,0.00875,0.05,0,2,0.7871024446927856,3.256656804733728,0.4857142857142857,3.1608727810650885,0.4647887323943662
L-LSPIN,lspin_tf,0.22,0.00875,0.05,1,2,0.7006993884289969,2.586168639053254,0.3506493506493506,3.256656804733728,0.4857142857142857
L-LSPIN,lspin_tf,0.22,0.007,0.05,0,1,0.7656673715605792,2.586168639053254,0.3506493506493506,2.9693047337278107,0.4246575342465753
L-LSPIN,lspin_tf,0.22,0.007,0.05,0,2,0.7360019942797821,3.352440828402367,0.5072463768115942,2.586168639053254,0.3506493506493506
L-LSPIN,lspin_tf,0.22,0.007,0.05,1,2,0.5107014681385551,2.203032544378698,0.2839506172839506,2.6819526627218933,0.3684210526315789
L-LSPIN,lspin_tf,0.2,0.021,0.05,0,1,0.5169168914583606,2.6819526627218933,0.3684210526315789,1.8198964497041417,0.2235294117647059
L-LSPIN,lspin_tf,0.2,0.021,0.05,0,2,0.5948579391632681,2.3946005917159763,0.3164556962025316,2.3946005917159763,0.3164556962025316
L-LSPIN,lspin_tf,0.2,0.021,0.05,1,2,0.456196390367149,2.107248520710059,0.2682926829268293,1.915680473372781,0.238095238095238
L-LSPIN,lspin_tf,0.2,0.014,0.05,0,1,0.6462978762286666,2.586168639053254,0.3506493506493506,2.6819526627218933,0.3684210526315789
L-LSPIN,lspin_tf,0.2,0.014,0.05,0,2,0.7481427694314496,3.0650887573964494,0.4444444444444444,2.8735207100591715,0.4054054054054054
L-LSPIN,lspin_tf,0.2,0.014,0.05,1,2,0.6349534569956808,2.8735207100591715,0.4054054054054054,2.586168639053254,0.3506493506493506
L-LSPIN,lspin_tf,0.2,0.0105,0.05,0,1,0.692437374465667,3.0650887573964494,0.4444444444444444,2.8735207100591715,0.4054054054054054
L-LSPIN,lspin_tf,0.2,0.0105,0.05,0,2,0.7231638539984169,3.1608727810650885,0.4647887323943662,2.8735207100591715,0.4054054054054054
L-LSPIN,lspin_tf,0.2,0.0105,0.05,1,2,0.6729143741926271,3.448224852071006,0.5294117647058824,2.203032544378698,0.2839506172839506
L-LSPIN,lspin_tf,0.2,0.00875,0.05,0,1,0.7288504391761995,2.586168639053254,0.3506493506493506,2.6819526627218933,0.3684210526315789
L-LSPIN,lspin_tf,0.2,0.00875,0.05,0,2,0.7471530779105284,3.0650887573964494,0.4444444444444444,2.586168639053254,0.3506493506493506
L-LSPIN,lspin_tf,0.2,0.00875,0.05,1,2,0.6485500683346072,2.8735207100591715,0.4054054054054054,2.203032544378698,0.2839506172839506
L-LSPIN,lspin_tf,0.2,0.007,0.05,0,1,0.7973269533644068,3.256656804733728,0.4857142857142857,3.448224852071006,0.5294117647058824
L-LSPIN,lspin_tf,0.2,0.007,0.05,0,2,0.6315655154625595,3.352440828402367,0.5072463768115942,2.4903846153846154,0.3333333333333333
L-LSPIN,lspin_tf,0.2,0.007,0.05,1,2,0.6358927064837415,3.352440828402367,0.5072463768115942,2.01146449704142,0.253012048192771
Concrete,concrete,0.15,0.004,0.05,0,1,0.7636800684680658,3.831360946745562,0.625,2.9693047337278107,0.4246575342465753
Concrete,concrete,0.15,0.004,0.05,0,2,0.6636136222184458,3.448224852071006,0.5294117647058824,3.1608727810650885,0.4647887323943662
Concrete,concrete,0.15,0.004,0.05,1,2,0.7603697913950676,3.831360946745562,0.625,2.8735207100591715,0.4054054054054054
Concrete,concrete,0.15,0.003,0.05,0,1,0.7101141210795726,4.214497041420118,0.7333333333333333,2.01146449704142,0.253012048192771
Concrete,concrete,0.15,0.003,0.05,0,2,0.855334369243624,4.118713017751479,0.7049180327868853,3.352440828402367,0.5072463768115942
Concrete,concrete,0.15,0.003,0.05,1,2,0.7733857558232302,4.310281065088757,0.7627118644067796,3.1608727810650885,0.4647887323943662
Concrete,concrete,0.15,0.0025,0.05,0,1,0.9158402157617088,4.406065088757396,0.7931034482758621,4.118713017751479,0.7049180327868853
Concrete,concrete,0.15,0.0025,0.05,0,2,0.9041107817951262,4.406065088757396,0.7931034482758621,3.5440088757396446,0.5522388059701493
Concrete,concrete,0.15,0.0025,0.05,1,2,0.8999147305620813,4.310281065088757,0.7627118644067796,3.831360946745562,0.625
Concrete,concrete,0.15,0.002,0.05,0,1,0.8500713358074096,4.406065088757396,0.7931034482758621,2.203032544378698,0.2839506172839506
Concrete,concrete,0.15,0.002,0.05,0,2,0.8977797035807008,4.310281065088757,0.7627118644067796,2.9693047337278107,0.4246575342465753
Concrete,concrete,0.15,0.002,0.05,1,2,0.8379490382110417,4.501849112426036,0.8245614035087719,3.256656804733728,0.4857142857142857
Concrete,concrete,0.15,0.0015,0.05,0,1,0.8236029887464568,3.1608727810650885,0.4647887323943662,3.5440088757396446,0.5522388059701493
Concrete,concrete,0.15,0.0015,0.05,0,2,0.887235985046035,3.927144970414201,0.6507936507936508,3.831360946745562,0.625
Concrete,concrete,0.15,0.0015,0.05,1,2,0.8193260676463183,3.352440828402367,0.5072463768115942,3.639792899408284,0.5757575757575758
Concrete,concrete,0.12,0.004,0.05,0,1,0.8859766645972145,3.927144970414201,0.6507936507936508,3.831360946745562,0.625
Concrete,concrete,0.12,0.004,0.05,0,2,0.8273084047170106,3.831360946745562,0.625,3.448224852071006,0.5294117647058824
Concrete,concrete,0.12,0.004,0.05,1,2,0.8468368175720946,3.831360946745562,0.625,3.448224852071006,0.5294117647058824
Concrete,concrete,0.12,0.003,0.05,0,1,0.8133160719710192,3.735576923076923,0.6,4.118713017751479,0.7049180327868853
Concrete,concrete,0.12,0.003,0.05,0,2,0.8616188403415171,3.735576923076923,0.6,3.5440088757396446,0.5522388059701493
Concrete,concrete,0.12,0.003,0.05,1,2,0.8640386883200989,4.118713017751479,0.7049180327868853,3.352440828402367,0.5072463768115942
Concrete,concrete,0.12,0.0025,0.05,0,1,0.8663811260467355,3.927144970414201,0.6507936507936508,3.0650887573964494,0.4444444444444444
Concrete,concrete,0.12,0.0025,0.05,0,2,0.7563914184735312,3.639792899408284,0.5757575757575758,2.7777366863905324,0.3866666666666666
Concrete,concrete,0.12,0.0025,0.05,1,2,0.7988613415306093,3.5440088757396446,0.5522388059701493,3.1608727810650885,0.4647887323943662
Concrete,concrete,0.12,0.002,0.05,0,1,0.8741525592966631,4.118713017751479,0.7049180327868853,3.639792899408284,0.5757575757575758
Concrete,concrete,0.12,0.002,0.05,0,2,0.9165885516334508,4.118713017751479,0.7049180327868853,3.256656804733728,0.4857142857142857
Concrete,concrete,0.12,0.002,0.05,1,2,0.8629556741200166,3.927144970414201,0.6507936507936508,2.6819526627218933,0.3684210526315789
Concrete,concrete,0.12,0.0015,0.05,0,1,0.8608174676375127,3.448224852071006,0.5294117647058824,3.831360946745562,0.625
Concrete,concrete,0.12,0.0015,0.05,0,2,0.7654155305966903,4.118713017751479,0.7049180327868853,3.5440088757396446,0.5522388059701493
Concrete,concrete,0.12,0.0015,0.05,1,2,0.8975701530892487,3.5440088757396446,0.5522388059701493,3.927144970414201,0.6507936507936508
L-Concrete,concrete,0.15,0.004,0.05,0,1,0.5068777043077318,2.4903846153846154,0.3333333333333333,2.107248520710059,0.2682926829268293
L-Concrete,concrete,0.15,0.004,0.05,0,2,0.3885011499754655,2.107248520710059,0.2682926829268293,1.915680473372781,0.238095238095238
L-Concrete,concrete,0.15,0.004,0.05,1,2,0.691329444766269,2.6819526627218933,0.3684210526315789,3.0650887573964494,0.4444444444444444
L-Concrete,concrete,0.15,0.003,0.05,0,1,0.7367841912553296,3.256656804733728,0.4857142857142857,3.639792899408284,0.5757575757575758
L-Concrete,concrete,0.15,0.003,0.05,0,2,0.6593715262392126,2.6819526627218933,0.3684210526315789,3.1608727810650885,0.4647887323943662
L-Concrete,concrete,0.15,0.003,0.05,1,2,0.6370272748742793,2.203032544378698,0.2839506172839506,2.9693047337278107,0.4246575342465753
L-Concrete,concrete,0.15,0.0025,0.05,0,1,0.7293943610461574,3.0650887573964494,0.4444444444444444,3.352440828402367,0.5072463768115942
L-Concrete,concrete,0.15,0.0025,0.05,0,2,0.7069556044336589,2.7777366863905324,0.3866666666666666,2.8735207100591715,0.4054054054054054
L-Concrete,concrete,0.15,0.0025,0.05,1,2,0.8297262535142079,3.5440088757396446,0.5522388059701493,3.256656804733728,0.4857142857142857
L-Concrete,concrete,0.15,0.002,0.05,0,1,0.7968201558945153,2.6819526627218933,0.3684210526315789,3.0650887573964494,0.4444444444444444
L-Concrete,concrete,0.15,0.002,0.05,0,2,0.7803043300764204,2.4903846153846154,0.3333333333333333,3.352440828402367,0.5072463768115942
L-Concrete,concrete,0.15,0.002,0.05,1,2,0.8082522228693444,2.01146449704142,0.253012048192771,2.6819526627218933,0.3684210526315789
L-Concrete,concrete,0.15,0.0015,0.05,0,1,0.8474750844106546,2.3946005917159763,0.3164556962025316,3.831360946745562,0.625
L-Concrete,concrete,0.15,0.0015,0.05,0,2,0.5677051244964563,3.0650887573964494,0.4444444444444444,2.203032544378698,0.2839506172839506
L-Concrete,concrete,0.15,0.0015,0.05,1,2,0.3685615868848734,2.107248520710059,0.2682926829268293,1.6283284023668638,0.1954022988505747
L-Concrete,concrete,0.12,0.004,0.05,0,1,0.5906796139252486,3.639792899408284,0.5757575757575758,2.586168639053254,0.3506493506493506
L-Concrete,concrete,0.12,0.004,0.05,0,2,0.7102094217871489,3.352440828402367,0.5072463768115942,2.298816568047337,0.3
L-Concrete,concrete,0.12,0.004,0.05,1,2,0.5754117286667535,3.0650887573964494,0.4444444444444444,2.8735207100591715,0.4054054054054054
L-Concrete,concrete,0.12,0.003,0.05,0,1,0.7807548207523023,2.9693047337278107,0.4246575342465753,3.256656804733728,0.4857142857142857
L-Concrete,concrete,0.12,0.003,0.05,0,2,0.7815317397682839,3.1608727810650885,0.4647887323943662,3.256656804733728,0.4857142857142857
L-Concrete,concrete,0.12,0.003,0.05,1,2,0.7379469782532081,3.0650887573964494,0.4444444444444444,2.8735207100591715,0.4054054054054054
L-Concrete,concrete,0.12,0.0025,0.05,0,1,0.6185410178545747,2.3946005917159763,0.3164556962025316,2.6819526627218933,0.3684210526315789
L-Concrete,concrete,0.12,0.0025,0.05,0,2,0.6379166492762272,2.8735207100591715,0.4054054054054054,2.9693047337278107,0.4246575342465753
L-Concrete,concrete,0.12,0.0025,0.05,1,2,0.7288272296805655,3.0650887573964494,0.4444444444444444,3.0650887573964494,0.4444444444444444
L-Concrete,concrete,0.12,0.002,0.05,0,1,0.7045787668042168,2.4903846153846154,0.3333333333333333,3.0650887573964494,0.4444444444444444
L-Concrete,concrete,0.12,0.002,0.05,0,2,0.5814318838969719,2.6819526627218933,0.3684210526315789,1.724112426035503,0.2093023255813953
L-Concrete,concrete,0.12,0.002,0.05,1,2,0.5358668974555241,2.8735207100591715,0.4054054054054054,1.915680473372781,0.238095238095238
L-Concrete,concrete,0.12,0.0015,0.05,0,1,0.7771669145608474,3.0650887573964494,0.4444444444444444,3.352440828402367,0.5072463768115942
L-Concrete,concrete,0.12,0.0015,0.05,0,2,0.8523170294084277,2.107248520710059,0.2682926829268293,3.5440088757396446,0.5522388059701493
L-Concrete,concrete,0.12,0.0015,0.05,1,2,0.6617302008869514,1.915680473372781,0.238095238095238,3.0650887573964494,0.4444444444444444
LSPIN,lspin_tf,0.22,0.014,0.025,0,1,0.7526934016493376,3.639792899408284,0.5757575757575758,2.9693047337278107,0.4246575342465753
LSPIN,lspin_tf,0.22,0.014,0.025,0,2,0.8297564264203918,3.352440828402367,0.5072463768115942,3.256656804733728,0.4857142857142857
LSPIN,lspin_tf,0.22,0.014,0.025,1,2,0.8636688400808668,3.639792899408284,0.5757575757575758,3.639792899408284,0.5757575757575758
LSPIN,lspin_tf,0.22,0.0105,0.025,0,1,0.8655244520607426,3.352440828402367,0.5072463768115942,3.352440828402367,0.5072463768115942
LSPIN,lspin_tf,0.22,0.0105,0.025,0,2,0.8875747493534388,4.214497041420118,0.7333333333333333,3.352440828402367,0.5072463768115942
LSPIN,lspin_tf,0.22,0.0105,0.025,1,2,0.8674716374953119,3.831360946745562,0.625,3.639792899408284,0.5757575757575758
LSPIN,lspin_tf,0.22,0.00875,0.025,0,1,0.8912313324853489,3.927144970414201,0.6507936507936508,3.352440828402367,0.5072463768115942
LSPIN,lspin_tf,0.22,0.00875,0.025,0,2,0.8859440421553368,4.02292899408284,0.6774193548387096,3.256656804733728,0.4857142857142857
LSPIN,lspin_tf,0.22,0.00875,0.025,1,2,0.8894517249018586,3.927144970414201,0.6507936507936508,3.448224852071006,0.5294117647058824
LSPIN,lspin_tf,0.22,0.007,0.025,0,1,0.8956707451721625,4.310281065088757,0.7627118644067796,3.5440088757396446,0.5522388059701493
LSPIN,lspin_tf,0.22,0.007,0.025,0,2,0.8941924826338616,4.214497041420118,0.7333333333333333,3.831360946745562,0.625
LSPIN,lspin_tf,0.22,0.007,0.025,1,2,0.9390376785222172,4.214497041420118,0.7333333333333333,3.831360946745562,0.625
LSPIN,lspin_tf,0.22,0.00525,0.025,0,1,0.8844468019028768,3.5440088757396446,0.5522388059701493,3.352440828402367,0.5072463768115942
LSPIN,lspin_tf,0.22,0.00525,0.025,0,2,0.8615877039544727,3.5440088757396446,0.5522388059701493,3.256656804733728,0.4857142857142857
LSPIN,lspin_tf,0.22,0.00525,0.025,1,2,0.8554821364454719,3.5440088757396446,0.5522388059701493,3.1608727810650885,0.4647887323943662
LSPIN,lspin_tf,0.2,0.014,0.025,0,1,0.7955548452216691,3.256656804733728,0.4857142857142857,3.5440088757396446,0.5522388059701493
LSPIN,lspin_tf,0.2,0.014,0.025,0,2,0.7551332507255887,3.256656804733728,0.4857142857142857,3.5440088757396446,0.5522388059701493
LSPIN,lspin_tf,0.2,0.014,0.025,1,2,0.80552333251006,3.352440828402367,0.5072463768115942,3.0650887573964494,0.4444444444444444
LSPIN,lspin_tf,0.2,0.0105,0.025,0,1,0.8446274613414966,3.927144970414201,0.6507936507936508,2.6819526627218933,0.3684210526315789
LSPIN,lspin_tf,0.2,0.0105,0.025,0,2,0.9230447874240764,4.501849112426036,0.8245614035087719,3.5440088757396446,0.5522388059701493
LSPIN,lspin_tf,0.2,0.0105,0.025,1,2,0.899222881709807,4.214497041420118,0.7333333333333333,3.1608727810650885,0.4647887323943662
LSPIN,lspin_tf,0.2,0.00875,0.025,0,1,0.8443725472996731,3.831360946745562,0.625,3.1608727810650885,0.4647887323943662
LSPIN,lspin_tf,0.2,0.00875,0.025,0,2,0.8243834713661431,3.5440088757396446,0.5522388059701493,3.1608727810650885,0.4647887323943662
LSPIN,lspin_tf,0.2,0.00875,0.025,1,2,0.8435251732190601,3.927144970414201,0.6507936507936508,3.0650887573964494,0.4444444444444444
LSPIN,lspin_tf,0.2,0.007,0.025,0,1,0.80503959459551,3.448224852071006,0.5294117647058824,3.0650887573964494,0.4444444444444444
LSPIN,lspin_tf,0.2,0.007,0.025,0,2,0.9285415578595622,4.118713017751479,0.7049180327868853,3.735576923076923,0.6
LSPIN,lspin_tf,0.2,0.007,0.025,1,2,0.869243728744765,3.448224852071006,0.5294117647058824,3.0650887573964494,0.4444444444444444
LSPIN,lspin_tf,0.2,0.00525,0.025,0,1,0.8120710189995635,3.735576923076923,0.6,2.203032544378698,0.2839506172839506
LSPIN,lspin_tf,0.2,0.00525,0.025,0,2,0.8469409921807082,3.927144970414201,0.6507936507936508,2.9693047337278107,0.4246575342465753
LSPIN,lspin_tf,0.2,0.00525,0.025,1,2,0.8848333119923012,4.118713017751479,0.7049180327868853,3.256656804733728,0.4857142857142857
L-LSPIN,lspin_tf,0.22,0.021,0.025,0,1,0.5178060234982514,2.107248520710059,0.2682926829268293,2.203032544378698,0.2839506172839506
L-LSPIN,lspin_tf,0.22,0.021,0.025,0,2,0.6620463206312047,2.9693047337278107,0.4246575342465753,2.3946005917159763,0.3164556962025316
L-LSPIN,lspin_tf,0.22,0.021,0.025,1,2,0.6387787848449061,2.4903846153846154,0.3333333333333333,1.915680473372781,0.238095238095238
L-LSPIN,lspin_tf,0.22,0.014,0.025,0,1,0.5140283960688632,1.8198964497041417,0.2235294117647059,2.6819526627218933,0.3684210526315789
L-LSPIN,lspin_tf,0.22,0.014,0.025,0,2,0.6730394899017546,2.6819526627218933,0.3684210526315789,2.7777366863905324,0.3866666666666666
L-LSPIN,lspin_tf,0.22,0.014,0.025,1,2,0.4990204732387407,1.8198964497041417,0.2235294117647059,2.298816568047337,0.3
L-LSPIN,lspin_tf,0.22,0.0105,0.025,0,1,0.7131276755652931,3.0650887573964494,0.4444444444444444,3.0650887573964494,0.4444444444444444
L-LSPIN,lspin_tf,0.22,0.0105,0.025,0,2,0.6700747722074916,2.586168639053254,0.3506493506493506,2.586168639053254,0.3506493506493506
L-LSPIN,lspin_tf,0.22,0.0105,0.025,1,2,0.7277967726517944,2.4903846153846154,0.3333333333333333,2.9693047337278107,0.4246575342465753
L-LSPIN,lspin_tf,0.22,0.00875,0.025,0,1,0.7533534979996366,2.6819526627218933,0.3684210526315789,3.1608727810650885,0.4647887323943662
L-LSPIN,lspin_tf,0.22,0.00875,0.025,0,2,0.7209251054391446,3.1608727810650885,0.4647887323943662,2.8735207100591715,0.4054054054054054
L-LSPIN,lspin_tf,0.22,0.00875,0.025,1,2,0.7109505002759569,2.8735207100591715,0.4054054054054054,2.9693047337278107,0.4246575342465753
L-LSPIN,lspin_tf,0.22,0.007,0.025,0,1,0.7288362874475748,2.9693047337278107,0.4246575342465753,2.8735207100591715,0.4054054054054054
L-LSPIN,lspin_tf,0.22,0.007,0.025,0,2,0.7127621113803427,2.6819526627218933,0.3684210526315789,2.9693047337278107,0.4246575342465753
L-LSPIN,lspin_tf,0.22,0.007,0.025,1,2,0.8142819318840734,3.639792899408284,0.5757575757575758,3.352440828402367,0.5072463768115942
L-LSPIN,lspin_tf,0.2,0.021,0.025,0,1,0.6311054787245096,2.9693047337278107,0.4246575342465753,1.8198964497041417,0.2235294117647059
L-LSPIN,lspin_tf,0.2,0.021,0.025,0,2,0.5426269169433463,2.203032544378698,0.2839506172839506,2.4903846153846154,0.3333333333333333
L-LSPIN,lspin_tf,0.2,0.021,0.025,1,2,0.6364123801098541,2.586168639053254,0.3506493506493506,2.586168639053254,0.3506493506493506
L-LSPIN,lspin_tf,0.2,0.014,0.025,0,1,0.6938223398865268,3.352440828402367,0.5072463768115942,2.586168639053254,0.3506493506493506
L-LSPIN,lspin_tf,0.2,0.014,0.025,0,2,0.6090440454243035,3.1608727810650885,0.4647887323943662,2.4903846153846154,0.3333333333333333
L-LSPIN,lspin_tf,0.2,0.014,0.025,1,2,0.7219693025707705,2.8735207100591715,0.4054054054054054,2.586168639053254,0.3506493506493506
L-LSPIN,lspin_tf,0.2,0.0105,0.025,0,1,0.5687675142826244,2.7777366863905324,0.3866666666666666,2.586168639053254,0.3506493506493506
L-LSPIN,lspin_tf,0.2,0.0105,0.025,0,2,0.6635547515929453,2.9693047337278107,0.4246575342465753,2.586168639053254,0.3506493506493506
L-LSPIN,lspin_tf,0.2,0.0105,0.025,1,2,0.6958768969695965,2.7777366863905324,0.3866666666666666,3.0650887573964494,0.4444444444444444
L-LSPIN,lspin_tf,0.2,0.00875,0.025,0,1,0.7384514166775075,3.0650887573964494,0.4444444444444444,2.4903846153846154,0.3333333333333333
L-LSPIN,lspin_tf,0.2,0.00875,0.025,0,2,0.6995335766805146,2.7777366863905324,0.3866666666666666,2.6819526627218933,0.3684210526315789
L-LSPIN,lspin_tf,0.2,0.00875,0.025,1,2,0.8364748055356688,3.1608727810650885,0.4647887323943662,3.639792899408284,0.5757575757575758
L-LSPIN,lspin_tf,0.2,0.007,0.025,0,1,0.8320878570891868,3.352440828402367,0.5072463768115942,2.9693047337278107,0.4246575342465753
L-LSPIN,lspin_tf,0.2,0.007,0.025,0,2,0.8107790141782102,3.448224852071006,0.5294117647058824,2.9693047337278107,0.4246575342465753
L-LSPIN,lspin_tf,0.2,0.007,0.025,1,2,0.8414630459856015,3.0650887573964494,0.4444444444444444,3.256656804733728,0.4857142857142857
Concrete,concrete,0.15,0.004,0.025,0,1,0.8372452902584693,3.5440088757396446,0.5522388059701493,3.448224852071006,0.5294117647058824
Concrete,concrete,0.15,0.004,0.025,0,2,0.8857824161797045,3.448224852071006,0.5294117647058824,3.1608727810650885,0.4647887323943662
Concrete,concrete,0.15,0.004,0.025,1,2,0.8202646102327632,4.02292899408284,0.6774193548387096,4.118713017751479,0.7049180327868853
Concrete,concrete,0.15,0.003,0.025,0,1,0.9157304512631604,3.352440828402367,0.5072463768115942,3.831360946745562,0.625
Concrete,concrete,0.15,0.003,0.025,0,2,0.9219564301128824,4.310281065088757,0.7627118644067796,3.831360946745562,0.625
Concrete,concrete,0.15,0.003,0.025,1,2,0.878035433166248,3.256656804733728,0.4857142857142857,3.448224852071006,0.5294117647058824
Concrete,concrete,0.15,0.0025,0.025,0,1,0.8667852504875379,4.02292899408284,0.6774193548387096,4.02292899408284,0.6774193548387096
Concrete,concrete,0.15,0.0025,0.025,0,2,0.8233259268087673,4.02292899408284,0.6774193548387096,2.3946005917159763,0.3164556962025316
Concrete,concrete,0.15,0.0025,0.025,1,2,0.7493265036152327,4.214497041420118,0.7333333333333333,2.298816568047337,0.3
Concrete,concrete,0.15,0.002,0.025,0,1,0.9020848172989786,4.310281065088757,0.7627118644067796,3.735576923076923,0.6
Concrete,concrete,0.15,0.002,0.025,0,2,0.8454658033060284,3.831360946745562,0.625,3.448224852071006,0.5294117647058824
Concrete,concrete,0.15,0.002,0.025,1,2,0.822796975405201,4.214497041420118,0.7333333333333333,3.1608727810650885,0.4647887323943662
Concrete,concrete,0.15,0.0015,0.025,0,1,0.8993918942383007,4.501849112426036,0.8245614035087719,3.0650887573964494,0.4444444444444444
Concrete,concrete,0.15,0.0015,0.025,0,2,0.8163916726183972,4.310281065088757,0.7627118644067796,3.1608727810650885,0.4647887323943662
Concrete,concrete,0.15,0.0015,0.025,1,2,0.8386125652113876,4.118713017751479,0.7049180327868853,2.4903846153846154,0.3333333333333333
Concrete,concrete,0.12,0.004,0.025,0,1,0.899417704665116,4.02292899408284,0.6774193548387096,3.448224852071006,0.5294117647058824
Concrete,concrete,0.12,0.004,0.025,0,2,0.8827035264007791,4.118713017751479,0.7049180327868853,3.256656804733728,0.4857142857142857
Concrete,concrete,0.12,0.004,0.025,1,2,0.9199805363120718,3.927144970414201,0.6507936507936508,3.5440088757396446,0.5522388059701493
Concrete,concrete,0.12,0.003,0.025,0,1,0.941402652941466,4.406065088757396,0.7931034482758621,3.831360946745562,0.625
Concrete,concrete,0.12,0.003,0.025,0,2,0.9059771137282476,4.02292899408284,0.6774193548387096,3.927144970414201,0.6507936507936508
Concrete,concrete,0.12,0.003,0.025,1,2,0.8927677446945438,4.310281065088757,0.7627118644067796,4.118713017751479,0.7049180327868853
Concrete,concrete,0.12,0.0025,0.025,0,1,0.8997984908234228,4.214497041420118,0.7333333333333333,3.5440088757396446,0.5522388059701493
Concrete,concrete,0.12,0.0025,0.025,0,2,0.8965491660237137,4.02292899408284,0.6774193548387096,3.927144970414201,0.6507936507936508
Concrete,concrete,0.12,0.0025,0.025,1,2,0.8742254943467874,4.214497041420118,0.7333333333333333,3.256656804733728,0.4857142857142857
Concrete,concrete,0.12,0.002,0.025,0,1,0.8418309022354811,4.02292899408284,0.6774193548387096,2.4903846153846154,0.3333333333333333
Concrete,concrete,0.12,0.002,0.025,0,2,0.7881708870205069,3.352440828402367,0.5072463768115942,2.586168639053254,0.3506493506493506
Concrete,concrete,0.12,0.002,0.025,1,2,0.890457623486044,4.02292899408284,0.6774193548387096,4.02292899408284,0.6774193548387096
Concrete,concrete,0.12,0.0015,0.025,0,1,0.6657290203742953,3.1608727810650885,0.4647887323943662,3.0650887573964494,0.4444444444444444
Concrete,concrete,0.12,0.0015,0.025,0,2,0.7307985091164931,4.02292899408284,0.6774193548387096,3.352440828402367,0.5072463768115942
Concrete,concrete,0.12,0.0015,0.025,1,2,0.7295285458323516,2.8735207100591715,0.4054054054054054,3.831360946745562,0.625
L-Concrete,concrete,0.15,0.004,0.025,0,1,0.6705980189592545,2.4903846153846154,0.3333333333333333,2.7777366863905324,0.3866666666666666
L-Concrete,concrete,0.15,0.004,0.025,0,2,0.8163245570431169,3.256656804733728,0.4857142857142857,3.352440828402367,0.5072463768115942
L-Concrete,concrete,0.15,0.004,0.025,1,2,0.7570366052145155,2.6819526627218933,0.3684210526315789,2.8735207100591715,0.4054054054054054
L-Concrete,concrete,0.15,0.003,0.025,0,1,0.7263669335037759,2.298816568047337,0.3,3.735576923076923,0.6
L-Concrete,concrete,0.15,0.003,0.025,0,2,0.7106496477959318,2.7777366863905324,0.3866666666666666,3.448224852071006,0.5294117647058824
L-Concrete,concrete,0.15,0.003,0.025,1,2,0.7995317659807549,3.352440828402367,0.5072463768115942,3.5440088757396446,0.5522388059701493
L-Concrete,concrete,0.15,0.0025,0.025,0,1,0.5136497350266054,2.8735207100591715,0.4054054054054054,2.203032544378698,0.2839506172839506
L-Concrete,concrete,0.15,0.0025,0.025,0,2,0.8126314767286877,3.735576923076923,0.6,3.256656804733728,0.4857142857142857
L-Concrete,concrete,0.15,0.0025,0.025,1,2,0.7259743858625873,3.352440828402367,0.5072463768115942,2.586168639053254,0.3506493506493506
L-Concrete,concrete,0.15,0.002,0.025,0,1,0.6353305772183889,3.1608727810650885,0.4647887323943662,3.1608727810650885,0.4647887323943662
L-Concrete,concrete,0.15,0.002,0.025,0,2,0.5634278588854943,2.01146449704142,0.253012048192771,2.7777366863905324,0.3866666666666666
L-Concrete,concrete,0.15,0.002,0.025,1,2,0.7197148423086094,2.4903846153846154,0.3333333333333333,3.0650887573964494,0.4444444444444444
L-Concrete,concrete,0.15,0.0015,0.025,0,1,0.6962681554321314,2.586168639053254,0.3506493506493506,2.8735207100591715,0.4054054054054054
L-Concrete,concrete,0.15,0.0015,0.025,0,2,0.7307653876955392,2.4903846153846154,0.3333333333333333,3.448224852071006,0.5294117647058824
L-Concrete,concrete,0.15,0.0015,0.025,1,2,0.6689735044448475,2.4903846153846154,0.3333333333333333,2.6819526627218933,0.3684210526315789
L-Concrete,concrete,0.12,0.004,0.025,0,1,0.6967600596203608,2.9693047337278107,0.4246575342465753,2.586168639053254,0.3506493506493506
L-Concrete,concrete,0.12,0.004,0.025,0,2,0.7282761779728348,2.8735207100591715,0.4054054054054054,2.8735207100591715,0.4054054054054054
L-Concrete,concrete,0.12,0.004,0.025,1,2,0.7382045782688309,2.6819526627218933,0.3684210526315789,2.6819526627218933,0.3684210526315789
L-Concrete,concrete,0.12,0.003,0.025,0,1,0.7878543538373547,3.448224852071006,0.5294117647058824,3.639792899408284,0.5757575757575758
L-Concrete,concrete,0.12,0.003,0.025,0,2,0.8493671797571632,3.352440828402367,0.5072463768115942,3.5440088757396446,0.5522388059701493
L-Concrete,concrete,0.12,0.003,0.025,1,2,0.8115294321331029,3.448224852071006,0.5294117647058824,3.448224852071006,0.5294117647058824
L-Concrete,concrete,0.12,0.0025,0.025,0,1,0.7625504075362358,2.8735207100591715,0.4054054054054054,3.639792899408284,0.5757575757575758
L-Concrete,concrete,0.12,0.0025,0.025,0,2,0.8331778956309875,3.448224852071006,0.5294117647058824,3.1608727810650885,0.4647887323943662
L-Concrete,concrete,0.12,0.0025,0.025,1,2,0.715153588783364,3.1608727810650885,0.4647887323943662,2.8735207100591715,0.4054054054054054
L-Concrete,concrete,0.12,0.002,0.025,0,1,0.6755288257587018,2.8735207100591715,0.4054054054054054,2.586168639053254,0.3506493506493506
L-Concrete,concrete,0.12,0.002,0.025,0,2,0.7676005674167455,3.0650887573964494,0.4444444444444444,3.5440088757396446,0.5522388059701493
L-Concrete,concrete,0.12,0.002,0.025,1,2,0.7781650572008676,3.256656804733728,0.4857142857142857,3.0650887573964494,0.4444444444444444
L-Concrete,concrete,0.12,0.0015,0.025,0,1,0.780480857831331,2.9693047337278107,0.4246575342465753,3.639792899408284,0.5757575757575758
L-Concrete,concrete,0.12,0.0015,0.025,0,2,0.612007804491521,2.7777366863905324,0.3866666666666666,2.203032544378698,0.2839506172839506
L-Concrete,concrete,0.12,0.0015,0.025,1,2,0.6071481657611975,2.8735207100591715,0.4054054054054054,2.3946005917159763,0.3164556962025316
LSPIN,lspin_tf,0.2,0.00525,0.0,3,4,0.8214267099057261,3.927144970414201,0.6507936507936508,2.8735207100591715,0.4054054054054054
LSPIN,lspin_tf,0.2,0.00525,0.0,3,5,0.8848558707873859,4.02292899408284,0.6774193548387096,3.0650887573964494,0.4444444444444444
LSPIN,lspin_tf,0.2,0.00525,0.0,3,6,0.898703916054588,4.214497041420118,0.7333333333333333,3.735576923076923,0.6
LSPIN,lspin_tf,0.2,0.00525,0.0,3,7,0.9004772801224092,3.927144970414201,0.6507936507936508,3.735576923076923,0.6
LSPIN,lspin_tf,0.2,0.00525,0.0,3,8,0.9078307902527436,3.639792899408284,0.5757575757575758,3.352440828402367,0.5072463768115942
LSPIN,lspin_tf,0.2,0.00525,0.0,3,9,0.8863200043535723,3.927144970414201,0.6507936507936508,2.8735207100591715,0.4054054054054054
LSPIN,lspin_tf,0.2,0.00525,0.0,3,10,0.7968725863439016,3.831360946745562,0.625,2.9693047337278107,0.4246575342465753
LSPIN,lspin_tf,0.2,0.00525,0.0,3,11,0.8984583373714129,3.735576923076923,0.6,3.831360946745562,0.625
LSPIN,lspin_tf,0.2,0.00525,0.0,4,5,0.8547023310864086,3.927144970414201,0.6507936507936508,3.1608727810650885,0.4647887323943662
LSPIN,lspin_tf,0.2,0.00525,0.0,4,6,0.8362784172768698,3.831360946745562,0.625,2.8735207100591715,0.4054054054054054
LSPIN,lspin_tf,0.2,0.00525,0.0,4,7,0.8200849896650011,4.02292899408284,0.6774193548387096,2.6819526627218933,0.3684210526315789
LSPIN,lspin_tf,0.2,0.00525,0.0,4,8,0.7923331265652971,3.735576923076923,0.6,2.4903846153846154,0.3333333333333333
LSPIN,lspin_tf,0.2,0.00525,0.0,4,9,0.8022504361445185,3.639792899408284,0.5757575757575758,2.298816568047337,0.3
LSPIN,lspin_tf,0.2,0.00525,0.0,4,10,0.8615701416123536,3.735576923076923,0.6,3.0650887573964494,0.4444444444444444
LSPIN,lspin_tf,0.2,0.00525,0.0,4,11,0.8821924322972264,3.831360946745562,0.625,3.352440828402367,0.5072463768115942
LSPIN,lspin_tf,0.2,0.00525,0.0,5,6,0.8563172970607916,4.118713017751479,0.7049180327868853,3.352440828402367,0.5072463768115942
LSPIN,lspin_tf,0.2,0.00525,0.0,5,7,0.9116185452281836,3.831360946745562,0.625,3.352440828402367,0.5072463768115942
LSPIN,lspin_tf,0.2,0.00525,0.0,5,8,0.8995155922370098,3.927144970414201,0.6507936507936508,3.256656804733728,0.4857142857142857
LSPIN,lspin_tf,0.2,0.00525,0.0,5,9,0.894615891520795,3.735576923076923,0.6,2.8735207100591715,0.4054054054054054
LSPIN,lspin_tf,0.2,0.00525,0.0,5,10,0.8464912690049827,3.639792899408284,0.5757575757575758,3.448224852071006,0.5294117647058824
LSPIN,lspin_tf,0.2,0.00525,0.0,5,11,0.883747478649984,3.5440088757396446,0.5522388059701493,3.352440828402367,0.5072463768115942
LSPIN,lspin_tf,0.2,0.00525,0.0,6,7,0.8782637157602847,4.214497041420118,0.7333333333333333,3.735576923076923,0.6
LSPIN,lspin_tf,0.2,0.00525,0.0,6,8,0.866935044150188,4.02292899408284,0.6774193548387096,3.639792899408284,0.5757575757575758
LSPIN,lspin_tf,0.2,0.00525,0.0,6,9,0.8735472816488308,4.214497041420118,0.7333333333333333,2.9693047337278107,0.4246575342465753
LSPIN,lspin_tf,0.2,0.00525,0.0,6,10,0.8267252804404005,4.118713017751479,0.7049180327868853,2.8735207100591715,0.4054054054054054
LSPIN,lspin_tf,0.2,0.00525,0.0,6,11,0.9002026624154,4.118713017751479,0.7049180327868853,3.927144970414201,0.6507936507936508
LSPIN,lspin_tf,0.2,0.00525,0.0,7,8,0.9033119960177034,4.02292899408284,0.6774193548387096,3.5440088757396446,0.5522388059701493
LSPIN,lspin_tf,0.2,0.00525,0.0,7,9,0.8876612125903837,4.118713017751479,0.7049180327868853,3.256656804733728,0.4857142857142857
LSPIN,lspin_tf,0.2,0.00525,0.0,7,10,0.8602707428659871,4.118713017751479,0.7049180327868853,3.0650887573964494,0.4444444444444444
LSPIN,lspin_tf,0.2,0.00525,0.0,7,11,0.8952800790414298,4.02292899408284,0.6774193548387096,3.735576923076923,0.6
LSPIN,lspin_tf,0.2,0.00525,0.0,8,9,0.9124655716660915,3.735576923076923,0.6,3.5440088757396446,0.5522388059701493
LSPIN,lspin_tf,0.2,0.00525,0.0,8,10,0.7784118119137023,4.02292899408284,0.6774193548387096,2.586168639053254,0.3506493506493506
LSPIN,lspin_tf,0.2,0.00525,0.0,8,11,0.8755210143002324,3.639792899408284,0.5757575757575758,3.448224852071006,0.5294117647058824
LSPIN,lspin_tf,0.2,0.00525,0.0,9,10,0.7731040853629516,4.310281065088757,0.7627118644067796,2.01146449704142,0.253012048192771
LSPIN,lspin_tf,0.2,0.00525,0.0,9,11,0.8749927713968214,3.735576923076923,0.6,2.9693047337278107,0.4246575342465753
LSPIN,lspin_tf,0.2,0.00525,0.0,10,11,0.8493260544017295,3.735576923076923,0.6,3.352440828402367,0.5072463768115942
Concrete,concrete,0.12,0.0015,0.05,3,4,0.8715712180164225,3.927144970414201,0.6507936507936508,3.5440088757396446,0.5522388059701493
Concrete,concrete,0.12,0.0015,0.05,3,5,0.818348696597601,4.02292899408284,0.6774193548387096,2.8735207100591715,0.4054054054054054
Concrete,concrete,0.12,0.0015,0.05,3,6,0.8468055379526551,4.310281065088757,0.7627118644067796,2.9693047337278107,0.4246575342465753
Concrete,concrete,0.12,0.0015,0.05,3,7,0.9223318560623154,4.310281065088757,0.7627118644067796,3.1608727810650885,0.4647887323943662
Concrete,concrete,0.12,0.0015,0.05,3,8,0.8801681170504667,3.735576923076923,0.6,3.735576923076923,0.6
Concrete,concrete,0.12,0.0015,0.05,3,9,0.8517993298237722,4.118713017751479,0.7049180327868853,2.4903846153846154,0.3333333333333333
Concrete,concrete,0.12,0.0015,0.05,3,10,0.8560197819936797,4.118713017751479,0.7049180327868853,2.586168639053254,0.3506493506493506
Concrete,concrete,0.12,0.0015,0.05,3,11,0.9049092941107744,4.214497041420118,0.7333333333333333,3.0650887573964494,0.4444444444444444
Concrete,concrete,0.12,0.0015,0.05,4,5,0.8763539810930445,3.831360946745562,0.625,3.256656804733728,0.4857142857142857
Concrete,concrete,0.12,0.0015,0.05,4,6,0.9131367237878306,4.118713017751479,0.7049180327868853,3.448224852071006,0.5294117647058824
Concrete,concrete,0.12,0.0015,0.05,4,7,0.9283857480727264,4.310281065088757,0.7627118644067796,3.5440088757396446,0.5522388059701493
Concrete,concrete,0.12,0.0015,0.05,4,8,0.9338046463906564,3.927144970414201,0.6507936507936508,3.735576923076923,0.6
Concrete,concrete,0.12,0.0015,0.05,4,9,0.786525519359787,3.927144970414201,0.6507936507936508,3.0650887573964494,0.4444444444444444
Concrete,concrete,0.12,0.0015,0.05,4,10,0.9022608481942856,3.927144970414201,0.6507936507936508,3.5440088757396446,0.5522388059701493
Concrete,concrete,0.12,0.0015,0.05,4,11,0.8899884372074283,4.02292899408284,0.6774193548387096,3.448224852071006,0.5294117647058824
Concrete,concrete,0.12,0.0015,0.05,5,6,0.917870453294768,4.693417159763313,0.8909090909090909,3.5440088757396446,0.5522388059701493
Concrete,concrete,0.12,0.0015,0.05,5,7,0.877727185510915,4.118713017751479,0.7049180327868853,3.5440088757396446,0.5522388059701493
Concrete,concrete,0.12,0.0015,0.05,5,8,0.8923336691517262,4.02292899408284,0.6774193548387096,3.0650887573964494,0.4444444444444444
Concrete,concrete,0.12,0.0015,0.05,5,9,0.7793475436640767,4.310281065088757,0.7627118644067796,3.352440828402367,0.5072463768115942
Concrete,concrete,0.12,0.0015,0.05,5,10,0.9077768022225292,3.927144970414201,0.6507936507936508,3.735576923076923,0.6
Concrete,concrete,0.12,0.0015,0.05,5,11,0.9079882788074132,4.501849112426036,0.8245614035087719,3.831360946745562,0.625
Concrete,concrete,0.12,0.0015,0.05,6,7,0.9174073212376512,4.406065088757396,0.7931034482758621,3.5440088757396446,0.5522388059701493
Concrete,concrete,0.12,0.0015,0.05,6,8,0.9210516057068552,4.214497041420118,0.7333333333333333,3.352440828402367,0.5072463768115942
Concrete,concrete,0.12,0.0015,0.05,6,9,0.8751710604629,4.406065088757396,0.7931034482758621,3.639792899408284,0.5757575757575758
Concrete,concrete,0.12,0.0015,0.05,6,10,0.9322015919008896,4.118713017751479,0.7049180327868853,4.118713017751479,0.7049180327868853
Concrete,concrete,0.12,0.0015,0.05,6,11,0.952415719181336,4.693417159763313,0.8909090909090909,4.118713017751479,0.7049180327868853
Concrete,concrete,0.12,0.0015,0.05,7,8,0.924191288319901,4.214497041420118,0.7333333333333333,3.5440088757396446,0.5522388059701493
Concrete,concrete,0.12,0.0015,0.05,7,9,0.8809586303847033,4.214497041420118,0.7333333333333333,3.735576923076923,0.6
Concrete,concrete,0.12,0.0015,0.05,7,10,0.9186288114143027,4.02292899408284,0.6774193548387096,3.448224852071006,0.5294117647058824
Concrete,concrete,0.12,0.0015,0.05,7,11,0.9313897565854214,4.214497041420118,0.7333333333333333,3.735576923076923,0.6
Concrete,concrete,0.12,0.0015,0.05,8,9,0.8176220458268104,3.927144970414201,0.6507936507936508,2.7777366863905324,0.3866666666666666
Concrete,concrete,0.12,0.0015,0.05,8,10,0.9023554687301426,3.735576923076923,0.6,3.256656804733728,0.4857142857142857
Concrete,concrete,0.12,0.0015,0.05,8,11,0.9136481113935604,4.214497041420118,0.7333333333333333,3.256656804733728,0.4857142857142857
Concrete,concrete,0.12,0.0015,0.05,9,10,0.8730259436003825,4.118713017751479,0.7049180327868853,3.639792899408284,0.5757575757575758
Concrete,concrete,0.12,0.0015,0.05,9,11,0.9100331146261422,4.310281065088757,0.7627118644067796,4.02292899408284,0.6774193548387096
Concrete,concrete,0.12,0.0015,0.05,10,11,0.9209381673345952,4.118713017751479,0.7049180327868853,3.735576923076923,0.6
LSPIN,lspin_tf,0.2,0.007,0.1,3,4,0.8042570383297047,4.118713017751479,0.7049180327868853,3.0650887573964494,0.4444444444444444
LSPIN,lspin_tf,0.2,0.007,0.1,3,5,0.8516354597891185,4.310281065088757,0.7627118644067796,2.6819526627218933,0.3684210526315789
LSPIN,lspin_tf,0.2,0.007,0.1,3,6,0.8737127509101702,3.735576923076923,0.6,3.735576923076923,0.6
LSPIN,lspin_tf,0.2,0.007,0.1,3,7,0.8384370209536732,3.927144970414201,0.6507936507936508,3.448224852071006,0.5294117647058824
LSPIN,lspin_tf,0.2,0.007,0.1,3,8,0.8317736695868356,3.831360946745562,0.625,3.448224852071006,0.5294117647058824
LSPIN,lspin_tf,0.2,0.007,0.1,3,9,0.8340664980983298,3.831360946745562,0.625,3.639792899408284,0.5757575757575758
LSPIN,lspin_tf,0.2,0.007,0.1,3,10,0.8898645155783403,4.118713017751479,0.7049180327868853,3.639792899408284,0.5757575757575758
LSPIN,lspin_tf,0.2,0.007,0.1,3,11,0.8998048293486222,3.735576923076923,0.6,3.5440088757396446,0.5522388059701493
LSPIN,lspin_tf,0.2,0.007,0.1,4,5,0.9025773872617175,4.501849112426036,0.8245614035087719,2.8735207100591715,0.4054054054054054
LSPIN,lspin_tf,0.2,0.007,0.1,4,6,0.8381594163073965,3.639792899408284,0.5757575757575758,3.448224852071006,0.5294117647058824
LSPIN,lspin_tf,0.2,0.007,0.1,4,7,0.8490068753145696,4.02292899408284,0.6774193548387096,3.1608727810650885,0.4647887323943662
LSPIN,lspin_tf,0.2,0.007,0.1,4,8,0.9179051711385324,4.118713017751479,0.7049180327868853,3.639792899408284,0.5757575757575758
LSPIN,lspin_tf,0.2,0.007,0.1,4,9,0.8587277899440368,3.831360946745562,0.625,3.639792899408284,0.5757575757575758
LSPIN,lspin_tf,0.2,0.007,0.1,4,10,0.8734807367469063,3.927144970414201,0.6507936507936508,3.256656804733728,0.4857142857142857
LSPIN,lspin_tf,0.2,0.007,0.1,4,11,0.8226812432181442,3.639792899408284,0.5757575757575758,3.256656804733728,0.4857142857142857
LSPIN,lspin_tf,0.2,0.007,0.1,5,6,0.831808343830588,3.639792899408284,0.5757575757575758,2.298816568047337,0.3
LSPIN,lspin_tf,0.2,0.007,0.1,5,7,0.827865948016154,4.118713017751479,0.7049180327868853,2.6819526627218933,0.3684210526315789
LSPIN,lspin_tf,0.2,0.007,0.1,5,8,0.9069726018002648,4.118713017751479,0.7049180327868853,3.5440088757396446,0.5522388059701493
LSPIN,lspin_tf,0.2,0.007,0.1,5,9,0.8172347483437736,3.735576923076923,0.6,2.4903846153846154,0.3333333333333333
LSPIN,lspin_tf,0.2,0.007,0.1,5,10,0.8641691306338948,4.02292899408284,0.6774193548387096,2.586168639053254,0.3506493506493506
LSPIN,lspin_tf,0.2,0.007,0.1,5,11,0.8740555692523212,3.5440088757396446,0.5522388059701493,3.5440088757396446,0.5522388059701493
LSPIN,lspin_tf,0.2,0.007,0.1,6,7,0.9029299329324724,4.118713017751479,0.7049180327868853,3.352440828402367,0.5072463768115942
LSPIN,lspin_tf,0.2,0.007,0.1,6,8,0.8423446031190381,4.118713017751479,0.7049180327868853,3.352440828402367,0.5072463768115942
LSPIN,lspin_tf,0.2,0.007,0.1,6,9,0.8769302094787145,3.735576923076923,0.6,3.735576923076923,0.6
LSPIN,lspin_tf,0.2,0.007,0.1,6,10,0.9251547363592924,3.927144970414201,0.6507936507936508,3.735576923076923,0.6
LSPIN,lspin_tf,0.2,0.007,0.1,6,11,0.8555548290380868,3.639792899408284,0.5757575757575758,3.352440828402367,0.5072463768115942
LSPIN,lspin_tf,0.2,0.007,0.1,7,8,0.8489569096306748,3.927144970414201,0.6507936507936508,3.1608727810650885,0.4647887323943662
LSPIN,lspin_tf,0.2,0.007,0.1,7,9,0.8986714634376292,4.118713017751479,0.7049180327868853,3.735576923076923,0.6
LSPIN,lspin_tf,0.2,0.007,0.1,7,10,0.8792228703702671,3.831360946745562,0.625,3.352440828402367,0.5072463768115942
LSPIN,lspin_tf,0.2,0.007,0.1,7,11,0.8287110431606403,3.927144970414201,0.6507936507936508,3.352440828402367,0.5072463768115942
LSPIN,lspin_tf,0.2,0.007,0.1,8,9,0.87482940475947,4.02292899408284,0.6774193548387096,3.448224852071006,0.5294117647058824
LSPIN,lspin_tf,0.2,0.007,0.1,8,10,0.8840987361226164,3.927144970414201,0.6507936507936508,3.256656804733728,0.4857142857142857
LSPIN,lspin_tf,0.2,0.007,0.1,8,11,0.8629259893776248,3.831360946745562,0.625,3.735576923076923,0.6
LSPIN,lspin_tf,0.2,0.007,0.1,9,10,0.8986494564543088,3.639792899408284,0.5757575757575758,3.639792899408284,0.5757575757575758
LSPIN,lspin_tf,0.2,0.007,0.1,9,11,0.8315095412032294,3.831360946745562,0.625,3.256656804733728,0.4857142857142857
LSPIN,lspin_tf,0.2,0.007,0.1,10,11,0.8734754341970814,3.448224852071006,0.5294117647058824,3.448224852071006,0.5294117647058824
Concrete,concrete,0.12,0.0015,0.0,3,4,0.901598325629298,4.118713017751479,0.7049180327868853,3.1608727810650885,0.4647887323943662
Concrete,concrete,0.12,0.0015,0.0,3,5,0.898261423654876,4.214497041420118,0.7333333333333333,3.352440828402367,0.5072463768115942
Concrete,concrete,0.12,0.0015,0.0,3,6,0.899333800486199,4.310281065088757,0.7627118644067796,3.352440828402367,0.5072463768115942
Concrete,concrete,0.12,0.0015,0.0,3,7,0.864385885336163,4.310281065088757,0.7627118644067796,2.9693047337278107,0.4246575342465753
Concrete,concrete,0.12,0.0015,0.0,3,8,0.9142413116454372,4.310281065088757,0.7627118644067796,3.448224852071006,0.5294117647058824
Concrete,concrete,0.12,0.0015,0.0,3,9,0.900808407822572,4.406065088757396,0.7931034482758621,3.352440828402367,0.5072463768115942
Concrete,concrete,0.12,0.0015,0.0,3,10,0.8679442553566318,4.501849112426036,0.8245614035087719,2.9693047337278107,0.4246575342465753
Concrete,concrete,0.12,0.0015,0.0,3,11,0.807196658849436,4.310281065088757,0.7627118644067796,2.7777366863905324,0.3866666666666666
Concrete,concrete,0.12,0.0015,0.0,4,5,0.9406736695734598,4.02292899408284,0.6774193548387096,3.735576923076923,0.6
Concrete,concrete,0.12,0.0015,0.0,4,6,0.9012188261727412,4.02292899408284,0.6774193548387096,3.0650887573964494,0.4444444444444444
Concrete,concrete,0.12,0.0015,0.0,4,7,0.9109962724456404,4.214497041420118,0.7333333333333333,3.639792899408284,0.5757575757575758
Concrete,concrete,0.12,0.0015,0.0,4,8,0.9112573356819372,3.927144970414201,0.6507936507936508,3.256656804733728,0.4857142857142857
Concrete,concrete,0.12,0.0015,0.0,4,9,0.9400802292917424,4.118713017751479,0.7049180327868853,3.448224852071006,0.5294117647058824
Concrete,concrete,0.12,0.0015,0.0,4,10,0.9247378718243224,4.118713017751479,0.7049180327868853,3.831360946745562,0.625
Concrete,concrete,0.12,0.0015,0.0,4,11,0.8317680580225243,3.639792899408284,0.5757575757575758,3.735576923076923,0.6
Concrete,concrete,0.12,0.0015,0.0,5,6,0.8738441411230117,4.02292899408284,0.6774193548387096,2.7777366863905324,0.3866666666666666
Concrete,concrete,0.12,0.0015,0.0,5,7,0.9444078105146514,4.02292899408284,0.6774193548387096,4.310281065088757,0.7627118644067796
Concrete,concrete,0.12,0.0015,0.0,5,8,0.9007574018516,4.118713017751479,0.7049180327868853,3.1608727810650885,0.4647887323943662
Concrete,concrete,0.12,0.0015,0.0,5,9,0.910790341786064,4.118713017751479,0.7049180327868853,3.1608727810650885,0.4647887323943662
Concrete,concrete,0.12,0.0015,0.0,5,10,0.9294450899371844,4.118713017751479,0.7049180327868853,4.310281065088757,0.7627118644067796
Concrete,concrete,0.12,0.0015,0.0,5,11,0.9065516766222294,3.927144970414201,0.6507936507936508,4.214497041420118,0.7333333333333333
Concrete,concrete,0.12,0.0015,0.0,6,7,0.8636756262803064,4.214497041420118,0.7333333333333333,2.9693047337278107,0.4246575342465753
Concrete,concrete,0.12,0.0015,0.0,6,8,0.9075517068096696,3.927144970414201,0.6507936507936508,3.1608727810650885,0.4647887323943662
Concrete,concrete,0.12,0.0015,0.0,6,9,0.9304509913797988,4.214497041420118,0.7333333333333333,3.256656804733728,0.4857142857142857
Concrete,concrete,0.12,0.0015,0.0,6,10,0.8389715272509831,4.118713017751479,0.7049180327868853,2.6819526627218933,0.3684210526315789
Concrete,concrete,0.12,0.0015,0.0,6,11,0.7909096299235225,3.927144970414201,0.6507936507936508,2.9693047337278107,0.4246575342465753
Concrete,concrete,0.12,0.0015,0.0,7,8,0.8827628595709153,4.02292899408284,0.6774193548387096,3.1608727810650885,0.4647887323943662
Concrete,concrete,0.12,0.0015,0.0,7,9,0.8886915842881224,4.310281065088757,0.7627118644067796,3.1608727810650885,0.4647887323943662
Concrete,concrete,0.12,0.0015,0.0,7,10,0.923825751027646,4.214497041420118,0.7333333333333333,4.310281065088757,0.7627118644067796
Concrete,concrete,0.12,0.0015,0.0,7,11,0.8615237995288191,3.831360946745562,0.625,4.214497041420118,0.7333333333333333
Concrete,concrete,0.12,0.0015,0.0,8,9,0.928593994559236,4.118713017751479,0.7049180327868853,3.639792899408284,0.5757575757575758
Concrete,concrete,0.12,0.0015,0.0,8,10,0.8740048210829061,4.406065088757396,0.7931034482758621,3.1608727810650885,0.4647887323943662
Concrete,concrete,0.12,0.0015,0.0,8,11,0.7960836805260465,3.831360946745562,0.625,2.8735207100591715,0.4054054054054054
Concrete,concrete,0.12,0.0015,0.0,9,10,0.8857647577728429,4.214497041420118,0.7333333333333333,3.0650887573964494,0.4444444444444444
Concrete,concrete,0.12,0.0015,0.0,9,11,0.8112307454532466,4.02292899408284,0.6774193548387096,2.8735207100591715,0.4054054054054054
Concrete,concrete,0.12,0.0015,0.0,10,11,0.8357218734611264,3.831360946745562,0.625,4.214497041420118,0.7333333333333333
L-LSPIN,lspin_tf,0.22,0.014,0.1,3,4,0.8525691558073977,3.1608727810650885,0.4647887323943662,2.9693047337278107,0.4246575342465753
L-LSPIN,lspin_tf,0.22,0.014,0.1,3,5,0.7841489939438725,3.448224852071006,0.5294117647058824,3.256656804733728,0.4857142857142857
L-LSPIN,lspin_tf,0.22,0.014,0.1,3,6,0.7822675950485389,3.1608727810650885,0.4647887323943662,2.8735207100591715,0.4054054054054054
L-LSPIN,lspin_tf,0.22,0.014,0.1,3,7,0.7240462076462961,2.7777366863905324,0.3866666666666666,2.7777366863905324,0.3866666666666666
L-LSPIN,lspin_tf,0.22,0.014,0.1,3,8,0.7159370568436277,3.1608727810650885,0.4647887323943662,2.7777366863905324,0.3866666666666666
L-LSPIN,lspin_tf,0.22,0.014,0.1,3,9,0.6529409225657936,3.352440828402367,0.5072463768115942,2.8735207100591715,0.4054054054054054
L-LSPIN,lspin_tf,0.22,0.014,0.1,3,10,0.8086787086010029,3.1608727810650885,0.4647887323943662,3.1608727810650885,0.4647887323943662
L-LSPIN,lspin_tf,0.22,0.014,0.1,3,11,0.8591704053178574,3.1608727810650885,0.4647887323943662,3.1608727810650885,0.4647887323943662
L-LSPIN,lspin_tf,0.22,0.014,0.1,4,5,0.8067489715507232,3.639792899408284,0.5757575757575758,2.7777366863905324,0.3866666666666666
L-LSPIN,lspin_tf,0.22,0.014,0.1,4,6,0.8260253101781789,3.831360946745562,0.625,2.8735207100591715,0.4054054054054054
L-LSPIN,lspin_tf,0.22,0.014,0.1,4,7,0.8002085082236939,3.1608727810650885,0.4647887323943662,3.1608727810650885,0.4647887323943662
L-LSPIN,lspin_tf,0.22,0.014,0.1,4,8,0.824742561953373,3.5440088757396446,0.5522388059701493,3.256656804733728,0.4857142857142857
L-LSPIN,lspin_tf,0.22,0.014,0.1,4,9,0.7499631240015606,3.639792899408284,0.5757575757575758,2.7777366863905324,0.3866666666666666
L-LSPIN,lspin_tf,0.22,0.014,0.1,4,10,0.8691473727854475,3.639792899408284,0.5757575757575758,3.1608727810650885,0.4647887323943662
L-LSPIN,lspin_tf,0.22,0.014,0.1,4,11,0.8783263905636265,3.448224852071006,0.5294117647058824,3.0650887573964494,0.4444444444444444
L-LSPIN,lspin_tf,0.22,0.014,0.1,5,6,0.800376771605106,3.256656804733728,0.4857142857142857,2.9693047337278107,0.4246575342465753
L-LSPIN,lspin_tf,0.22,0.014,0.1,5,7,0.7513003005197183,3.448224852071006,0.5294117647058824,2.9693047337278107,0.4246575342465753
L-LSPIN,lspin_tf,0.22,0.014,0.1,5,8,0.7818992431125867,3.352440828402367,0.5072463768115942,2.586168639053254,0.3506493506493506
L-LSPIN,lspin_tf,0.22,0.014,0.1,5,9,0.7686136753272822,3.639792899408284,0.5757575757575758,2.8735207100591715,0.4054054054054054
L-LSPIN,lspin_tf,0.22,0.014,0.1,5,10,0.7896134710592108,3.735576923076923,0.6,3.0650887573964494,0.4444444444444444
L-LSPIN,lspin_tf,0.22,0.014,0.1,5,11,0.7989450593591644,3.1608727810650885,0.4647887323943662,3.0650887573964494,0.4444444444444444
L-LSPIN,lspin_tf,0.22,0.014,0.1,6,7,0.7955432872043527,3.352440828402367,0.5072463768115942,2.8735207100591715,0.4054054054054054
L-LSPIN,lspin_tf,0.22,0.014,0.1,6,8,0.8150683673929946,3.639792899408284,0.5757575757575758,2.9693047337278107,0.4246575342465753
L-LSPIN,lspin_tf,0.22,0.014,0.1,6,9,0.761839220839723,3.352440828402367,0.5072463768115942,2.9693047337278107,0.4246575342465753
L-LSPIN,lspin_tf,0.22,0.014,0.1,6,10,0.8198236405376554,3.1608727810650885,0.4647887323943662,3.1608727810650885,0.4647887323943662
L-LSPIN,lspin_tf,0.22,0.014,0.1,6,11,0.8349636328910048,3.735576923076923,0.6,3.256656804733728,0.4857142857142857
L-LSPIN,lspin_tf,0.22,0.014,0.1,7,8,0.7727527781670359,3.1608727810650885,0.4647887323943662,2.7777366863905324,0.3866666666666666
L-LSPIN,lspin_tf,0.22,0.014,0.1,7,9,0.7456540944103356,3.352440828402367,0.5072463768115942,2.586168639053254,0.3506493506493506
L-LSPIN,lspin_tf,0.22,0.014,0.1,7,10,0.8100950723446525,3.256656804733728,0.4857142857142857,3.1608727810650885,0.4647887323943662
L-LSPIN,lspin_tf,0.22,0.014,0.1,7,11,0.7443091864797758,2.8735207100591715,0.4054054054054054,2.8735207100591715,0.4054054054054054
L-LSPIN,lspin_tf,0.22,0.014,0.1,8,9,0.7661519300469735,3.639792899408284,0.5757575757575758,2.8735207100591715,0.4054054054054054
L-LSPIN,lspin_tf,0.22,0.014,0.1,8,10,0.7954152126226721,3.5440088757396446,0.5522388059701493,2.8735207100591715,0.4054054054054054
L-LSPIN,lspin_tf,0.22,0.014,0.1,8,11,0.777259943873287,3.0650887573964494,0.4444444444444444,2.9693047337278107,0.4246575342465753
L-LSPIN,lspin_tf,0.22,0.014,0.1,9,10,0.7954386583744002,3.639792899408284,0.5757575757575758,3.0650887573964494,0.4444444444444444
L-LSPIN,lspin_tf,0.22,0.014,0.1,9,11,0.7061552354838855,3.0650887573964494,0.4444444444444444,2.586168639053254,0.3506493506493506
L-LSPIN,lspin_tf,0.22,0.014,0.1,10,11,0.8335829388800468,3.1608727810650885,0.4647887323943662,3.1608727810650885,0.4647887323943662
L-Concrete,concrete,0.15,0.004,0.025,3,4,0.6862215283039134,3.0650887573964494,0.4444444444444444,3.0650887573964494,0.4444444444444444
L-Concrete,concrete,0.15,0.004,0.025,3,5,0.6742301256255322,3.448224852071006,0.5294117647058824,2.586168639053254,0.3506493506493506
L-Concrete,concrete,0.15,0.004,0.025,3,6,0.6891822339695858,2.9693047337278107,0.4246575342465753,2.6819526627218933,0.3684210526315789
L-Concrete,concrete,0.15,0.004,0.025,3,7,0.6749376578745411,3.256656804733728,0.4857142857142857,2.298816568047337,0.3
L-Concrete,concrete,0.15,0.004,0.025,3,8,0.8002182966601303,3.352440828402367,0.5072463768115942,2.8735207100591715,0.4054054054054054
L-Concrete,concrete,0.15,0.004,0.025,3,9,0.7344174636820173,3.352440828402367,0.5072463768115942,3.256656804733728,0.4857142857142857
L-Concrete,concrete,0.15,0.004,0.025,3,10,0.7618315405565166,3.5440088757396446,0.5522388059701493,2.203032544378698,0.2839506172839506
L-Concrete,concrete,0.15,0.004,0.025,3,11,0.7127499378106844,3.0650887573964494,0.4444444444444444,2.298816568047337,0.3
L-Concrete,concrete,0.15,0.004,0.025,4,5,0.6389297403786556,2.7777366863905324,0.3866666666666666,2.8735207100591715,0.4054054054054054
L-Concrete,concrete,0.15,0.004,0.025,4,6,0.3956076086647426,2.01146449704142,0.253012048192771,1.915680473372781,0.238095238095238
L-Concrete,concrete,0.15,0.004,0.025,4,7,0.5736606228171238,2.9693047337278107,0.4246575342465753,2.4903846153846154,0.3333333333333333
L-Concrete,concrete,0.15,0.004,0.025,4,8,0.6957097232420968,3.256656804733728,0.4857142857142857,2.9693047337278107,0.4246575342465753
L-Concrete,concrete,0.15,0.004,0.025,4,9,0.6103284701739239,2.7777366863905324,0.3866666666666666,2.6819526627218933,0.3684210526315789
L-Concrete,concrete,0.15,0.004,0.025,4,10,0.7315898428541052,2.8735207100591715,0.4054054054054054,2.9693047337278107,0.4246575342465753
L-Concrete,concrete,0.15,0.004,0.025,4,11,0.6762596383848135,2.9693047337278107,0.4246575342465753,3.1608727810650885,0.4647887323943662
L-Concrete,concrete,0.15,0.004,0.025,5,6,0.607728870580775,2.298816568047337,0.3,2.3946005917159763,0.3164556962025316
L-Concrete,concrete,0.15,0.004,0.025,5,7,0.8174737475157783,3.0650887573964494,0.4444444444444444,3.0650887573964494,0.4444444444444444
L-Concrete,concrete,0.15,0.004,0.025,5,8,0.780597630243687,3.256656804733728,0.4857142857142857,3.1608727810650885,0.4647887323943662
L-Concrete,concrete,0.15,0.004,0.025,5,9,0.4644036560866066,2.6819526627218933,0.3684210526315789,2.298816568047337,0.3
L-Concrete,concrete,0.15,0.004,0.025,5,10,0.6780656645799683,2.9693047337278107,0.4246575342465753,2.6819526627218933,0.3684210526315789
L-Concrete,concrete,0.15,0.004,0.025,5,11,0.8808741446088723,3.256656804733728,0.4857142857142857,3.735576923076923,0.6
L-Concrete,concrete,0.15,0.004,0.025,6,7,0.5859588657434448,2.6819526627218933,0.3684210526315789,2.3946005917159763,0.3164556962025316
L-Concrete,concrete,0.15,0.004,0.025,6,8,0.702350297361607,2.8735207100591715,0.4054054054054054,2.203032544378698,0.2839506172839506
L-Concrete,concrete,0.15,0.004,0.025,6,9,0.5047886102235108,2.203032544378698,0.2839506172839506,1.915680473372781,0.238095238095238
L-Concrete,concrete,0.15,0.004,0.025,6,10,0.4928463235830035,2.298816568047337,0.3,2.203032544378698,0.2839506172839506
L-Concrete,concrete,0.15,0.004,0.025,6,11,0.6123960922494727,2.4903846153846154,0.3333333333333333,2.3946005917159763,0.3164556962025316
L-Concrete,concrete,0.15,0.004,0.025,7,8,0.7793666068990907,3.5440088757396446,0.5522388059701493,2.6819526627218933,0.3684210526315789
L-Concrete,concrete,0.15,0.004,0.025,7,9,0.4887772011421656,2.6819526627218933,0.3684210526315789,2.01146449704142,0.253012048192771
L-Concrete,concrete,0.15,0.004,0.025,7,10,0.7416552343546249,3.5440088757396446,0.5522388059701493,2.8735207100591715,0.4054054054054054
L-Concrete,concrete,0.15,0.004,0.025,7,11,0.803709874221286,3.0650887573964494,0.4444444444444444,2.7777366863905324,0.3866666666666666
L-Concrete,concrete,0.15,0.004,0.025,8,9,0.6641250490270978,3.0650887573964494,0.4444444444444444,2.298816568047337,0.3
L-Concrete,concrete,0.15,0.004,0.025,8,10,0.7975929312843127,3.352440828402367,0.5072463768115942,2.9693047337278107,0.4246575342465753
L-Concrete,concrete,0.15,0.004,0.025,8,11,0.8118516179698354,3.639792899408284,0.5757575757575758,3.256656804733728,0.4857142857142857
L-Concrete,concrete,0.15,0.004,0.025,9,10,0.7107844693077899,3.1608727810650885,0.4647887323943662,2.3946005917159763,0.3164556962025316
L-Concrete,concrete,0.15,0.004,0.025,9,11,0.5830767127654732,3.0650887573964494,0.4444444444444444,2.298816568047337,0.3
L-Concrete,concrete,0.15,0.004,0.025,10,11,0.7336809561381836,2.9693047337278107,0.4246575342465753,3.0650887573964494,0.4444444444444444
L-LSPIN,lspin_tf,0.2,0.007,0.0,3,4,0.6043951160871232,2.6819526627218933,0.3684210526315789,2.3946005917159763,0.3164556962025316
L-LSPIN,lspin_tf,0.2,0.007,0.0,3,5,0.6913525858112726,3.256656804733728,0.4857142857142857,2.9693047337278107,0.4246575342465753
L-LSPIN,lspin_tf,0.2,0.007,0.0,3,6,0.6328197786484127,2.7777366863905324,0.3866666666666666,2.7777366863905324,0.3866666666666666
L-LSPIN,lspin_tf,0.2,0.007,0.0,3,7,0.6099160724553734,3.1608727810650885,0.4647887323943662,2.586168639053254,0.3506493506493506
L-LSPIN,lspin_tf,0.2,0.007,0.0,3,8,0.6230360349641157,2.9693047337278107,0.4246575342465753,2.3946005917159763,0.3164556962025316
L-LSPIN,lspin_tf,0.2,0.007,0.0,3,9,0.6599682030238387,2.7777366863905324,0.3866666666666666,2.298816568047337,0.3
L-LSPIN,lspin_tf,0.2,0.007,0.0,3,10,0.6090740305128041,2.7777366863905324,0.3866666666666666,2.6819526627218933,0.3684210526315789
L-LSPIN,lspin_tf,0.2,0.007,0.0,3,11,0.6245882073507177,2.8735207100591715,0.4054054054054054,2.8735207100591715,0.4054054054054054
L-LSPIN,lspin_tf,0.2,0.007,0.0,4,5,0.7108593297810953,2.8735207100591715,0.4054054054054054,2.6819526627218933,0.3684210526315789
L-LSPIN,lspin_tf,0.2,0.007,0.0,4,6,0.688268929398889,2.6819526627218933,0.3684210526315789,2.8735207100591715,0.4054054054054054
L-LSPIN,lspin_tf,0.2,0.007,0.0,4,7,0.6455369929642454,2.4903846153846154,0.3333333333333333,2.6819526627218933,0.3684210526315789
L-LSPIN,lspin_tf,0.2,0.007,0.0,4,8,0.6210961725331202,2.4903846153846154,0.3333333333333333,2.6819526627218933,0.3684210526315789
L-LSPIN,lspin_tf,0.2,0.007,0.0,4,9,0.702317642360714,2.586168639053254,0.3506493506493506,2.8735207100591715,0.4054054054054054
L-LSPIN,lspin_tf,0.2,0.007,0.0,4,10,0.6162283296274954,2.8735207100591715,0.4054054054054054,2.586168639053254,0.3506493506493506
L-LSPIN,lspin_tf,0.2,0.007,0.0,4,11,0.5497193596218269,2.4903846153846154,0.3333333333333333,2.4903846153846154,0.3333333333333333
L-LSPIN,lspin_tf,0.2,0.007,0.0,5,6,0.7959754681562758,3.352440828402367,0.5072463768115942,3.1608727810650885,0.4647887323943662
L-LSPIN,lspin_tf,0.2,0.007,0.0,5,7,0.7814982680166728,3.5440088757396446,0.5522388059701493,3.1608727810650885,0.4647887323943662
L-LSPIN,lspin_tf,0.2,0.007,0.0,5,8,0.7968313487270154,3.448224852071006,0.5294117647058824,3.1608727810650885,0.4647887323943662
L-LSPIN,lspin_tf,0.2,0.007,0.0,5,9,0.8131184075240415,3.352440828402367,0.5072463768115942,2.298816568047337,0.3
L-LSPIN,lspin_tf,0.2,0.007,0.0,5,10,0.7107292437729849,3.0650887573964494,0.4444444444444444,2.8735207100591715,0.4054054054054054
L-LSPIN,lspin_tf,0.2,0.007,0.0,5,11,0.656638371219049,2.9693047337278107,0.4246575342465753,3.352440828402367,0.5072463768115942
L-LSPIN,lspin_tf,0.2,0.007,0.0,6,7,0.729267055096603,2.8735207100591715,0.4054054054054054,3.352440828402367,0.5072463768115942
L-LSPIN,lspin_tf,0.2,0.007,0.0,6,8,0.783877110712663,3.256656804733728,0.4857142857142857,2.9693047337278107,0.4246575342465753
L-LSPIN,lspin_tf,0.2,0.007,0.0,6,9,0.790946470417245,2.9693047337278107,0.4246575342465753,2.9693047337278107,0.4246575342465753
L-LSPIN,lspin_tf,0.2,0.007,0.0,6,10,0.7357444580006812,2.6819526627218933,0.3684210526315789,3.0650887573964494,0.4444444444444444
L-LSPIN,lspin_tf,0.2,0.007,0.0,6,11,0.7005229984356083,2.9693047337278107,0.4246575342465753,3.1608727810650885,0.4647887323943662
L-LSPIN,lspin_tf,0.2,0.007,0.0,7,8,0.7395430884414335,3.256656804733728,0.4857142857142857,3.1608727810650885,0.4647887323943662
L-LSPIN,lspin_tf,0.2,0.007,0.0,7,9,0.7485713367070695,3.352440828402367,0.5072463768115942,2.4903846153846154,0.3333333333333333
L-LSPIN,lspin_tf,0.2,0.007,0.0,7,10,0.6840195936769773,2.8735207100591715,0.4054054054054054,3.0650887573964494,0.4444444444444444
L-LSPIN,lspin_tf,0.2,0.007,0.0,7,11,0.6651819035125959,2.7777366863905324,0.3866666666666666,3.1608727810650885,0.4647887323943662
L-LSPIN,lspin_tf,0.2,0.007,0.0,8,9,0.7976211771244069,3.352440828402367,0.5072463768115942,2.7777366863905324,0.3866666666666666
L-LSPIN,lspin_tf,0.2,0.007,0.0,8,10,0.7757067526414524,2.9693047337278107,0.4246575342465753,3.1608727810650885,0.4647887323943662
L-LSPIN,lspin_tf,0.2,0.007,0.0,8,11,0.6804851929255239,2.8735207100591715,0.4054054054054054,2.7777366863905324,0.3866666666666666
L-LSPIN,lspin_tf,0.2,0.007,0.0,9,10,0.7434623520048597,2.8735207100591715,0.4054054054054054,2.8735207100591715,0.4054054054054054
L-LSPIN,lspin_tf,0.2,0.007,0.0,9,11,0.6775863631684913,2.9693047337278107,0.4246575342465753,2.6819526627218933,0.3684210526315789
L-LSPIN,lspin_tf,0.2,0.007,0.0,10,11,0.6867329924944442,2.586168639053254,0.3506493506493506,3.0650887573964494,0.4444444444444444
L-Concrete,concrete,0.12,0.003,0.0,3,4,0.745736138056725,3.448224852071006,0.5294117647058824,2.4903846153846154,0.3333333333333333
L-Concrete,concrete,0.12,0.003,0.0,3,5,0.7094791979999119,2.9693047337278107,0.4246575342465753,2.8735207100591715,0.4054054054054054
L-Concrete,concrete,0.12,0.003,0.0,3,6,0.7492511002452069,3.1608727810650885,0.4647887323943662,3.1608727810650885,0.4647887323943662
L-Concrete,concrete,0.12,0.003,0.0,3,7,0.7661949316954901,3.352440828402367,0.5072463768115942,3.352440828402367,0.5072463768115942
L-Concrete,concrete,0.12,0.003,0.0,3,8,0.6248928183539524,2.7777366863905324,0.3866666666666666,2.3946005917159763,0.3164556962025316
L-Concrete,concrete,0.12,0.003,0.0,3,9,0.6796329247090351,3.1608727810650885,0.4647887323943662,2.586168639053254,0.3506493506493506
L-Concrete,concrete,0.12,0.003,0.0,3,10,0.7080732799064698,3.0650887573964494,0.4444444444444444,2.586168639053254,0.3506493506493506
L-Concrete,concrete,0.12,0.003,0.0,3,11,0.7151890786314039,2.8735207100591715,0.4054054054054054,2.7777366863905324,0.3866666666666666
L-Concrete,concrete,0.12,0.003,0.0,4,5,0.6888056056810771,3.1608727810650885,0.4647887323943662,2.7777366863905324,0.3866666666666666
L-Concrete,concrete,0.12,0.003,0.0,4,6,0.7648810178992981,3.448224852071006,0.5294117647058824,3.0650887573964494,0.4444444444444444
L-Concrete,concrete,0.12,0.003,0.0,4,7,0.7718775340284973,3.256656804733728,0.4857142857142857,3.1608727810650885,0.4647887323943662
L-Concrete,concrete,0.12,0.003,0.0,4,8,0.5768570698290706,2.586168639053254,0.3506493506493506,2.203032544378698,0.2839506172839506
L-Concrete,concrete,0.12,0.003,0.0,4,9,0.685180122936305,3.0650887573964494,0.4444444444444444,2.9693047337278107,0.4246575342465753
L-Concrete,concrete,0.12,0.003,0.0,4,10,0.6821468277418048,2.8735207100591715,0.4054054054054054,2.6819526627218933,0.3684210526315789
L-Concrete,concrete,0.12,0.003,0.0,4,11,0.7547832423818763,3.1608727810650885,0.4647887323943662,2.586168639053254,0.3506493506493506
L-Concrete,concrete,0.12,0.003,0.0,5,6,0.7033036026415436,2.586168639053254,0.3506493506493506,2.7777366863905324,0.3866666666666666
L-Concrete,concrete,0.12,0.003,0.0,5,7,0.7543662366461887,2.8735207100591715,0.4054054054054054,3.256656804733728,0.4857142857142857
L-Concrete,concrete,0.12,0.003,0.0,5,8,0.6053284534881357,2.203032544378698,0.2839506172839506,2.6819526627218933,0.3684210526315789
L-Concrete,concrete,0.12,0.003,0.0,5,9,0.6686192714159238,2.4903846153846154,0.3333333333333333,2.9693047337278107,0.4246575342465753
L-Concrete,concrete,0.12,0.003,0.0,5,10,0.6634633370769751,2.7777366863905324,0.3866666666666666,3.0650887573964494,0.4444444444444444
L-Concrete,concrete,0.12,0.003,0.0,5,11,0.6861080003679022,2.9693047337278107,0.4246575342465753,2.9693047337278107,0.4246575342465753
L-Concrete,concrete,0.12,0.003,0.0,6,7,0.821833928038339,3.1608727810650885,0.4647887323943662,3.352440828402367,0.5072463768115942
L-Concrete,concrete,0.12,0.003,0.0,6,8,0.6864120589493898,2.8735207100591715,0.4054054054054054,2.6819526627218933,0.3684210526315789
L-Concrete,concrete,0.12,0.003,0.0,6,9,0.7308362785846294,3.1608727810650885,0.4647887323943662,2.7777366863905324,0.3866666666666666
L-Concrete,concrete,0.12,0.003,0.0,6,10,0.7849470804649336,2.9693047337278107,0.4246575342465753,3.0650887573964494,0.4444444444444444
L-Concrete,concrete,0.12,0.003,0.0,6,11,0.6998034491302257,2.9693047337278107,0.4246575342465753,2.8735207100591715,0.4054054054054054
L-Concrete,concrete,0.12,0.003,0.0,7,8,0.7212147667360029,3.352440828402367,0.5072463768115942,2.586168639053254,0.3506493506493506
L-Concrete,concrete,0.12,0.003,0.0,7,9,0.7157576685215808,3.352440828402367,0.5072463768115942,2.9693047337278107,0.4246575342465753
L-Concrete,concrete,0.12,0.003,0.0,7,10,0.7746516751966441,3.256656804733728,0.4857142857142857,3.1608727810650885,0.4647887323943662
L-Concrete,concrete,0.12,0.003,0.0,7,11,0.7792907575037605,3.256656804733728,0.4857142857142857,3.0650887573964494,0.4444444444444444
L-Concrete,concrete,0.12,0.003,0.0,8,9,0.641036442944604,2.7777366863905324,0.3866666666666666,2.4903846153846154,0.3333333333333333
L-Concrete,concrete,0.12,0.003,0.0,8,10,0.6974392819382608,2.6819526627218933,0.3684210526315789,2.9693047337278107,0.4246575342465753
L-Concrete,concrete,0.12,0.003,0.0,8,11,0.6421187736804688,2.7777366863905324,0.3866666666666666,2.586168639053254,0.3506493506493506
L-Concrete,concrete,0.12,0.003,0.0,9,10,0.721044772842851,3.1608727810650885,0.4647887323943662,2.8735207100591715,0.4054054054054054
L-Concrete,concrete,0.12,0.003,0.0,9,11,0.7138756894642122,3.256656804733728,0.4857142857142857,2.8735207100591715,0.4054054054054054
L-Concrete,concrete,0.12,0.003,0.0,10,11,0.7241229431225422,3.352440828402367,0.5072463768115942,2.9693047337278107,0.4246575342465753
