model_family,gate_type,gate_sigma,lambda_sparse,lambda_sample_smooth,run_i,run_j,cluster_ari,cluster_nmi
LSPIN,lspin_tf,0.22,0.014,0.0,0,1,0.959192022175664,0.9160824464623012
LSPIN,lspin_tf,0.22,0.014,0.0,0,2,0.9444994128612382,0.8936609395296968
LSPIN,lspin_tf,0.22,0.014,0.0,1,2,0.9628417621257486,0.9205869816177096
LSPIN,lspin_tf,0.22,0.0105,0.0,0,1,0.9561871298656912,0.9013786585933043
LSPIN,lspin_tf,0.22,0.0105,0.0,0,2,0.9438265156657883,0.8776067481189126
LSPIN,lspin_tf,0.22,0.0105,0.0,1,2,0.9607045732564676,0.9071038181526208
LSPIN,lspin_tf,0.22,0.00875,0.0,0,1,0.968680134553098,0.934790511106081
LSPIN,lspin_tf,0.22,0.00875,0.0,0,2,0.9932334027192996,0.97977526166306
LSPIN,lspin_tf,0.22,0.00875,0.0,1,2,0.975453651176762,0.9549668138807584
LSPIN,lspin_tf,0.22,0.007,0.0,0,1,0.9800494477788292,0.9453148113433668
LSPIN,lspin_tf,0.22,0.007,0.0,0,2,0.9554727728664008,0.9082411478851792
LSPIN,lspin_tf,0.22,0.007,0.0,1,2,0.9365989763258156,0.8678913200441537
LSPIN,lspin_tf,0.22,0.00525,0.0,0,1,0.9690151012542976,0.9317001387678346
LSPIN,lspin_tf,0.22,0.00525,0.0,0,2,0.9932334027192996,0.97977526166306
LSPIN,lspin_tf,0.22,0.00525,0.0,1,2,0.9626157047383967,0.9206975918714256
LSPIN,lspin_tf,0.2,0.014,0.0,0,1,0.8953065361932986,0.8131221154063688
LSPIN,lspin_tf,0.2,0.014,0.0,0,2,0.9478867416030754,0.90302083936445
LSPIN,lspin_tf,0.2,0.014,0.0,1,2,0.9219972558413498,0.8509084826508219
LSPIN,lspin_tf,0.2,0.0105,0.0,0,1,0.9680175319049632,0.949169933583635
LSPIN,lspin_tf,0.2,0.0105,0.0,0,2,0.9474437940969622,0.9056529349672732
LSPIN,lspin_tf,0.2,0.0105,0.0,1,2,0.9755948574420964,0.9386214828861928
LSPIN,lspin_tf,0.2,0.00875,0.0,0,1,0.950154272984529,0.8911520129232559
LSPIN,lspin_tf,0.2,0.00875,0.0,0,2,0.9630702941117278,0.911682582394262
LSPIN,lspin_tf,0.2,0.00875,0.0,1,2,0.9607795236302586,0.923025903152916
LSPIN,lspin_tf,0.2,0.007,0.0,0,1,0.9824117446711296,0.9585304697106728
LSPIN,lspin_tf,0.2,0.007,0.0,0,2,0.9824270630382302,0.9584077696656924
LSPIN,lspin_tf,0.2,0.007,0.0,1,2,0.986583403977258,0.9652878613398468
LSPIN,lspin_tf,0.2,0.00525,0.0,0,1,0.9824117446711296,0.9585304697106728
LSPIN,lspin_tf,0.2,0.00525,0.0,0,2,0.980033217195941,0.9454012053520446
LSPIN,lspin_tf,0.2,0.00525,0.0,1,2,0.962792924679842,0.9120029420641642
L-LSPIN,lspin_tf,0.22,0.021,0.0,0,1,0.8099538098242969,0.7133246605350123
L-LSPIN,lspin_tf,0.22,0.021,0.0,0,2,0.9293481926306424,0.8555800840458915
L-LSPIN,lspin_tf,0.22,0.021,0.0,1,2,0.760548767985502,0.6528237264341448
L-LSPIN,lspin_tf,0.22,0.014,0.0,0,1,0.9311881819806948,0.8754318597474401
L-LSPIN,lspin_tf,0.22,0.014,0.0,0,2,0.9259206585368396,0.8702679008883875
L-LSPIN,lspin_tf,0.22,0.014,0.0,1,2,0.8694050887474268,0.7995710850584296
L-LSPIN,lspin_tf,0.22,0.0105,0.0,0,1,0.786291720453578,0.7241485680122066
L-LSPIN,lspin_tf,0.22,0.0105,0.0,0,2,0.7861978381381998,0.7354822924534693
L-LSPIN,lspin_tf,0.22,0.0105,0.0,1,2,0.9686881750797888,0.9348305813233196
L-LSPIN,lspin_tf,0.22,0.00875,0.0,0,1,0.9580845075402896,0.9190653919905556
L-LSPIN,lspin_tf,0.22,0.00875,0.0,0,2,0.9756841156892208,0.938509336781239
L-LSPIN,lspin_tf,0.22,0.00875,0.0,1,2,0.9475598394102962,0.9056710797169544
L-LSPIN,lspin_tf,0.22,0.007,0.0,0,1,0.51583456670908,0.6478108399211036
L-LSPIN,lspin_tf,0.22,0.007,0.0,0,2,0.5122953746918374,0.6300991326762094
L-LSPIN,lspin_tf,0.22,0.007,0.0,1,2,0.9689753365238886,0.9243586747060258
L-LSPIN,lspin_tf,0.2,0.021,0.0,0,1,0.753080579960213,0.6902545245146827
L-LSPIN,lspin_tf,0.2,0.021,0.0,0,2,0.7223947397086976,0.6700210425272024
L-LSPIN,lspin_tf,0.2,0.021,0.0,1,2,0.911169871226762,0.8255212434046331
L-LSPIN,lspin_tf,0.2,0.014,0.0,0,1,0.5331178000342914,0.5423092647840526
L-LSPIN,lspin_tf,0.2,0.014,0.0,0,2,0.8532400889482865,0.7551668143190957
L-LSPIN,lspin_tf,0.2,0.014,0.0,1,2,0.5654704467604402,0.5542271161326534
L-LSPIN,lspin_tf,0.2,0.0105,0.0,0,1,0.9077364702912594,0.8348533706587403
L-LSPIN,lspin_tf,0.2,0.0105,0.0,0,2,0.9438692039299278,0.9023595112764656
L-LSPIN,lspin_tf,0.2,0.0105,0.0,1,2,0.8764562725823539,0.8038425155213358
L-LSPIN,lspin_tf,0.2,0.00875,0.0,0,1,0.9116611574019656,0.8259233497547381
L-LSPIN,lspin_tf,0.2,0.00875,0.0,0,2,0.9600451703703784,0.9097778174362952
L-LSPIN,lspin_tf,0.2,0.00875,0.0,1,2,0.9249961070388024,0.8583356635663699
L-LSPIN,lspin_tf,0.2,0.007,0.0,0,1,0.9259893865489688,0.8487839528408884
L-LSPIN,lspin_tf,0.2,0.007,0.0,0,2,0.8930500646233738,0.8154379241134344
L-LSPIN,lspin_tf,0.2,0.007,0.0,1,2,0.9091687623298892,0.8356143046585045
Concrete,concrete,0.15,0.004,0.0,0,1,0.874893749900019,0.8323284139897634
Concrete,concrete,0.15,0.004,0.0,0,2,0.5703620672141876,0.6552883072870503
Concrete,concrete,0.15,0.004,0.0,1,2,0.553389871622019,0.6348098013639594
Concrete,concrete,0.15,0.003,0.0,0,1,0.9560172420381468,0.9082362480304996
Concrete,concrete,0.15,0.003,0.0,0,2,0.960231553864321,0.918795126005346
Concrete,concrete,0.15,0.003,0.0,1,2,0.9822963110759808,0.9584231800639128
Concrete,concrete,0.15,0.0025,0.0,0,1,0.9275809425894108,0.8710226680109607
Concrete,concrete,0.15,0.0025,0.0,0,2,0.9755836190663691,0.9442634034247454
Concrete,concrete,0.15,0.0025,0.0,1,2,0.937511013463799,0.8894476284527152
Concrete,concrete,0.15,0.002,0.0,0,1,0.9753180356638952,0.944521781799052
Concrete,concrete,0.15,0.002,0.0,0,2,0.926969578798095,0.8786473583436178
Concrete,concrete,0.15,0.002,0.0,1,2,0.9074480775608786,0.8359423051730435
Concrete,concrete,0.15,0.0015,0.0,0,1,0.9692924106379468,0.9241084220640268
Concrete,concrete,0.15,0.0015,0.0,0,2,0.9298935482804184,0.8708709143795246
Concrete,concrete,0.15,0.0015,0.0,1,2,0.9468306928876424,0.9027356126615892
Concrete,concrete,0.12,0.004,0.0,0,1,0.5136507500651861,0.6290482248783962
Concrete,concrete,0.12,0.004,0.0,0,2,0.6598053436667063,0.7123018280273601
Concrete,concrete,0.12,0.004,0.0,1,2,0.7324205953150388,0.7316254897947755
Concrete,concrete,0.12,0.003,0.0,0,1,0.9175941005331588,0.860018028953747
Concrete,concrete,0.12,0.003,0.0,0,2,0.9162355407388802,0.8560399312989659
Concrete,concrete,0.12,0.003,0.0,1,2,0.9551187742104216,0.9066890950822104
Concrete,concrete,0.12,0.0025,0.0,0,1,0.9539822458023908,0.9018732819490975
Concrete,concrete,0.12,0.0025,0.0,0,2,0.9086776897062182,0.8453436217282174
Concrete,concrete,0.12,0.0025,0.0,1,2,0.9193892886659262,0.8663899358955106
Concrete,concrete,0.12,0.002,0.0,0,1,0.9493901031029528,0.8875756905522727
Concrete,concrete,0.12,0.002,0.0,0,2,0.9329889858177446,0.8600619435975788
Concrete,concrete,0.12,0.002,0.0,1,2,0.9688273975879768,0.9243885374441052
Concrete,concrete,0.12,0.0015,0.0,0,1,0.9557066237768684,0.9090945910858218
Concrete,concrete,0.12,0.0015,0.0,0,2,0.9408362569043502,0.8909811143213022
Concrete,concrete,0.12,0.0015,0.0,1,2,0.945920746260186,0.8947773587994936
L-Concrete,concrete,0.15,0.004,0.0,0,1,0.787502141394449,0.7320416430254463
L-Concrete,concrete,0.15,0.004,0.0,0,2,0.6860809972019234,0.6839463518537857
L-Concrete,concrete,0.15,0.004,0.0,1,2,0.6327104415316283,0.6587542849491441
L-Concrete,concrete,0.15,0.003,0.0,0,1,0.5316508710578653,0.6231542680170157
L-Concrete,concrete,0.15,0.003,0.0,0,2,0.7119911068724426,0.7218731926675435
L-Concrete,concrete,0.15,0.003,0.0,1,2,0.4654018867710974,0.6247263887916514
L-Concrete,concrete,0.15,0.0025,0.0,0,1,0.8098495500562429,0.7586121061391565
L-Concrete,concrete,0.15,0.0025,0.0,0,2,0.4704213947051023,0.5828015379366405
L-Concrete,concrete,0.15,0.0025,0.0,1,2,0.419116276756097,0.511213181602869
L-Concrete,concrete,0.15,0.002,0.0,0,1,0.5368796743961906,0.6442402923845277
L-Concrete,concrete,0.15,0.002,0.0,0,2,0.8156648892663401,0.7487531339574177
L-Concrete,concrete,0.15,0.002,0.0,1,2,0.4883932310017668,0.5921966795722685
L-Concrete,concrete,0.15,0.0015,0.0,0,1,0.421839726248446,0.5079168120604765
L-Concrete,concrete,0.15,0.0015,0.0,0,2,0.6259166863755449,0.6667644267417525
L-Concrete,concrete,0.15,0.0015,0.0,1,2,0.4672027259395417,0.5551680490478048
L-Concrete,concrete,0.12,0.004,0.0,0,1,0.4760288402124261,0.6062531702388753
L-Concrete,concrete,0.12,0.004,0.0,0,2,0.5039620253303345,0.6034054747422442
L-Concrete,concrete,0.12,0.004,0.0,1,2,0.7832943611129297,0.7233084650375684
L-Concrete,concrete,0.12,0.003,0.0,0,1,0.4809587672594845,0.6068622081899762
L-Concrete,concrete,0.12,0.003,0.0,0,2,0.658788915049599,0.6813731160740409
L-Concrete,concrete,0.12,0.003,0.0,1,2,0.5405969589766287,0.6341311096922299
L-Concrete,concrete,0.12,0.0025,0.0,0,1,0.7396438907582562,0.6803313841055054
L-Concrete,concrete,0.12,0.0025,0.0,0,2,0.7862374033795746,0.7547970394257905
L-Concrete,concrete,0.12,0.0025,0.0,1,2,0.7742446066966118,0.7005936002065962
L-Concrete,concrete,0.12,0.002,0.0,0,1,0.5083984401269185,0.606505339164806
L-Concrete,concrete,0.12,0.002,0.0,0,2,0.5293927189269696,0.6856044303890191
L-Concrete,concrete,0.12,0.002,0.0,1,2,0.8977033544142595,0.84774673240314
L-Concrete,concrete,0.12,0.0015,0.0,0,1,0.9724653110191266,0.9588100718269112
L-Concrete,concrete,0.12,0.0015,0.0,0,2,0.498990396592631,0.6444871886231196
L-Concrete,concrete,0.12,0.0015,0.0,1,2,0.5259254457202609,0.683909773471863
LSPIN,lspin_tf,0.22,0.014,0.1,0,1,0.931671826758101,0.8740926734152138
LSPIN,lspin_tf,0.22,0.014,0.1,0,2,0.9533476103499512,0.9085626565931167
LSPIN,lspin_tf,0.22,0.014,0.1,1,2,0.9483178232447936,0.8943732974288513
LSPIN,lspin_tf,0.22,0.0105,0.1,0,1,0.95283849013234,0.9052939582993438
LSPIN,lspin_tf,0.22,0.0105,0.1,0,2,0.9670226392253805,0.9321063602949528
LSPIN,lspin_tf,0.22,0.0105,0.1,1,2,0.971548461440508,0.9427026955289194
LSPIN,lspin_tf,0.22,0.00875,0.1,0,1,0.9570990863594904,0.8972638379499619
LSPIN,lspin_tf,0.22,0.00875,0.1,0,2,0.9461805709557226,0.8892903066462521
LSPIN,lspin_tf,0.22,0.00875,0.1,1,2,0.9597359361496108,0.9071983997129626
LSPIN,lspin_tf,0.22,0.007,0.1,0,1,0.9755350490663736,0.944109196333274
LSPIN,lspin_tf,0.22,0.007,0.1,0,2,0.9715512787033336,0.943021160377652
LSPIN,lspin_tf,0.22,0.007,0.1,1,2,0.9727021811056212,0.9420895203767776
LSPIN,lspin_tf,0.22,0.00525,0.1,0,1,0.9798267437880552,0.9454588078395924
LSPIN,lspin_tf,0.22,0.00525,0.1,0,2,0.9891951665248356,0.9786118419974884
LSPIN,lspin_tf,0.22,0.00525,0.1,1,2,0.9691603740006356,0.9240708408649722
LSPIN,lspin_tf,0.2,0.014,0.1,0,1,0.976081212855642,0.9438040069987194
LSPIN,lspin_tf,0.2,0.014,0.1,0,2,0.982446261866093,0.958317126489164
LSPIN,lspin_tf,0.2,0.014,0.1,1,2,0.9717844628196806,0.9426454827530236
LSPIN,lspin_tf,0.2,0.0105,0.1,0,1,0.9733580079205412,0.9311195470102248
LSPIN,lspin_tf,0.2,0.0105,0.1,0,2,0.9733161150984464,0.9421977884171672
LSPIN,lspin_tf,0.2,0.0105,0.1,1,2,0.9733161150984464,0.9421977884171674
LSPIN,lspin_tf,0.2,0.00875,0.1,0,1,0.9823361054592886,0.958580807404036
LSPIN,lspin_tf,0.2,0.00875,0.1,0,2,0.9757451413758575,0.944142766195779
LSPIN,lspin_tf,0.2,0.00875,0.1,1,2,0.971635179144417,0.9373404362125504
LSPIN,lspin_tf,0.2,0.007,0.1,0,1,0.965574831996087,0.927885571951801
LSPIN,lspin_tf,0.2,0.007,0.1,0,2,0.9452045236725124,0.8917379004846614
LSPIN,lspin_tf,0.2,0.007,0.1,1,2,0.9759078978686528,0.9440075373227598
LSPIN,lspin_tf,0.2,0.00525,0.1,0,1,0.9650895789857104,0.9227364509787258
LSPIN,lspin_tf,0.2,0.00525,0.1,0,2,0.971635179144417,0.93734043621255
LSPIN,lspin_tf,0.2,0.00525,0.1,1,2,0.9718140080330836,0.9427916511076438
L-LSPIN,lspin_tf,0.22,0.021,0.1,0,1,0.907074616268168,0.8391182086528274
L-LSPIN,lspin_tf,0.22,0.021,0.1,0,2,0.9783766402538788,0.9624539768938756
L-LSPIN,lspin_tf,0.22,0.021,0.1,1,2,0.9040013688667228,0.8238054181736297
L-LSPIN,lspin_tf,0.22,0.014,0.1,0,1,0.9757937247492414,0.9438377825156608
L-LSPIN,lspin_tf,0.22,0.014,0.1,0,2,0.9786136217030008,0.9625648082920012
L-LSPIN,lspin_tf,0.22,0.014,0.1,1,2,0.9546690563541168,0.9141863126638776
L-LSPIN,lspin_tf,0.22,0.0105,0.1,0,1,0.9603764264457756,0.917341588254323
L-LSPIN,lspin_tf,0.22,0.0105,0.1,0,2,0.968076723379065,0.9489985106151816
L-LSPIN,lspin_tf,0.22,0.0105,0.1,1,2,0.9467450741839832,0.8943857694905054
L-LSPIN,lspin_tf,0.22,0.00875,0.1,0,1,1.0,1.0
L-LSPIN,lspin_tf,0.22,0.00875,0.1,0,2,0.9826317825039314,0.9580108589225432
L-LSPIN,lspin_tf,0.22,0.00875,0.1,1,2,0.9826317825039314,0.9580108589225432
L-LSPIN,lspin_tf,0.22,0.007,0.1,0,1,0.9931533191038248,0.9798756347879918
L-LSPIN,lspin_tf,0.22,0.007,0.1,0,2,0.9864345820145874,0.9598043885016468
L-LSPIN,lspin_tf,0.22,0.007,0.1,1,2,0.9931533191038248,0.979875634787992
L-LSPIN,lspin_tf,0.2,0.021,0.1,0,1,0.9193345837593512,0.8588389430296234
L-LSPIN,lspin_tf,0.2,0.021,0.1,0,2,0.7891832458338754,0.740637477837533
L-LSPIN,lspin_tf,0.2,0.021,0.1,1,2,0.7947639968632622,0.7417594451424833
L-LSPIN,lspin_tf,0.2,0.014,0.1,0,1,0.9758742223633065,0.9437649608272108
L-LSPIN,lspin_tf,0.2,0.014,0.1,0,2,0.967727260143653,0.9220271142945816
L-LSPIN,lspin_tf,0.2,0.014,0.1,1,2,0.969377473366965,0.9240139384138364
L-LSPIN,lspin_tf,0.2,0.0105,0.1,0,1,0.95728581670756,0.9370468611991848
L-LSPIN,lspin_tf,0.2,0.0105,0.1,0,2,0.95728581670756,0.9370468611991848
L-LSPIN,lspin_tf,0.2,0.0105,0.1,1,2,1.0,1.0
L-LSPIN,lspin_tf,0.2,0.00875,0.1,0,1,0.9649306930799528,0.9283342159375508
L-LSPIN,lspin_tf,0.2,0.00875,0.1,0,2,0.9758469974012854,0.9383296499739572
L-LSPIN,lspin_tf,0.2,0.00875,0.1,1,2,0.9543728665087866,0.9074259088332371
L-LSPIN,lspin_tf,0.2,0.007,0.1,0,1,0.9472174012995914,0.9260166280479888
L-LSPIN,lspin_tf,0.2,0.007,0.1,0,2,0.9715785095241622,0.9431618407851488
L-LSPIN,lspin_tf,0.2,0.007,0.1,1,2,0.9611807880100818,0.9289445334183676
Concrete,concrete,0.15,0.004,0.1,0,1,0.9347634844195242,0.8708780741568507
Concrete,concrete,0.15,0.004,0.1,0,2,0.9730562347763794,0.9354504449129784
Concrete,concrete,0.15,0.004,0.1,1,2,0.961395153660475,0.9289029609051028
Concrete,concrete,0.15,0.003,0.1,0,1,0.934824690957845,0.8852799423995548
Concrete,concrete,0.15,0.003,0.1,0,2,0.9468139612111578,0.8943063881621369
Concrete,concrete,0.15,0.003,0.1,1,2,0.946017838446962,0.9005449704680129
Concrete,concrete,0.15,0.0025,0.1,0,1,0.9428561829262764,0.8869661670706575
Concrete,concrete,0.15,0.0025,0.1,0,2,0.9239241704593338,0.8443348667967012
Concrete,concrete,0.15,0.0025,0.1,1,2,0.9546690563541168,0.9141863126638776
Concrete,concrete,0.15,0.002,0.1,0,1,0.922034728830928,0.8598087182786406
Concrete,concrete,0.15,0.002,0.1,0,2,0.9587308903772378,0.9157772034461475
Concrete,concrete,0.15,0.002,0.1,1,2,0.9274174687615336,0.8515073635039099
Concrete,concrete,0.15,0.0015,0.1,0,1,0.9548091488137102,0.9146656845638832
Concrete,concrete,0.15,0.0015,0.1,0,2,0.9870011211359716,0.96512100380185
Concrete,concrete,0.15,0.0015,0.1,1,2,0.95484655222654,0.9087757130840391
Concrete,concrete,0.12,0.004,0.1,0,1,0.9165970443075616,0.8337465795931533
Concrete,concrete,0.12,0.004,0.1,0,2,0.9592708504034394,0.916989357948909
Concrete,concrete,0.12,0.004,0.1,1,2,0.9383246470572262,0.8819488255903032
Concrete,concrete,0.12,0.003,0.1,0,1,0.9362905561841748,0.8686141765977504
Concrete,concrete,0.12,0.003,0.1,0,2,0.979400095497772,0.9558713786809404
Concrete,concrete,0.12,0.003,0.1,1,2,0.9286850197013145,0.8592055706370032
Concrete,concrete,0.12,0.0025,0.1,0,1,0.9784345115031386,0.9570863527352488
Concrete,concrete,0.12,0.0025,0.1,0,2,0.9867304289322436,0.9651971062022268
Concrete,concrete,0.12,0.0025,0.1,1,2,0.9654260717133684,0.9223877466207944
Concrete,concrete,0.12,0.002,0.1,0,1,0.9507682324568112,0.9169009051909977
Concrete,concrete,0.12,0.002,0.1,0,2,0.9508127447734848,0.9165978580076932
Concrete,concrete,0.12,0.002,0.1,1,2,0.9656446527177964,0.9219493551867864
Concrete,concrete,0.12,0.0015,0.1,0,1,0.9865723792458944,0.9653421307602674
Concrete,concrete,0.12,0.0015,0.1,0,2,0.9823711970256565,0.9583719281627262
Concrete,concrete,0.12,0.0015,0.1,1,2,0.9728762446223396,0.9362564152260278
L-Concrete,concrete,0.15,0.004,0.1,0,1,0.961021435638043,0.9213861455545832
L-Concrete,concrete,0.15,0.004,0.1,0,2,0.9329892674280136,0.8703847894622259
L-Concrete,concrete,0.15,0.004,0.1,1,2,0.9163320367102792,0.8479679118606914
L-Concrete,concrete,0.15,0.003,0.1,0,1,0.9321693888780772,0.8625809861819308
L-Concrete,concrete,0.15,0.003,0.1,0,2,0.961314034688785,0.9287089203648936
L-Concrete,concrete,0.15,0.003,0.1,1,2,0.9013641155292138,0.8234735801309125
L-Concrete,concrete,0.15,0.0025,0.1,0,1,0.9301287858265922,0.8953360272980847
L-Concrete,concrete,0.15,0.0025,0.1,0,2,0.960905181450858,0.9293990371856654
L-Concrete,concrete,0.15,0.0025,0.1,1,2,0.968076723379065,0.9489985106151814
L-Concrete,concrete,0.15,0.002,0.1,0,1,0.9892731382850686,0.9782585843216992
L-Concrete,concrete,0.15,0.002,0.1,0,2,0.9576449488395418,0.9368694639843635
L-Concrete,concrete,0.15,0.002,0.1,1,2,0.9474166415558312,0.9255876824902844
L-Concrete,concrete,0.15,0.0015,0.1,0,1,0.986005442372391,0.9759164100813404
L-Concrete,concrete,0.15,0.0015,0.1,0,2,0.9339424998721154,0.9021429858066232
L-Concrete,concrete,0.15,0.0015,0.1,1,2,0.9474166415558312,0.9255876824902844
L-Concrete,concrete,0.12,0.004,0.1,0,1,0.965276770030116,0.9224722329042732
L-Concrete,concrete,0.12,0.004,0.1,0,2,0.9759608871398948,0.9436607188323594
L-Concrete,concrete,0.12,0.004,0.1,1,2,0.9550581858903568,0.9009609574331476
L-Concrete,concrete,0.12,0.003,0.1,0,1,0.955104983024648,0.9140664997016584
L-Concrete,concrete,0.12,0.003,0.1,0,2,0.955104983024648,0.9140664997016584
L-Concrete,concrete,0.12,0.003,0.1,1,2,0.9870389537668856,0.9591299946482256
L-Concrete,concrete,0.12,0.0025,0.1,0,1,0.9178487470796732,0.8684184102540351
L-Concrete,concrete,0.12,0.0025,0.1,0,2,0.937099521552028,0.9155802104363686
L-Concrete,concrete,0.12,0.0025,0.1,1,2,0.9807340262840104,0.9525147165110858
L-Concrete,concrete,0.12,0.002,0.1,0,1,0.944143980598966,0.9131081720190276
L-Concrete,concrete,0.12,0.002,0.1,0,2,0.9785747875467252,0.9627028096625516
L-Concrete,concrete,0.12,0.002,0.1,1,2,0.9648649517644416,0.9386137696886188
L-Concrete,concrete,0.12,0.0015,0.1,0,1,0.4917754766862219,0.6068274683894003
L-Concrete,concrete,0.12,0.0015,0.1,0,2,0.9786136217030008,0.9625648082920012
L-Concrete,concrete,0.12,0.0015,0.1,1,2,0.5011663988379296,0.6098177960591704
LSPIN,lspin_tf,0.22,0.014,0.05,0,1,0.9686041799257032,0.9353159395571607
LSPIN,lspin_tf,0.22,0.014,0.05,0,2,0.9620217682576768,0.9152425286875644
LSPIN,lspin_tf,0.22,0.014,0.05,1,2,0.9931475855101408,0.9799118781744536
LSPIN,lspin_tf,0.22,0.0105,0.05,0,1,0.9755350490663736,0.944109196333274
LSPIN,lspin_tf,0.22,0.0105,0.05,0,2,0.9715767058961388,0.9428464313313132
LSPIN,lspin_tf,0.22,0.0105,0.05,1,2,0.9824875598611866,0.9584767709640832
LSPIN,lspin_tf,0.22,0.00875,0.05,0,1,0.9661219686301292,0.9296495944597156
LSPIN,lspin_tf,0.22,0.00875,0.05,0,2,0.9932222847362367,0.9798514100041428
LSPIN,lspin_tf,0.22,0.00875,0.05,1,2,0.9597283973861896,0.9096768273855796
LSPIN,lspin_tf,0.22,0.007,0.05,0,1,0.965087300801823,0.9171425794460094
LSPIN,lspin_tf,0.22,0.007,0.05,0,2,0.9824117446711296,0.9585304697106728
LSPIN,lspin_tf,0.22,0.007,0.05,1,2,0.969220553174477,0.924139621965254
LSPIN,lspin_tf,0.22,0.00525,0.05,0,1,0.989125056765531,0.9786286105903444
LSPIN,lspin_tf,0.22,0.00525,0.05,0,2,0.9650485782919728,0.922890194479248
LSPIN,lspin_tf,0.22,0.00525,0.05,1,2,0.9758263933893848,0.9440769179685802
LSPIN,lspin_tf,0.2,0.014,0.05,0,1,0.9824270630382302,0.9584077696656924
LSPIN,lspin_tf,0.2,0.014,0.05,0,2,0.9757057281517564,0.9439394502464634
LSPIN,lspin_tf,0.2,0.014,0.05,1,2,0.9931533191038248,0.979875634787992
LSPIN,lspin_tf,0.2,0.0105,0.05,0,1,0.9501347938729974,0.8914571369449837
LSPIN,lspin_tf,0.2,0.0105,0.05,0,2,0.952503385247942,0.9055092813702807
LSPIN,lspin_tf,0.2,0.0105,0.05,1,2,0.966275456935804,0.922271685199372
LSPIN,lspin_tf,0.2,0.00875,0.05,0,1,0.9521405873643666,0.9114884597708648
LSPIN,lspin_tf,0.2,0.00875,0.05,0,2,0.9724398139648042,0.9416318120720134
LSPIN,lspin_tf,0.2,0.00875,0.05,1,2,0.9661490716888664,0.9218351760967431
LSPIN,lspin_tf,0.2,0.007,0.05,0,1,0.9650499327274336,0.9229022899556538
LSPIN,lspin_tf,0.2,0.007,0.05,0,2,0.9584934920084656,0.9086934066262996
LSPIN,lspin_tf,0.2,0.007,0.05,1,2,0.993227794200153,0.9798141194347708
LSPIN,lspin_tf,0.2,0.00525,0.05,0,1,0.9759946482458696,0.9439078749165054
LSPIN,lspin_tf,0.2,0.00525,0.05,0,2,0.9718140080330836,0.9427916511076438
LSPIN,lspin_tf,0.2,0.00525,0.05,1,2,0.9824270630382302,0.9584077696656924
L-LSPIN,lspin_tf,0.22,0.021,0.05,0,1,0.930931671551282,0.8646196910538427
L-LSPIN,lspin_tf,0.22,0.021,0.05,0,2,0.9104031097872248,0.8423581218982815
L-LSPIN,lspin_tf,0.22,0.021,0.05,1,2,0.9314070530750552,0.85966893365132
L-LSPIN,lspin_tf,0.22,0.014,0.05,0,1,0.9550135440052931,0.9144165445070942
L-LSPIN,lspin_tf,0.22,0.014,0.05,0,2,0.9718667908301762,0.9422964722899384
L-LSPIN,lspin_tf,0.22,0.014,0.05,1,2,0.9825257993497224,0.958292498376595
L-LSPIN,lspin_tf,0.22,0.0105,0.05,0,1,0.9719281688023836,0.9372004096784462
L-LSPIN,lspin_tf,0.22,0.0105,0.05,0,2,0.9584330316956264,0.910650577043726
L-LSPIN,lspin_tf,0.22,0.0105,0.05,1,2,0.9733608009703758,0.9420703676215368
L-LSPIN,lspin_tf,0.22,0.00875,0.05,0,1,0.9590358022567,0.9161475257378549
L-LSPIN,lspin_tf,0.22,0.00875,0.05,0,2,0.9718976438386476,0.9424503638539976
L-LSPIN,lspin_tf,0.22,0.00875,0.05,1,2,0.932563434756471,0.8798951584141281
L-LSPIN,lspin_tf,0.22,0.007,0.05,0,1,0.9795855021687844,0.9532192718607682
L-LSPIN,lspin_tf,0.22,0.007,0.05,0,2,0.986284695099724,0.9599221397694064
L-LSPIN,lspin_tf,0.22,0.007,0.05,1,2,0.9795855021687844,0.953219271860768
L-LSPIN,lspin_tf,0.2,0.021,0.05,0,1,0.9681830372862202,0.9407962971612416
L-LSPIN,lspin_tf,0.2,0.021,0.05,0,2,0.536412428265738,0.6439384531619051
L-LSPIN,lspin_tf,0.2,0.021,0.05,1,2,0.5222468455556102,0.5992629118546291
L-LSPIN,lspin_tf,0.2,0.014,0.05,0,1,0.9518152075393546,0.8963494284223861
L-LSPIN,lspin_tf,0.2,0.014,0.05,0,2,0.9476382233735884,0.904840071094734
L-LSPIN,lspin_tf,0.2,0.014,0.05,1,2,0.9235456866281284,0.8804828772653294
L-LSPIN,lspin_tf,0.2,0.0105,0.05,0,1,0.936945184601614,0.885565805862337
L-LSPIN,lspin_tf,0.2,0.0105,0.05,0,2,0.92384447538292,0.8514972124945202
L-LSPIN,lspin_tf,0.2,0.0105,0.05,1,2,0.9862727722104884,0.9599922662553076
L-LSPIN,lspin_tf,0.2,0.00875,0.05,0,1,0.9821783353597272,0.9586568663264508
L-LSPIN,lspin_tf,0.2,0.00875,0.05,0,2,0.9714305151480505,0.9428928874502022
L-LSPIN,lspin_tf,0.2,0.00875,0.05,1,2,0.967741741416856,0.941701790896097
L-LSPIN,lspin_tf,0.2,0.007,0.05,0,1,0.9142229681387468,0.847606279334044
L-LSPIN,lspin_tf,0.2,0.007,0.05,0,2,0.930616911870459,0.8783490771591479
L-LSPIN,lspin_tf,0.2,0.007,0.05,1,2,0.9823153298923152,0.9586706274782336
Concrete,concrete,0.15,0.004,0.05,0,1,0.9171439998225248,0.8605085164886684
Concrete,concrete,0.15,0.004,0.05,0,2,0.9314510824252654,0.8782794086042798
Concrete,concrete,0.15,0.004,0.05,1,2,0.9542424684316446,0.914499069462068
Concrete,concrete,0.15,0.003,0.05,0,1,0.9523160400219204,0.8959685660651463
Concrete,concrete,0.15,0.003,0.05,0,2,0.9381564944732084,0.881098114686772
Concrete,concrete,0.15,0.003,0.05,1,2,0.9783945995820656,0.9628504246567072
Concrete,concrete,0.15,0.0025,0.05,0,1,0.5488362100923369,0.62801020826451
Concrete,concrete,0.15,0.0025,0.05,0,2,0.5543648889705932,0.6419325068296482
Concrete,concrete,0.15,0.0025,0.05,1,2,0.9697270198034208,0.9235001510935626
Concrete,concrete,0.15,0.002,0.05,0,1,0.9680724595296852,0.941247112127549
Concrete,concrete,0.15,0.002,0.05,0,2,0.827136269673375,0.8006165654498019
Concrete,concrete,0.15,0.002,0.05,1,2,0.834012591093067,0.8010994760339147
Concrete,concrete,0.15,0.0015,0.05,0,1,0.9271272377043508,0.8689479211143295
Concrete,concrete,0.15,0.0015,0.05,0,2,0.9375027258486852,0.8897122369054078
Concrete,concrete,0.15,0.0015,0.05,1,2,0.9762637551657288,0.9377885929359592
Concrete,concrete,0.12,0.004,0.05,0,1,0.9567342335179913,0.9105312761402627
Concrete,concrete,0.12,0.004,0.05,0,2,0.9269794218608676,0.8461036988400457
Concrete,concrete,0.12,0.004,0.05,1,2,0.9522745399345204,0.8995368735329046
Concrete,concrete,0.12,0.003,0.05,0,1,0.96766187432216,0.9489986145182976
Concrete,concrete,0.12,0.003,0.05,0,2,0.9349731502118592,0.8813027063383301
Concrete,concrete,0.12,0.003,0.05,1,2,0.9597555645382648,0.9098871963565331
Concrete,concrete,0.12,0.0025,0.05,0,1,0.94120119683208,0.8913862221552693
Concrete,concrete,0.12,0.0025,0.05,0,2,0.9589372756437666,0.9154678373005284
Concrete,concrete,0.12,0.0025,0.05,1,2,0.919231161355202,0.8470939575753698
Concrete,concrete,0.12,0.002,0.05,0,1,0.926876601207641,0.8818413552898408
Concrete,concrete,0.12,0.002,0.05,0,2,0.9614831196684316,0.936214986849303
Concrete,concrete,0.12,0.002,0.05,1,2,0.9546938645692096,0.9145919061815524
Concrete,concrete,0.12,0.0015,0.05,0,1,0.9715242147288816,0.9428757868775512
Concrete,concrete,0.12,0.0015,0.05,0,2,0.9651971609673836,0.927795849741042
Concrete,concrete,0.12,0.0015,0.05,1,2,0.9505301507997034,0.9166174676006932
L-Concrete,concrete,0.15,0.004,0.05,0,1,0.9582559492345276,0.9160174445782086
L-Concrete,concrete,0.15,0.004,0.05,0,2,0.5198091864566013,0.6485683338209923
L-Concrete,concrete,0.15,0.004,0.05,1,2,0.5315778199846468,0.6706936601451006
L-Concrete,concrete,0.15,0.003,0.05,0,1,0.9575564665007872,0.928072284413332
L-Concrete,concrete,0.15,0.003,0.05,0,2,0.9679559516762976,0.9493377896007172
L-Concrete,concrete,0.15,0.003,0.05,1,2,0.989173658564539,0.9786943849641498
L-Concrete,concrete,0.15,0.0025,0.05,0,1,0.961314034688785,0.9287089203648936
L-Concrete,concrete,0.15,0.0025,0.05,0,2,0.9678692447110688,0.9490000037642324
L-Concrete,concrete,0.15,0.0025,0.05,1,2,0.9934468395922216,0.9796180402375564
L-Concrete,concrete,0.15,0.002,0.05,0,1,0.9509813278148392,0.9077939072117104
L-Concrete,concrete,0.15,0.002,0.05,0,2,0.9508962615256134,0.917139550096404
L-Concrete,concrete,0.15,0.002,0.05,1,2,0.9784922662938054,0.9629692016722592
L-Concrete,concrete,0.15,0.0015,0.05,0,1,0.9322201024194836,0.8785467591896057
L-Concrete,concrete,0.15,0.0015,0.05,0,2,0.9529001463986666,0.904008673364219
L-Concrete,concrete,0.15,0.0015,0.05,1,2,0.9339424998721154,0.9021429858066232
L-Concrete,concrete,0.12,0.004,0.05,0,1,0.9509635371184054,0.916333260854214
L-Concrete,concrete,0.12,0.004,0.05,0,2,0.9514812294008036,0.9166263611708844
L-Concrete,concrete,0.12,0.004,0.05,1,2,0.986583403977258,0.9652878613398468
L-Concrete,concrete,0.12,0.003,0.05,0,1,0.95745837479,0.9001123147302555
L-Concrete,concrete,0.12,0.003,0.05,0,2,0.91576459462414,0.8480245172229947
L-Concrete,concrete,0.12,0.003,0.05,1,2,0.9475598394102962,0.9056710797169544
L-Concrete,concrete,0.12,0.0025,0.05,0,1,0.9513329859958448,0.9168790861310028
L-Concrete,concrete,0.12,0.0025,0.05,0,2,0.9448602314847696,0.9026428210383572
L-Concrete,concrete,0.12,0.0025,0.05,1,2,0.9934468395922216,0.9796180402375564
L-Concrete,concrete,0.12,0.002,0.05,0,1,0.9611463107364564,0.9291876763754632
L-Concrete,concrete,0.12,0.002,0.05,0,2,0.9823511843290764,0.9584638872603232
L-Concrete,concrete,0.12,0.002,0.05,1,2,0.9653988864134158,0.9282430643280218
L-Concrete,concrete,0.12,0.0015,0.05,0,1,0.9827822069384596,0.9579294624268156
L-Concrete,concrete,0.12,0.0015,0.05,0,2,0.9576449488395418,0.9368694639843635
L-Concrete,concrete,0.12,0.0015,0.05,1,2,0.940884924582266,0.9056449103179474
LSPIN,lspin_tf,0.22,0.014,0.025,0,1,0.948085704472752,0.9020462893347352
LSPIN,lspin_tf,0.22,0.014,0.025,0,2,0.9337433154547048,0.8913077767333901
LSPIN,lspin_tf,0.22,0.014,0.025,1,2,0.9714314912248228,0.9432017348936256
LSPIN,lspin_tf,0.22,0.0105,0.025,0,1,0.9736546841735244,0.9330074506351348
LSPIN,lspin_tf,0.22,0.0105,0.025,0,2,0.9736546841735244,0.9330074506351348
LSPIN,lspin_tf,0.22,0.0105,0.025,1,2,1.0,1.0
LSPIN,lspin_tf,0.22,0.00875,0.025,0,1,0.9688273975879768,0.924388537444105
LSPIN,lspin_tf,0.22,0.00875,0.025,0,2,0.9414238231441104,0.8826873957209405
LSPIN,lspin_tf,0.22,0.00875,0.025,1,2,0.949243759190067,0.8884228726602156
LSPIN,lspin_tf,0.22,0.007,0.025,0,1,0.9715767058961388,0.9428464313313132
LSPIN,lspin_tf,0.22,0.007,0.025,0,2,0.9784922662938054,0.9629692016722592
LSPIN,lspin_tf,0.22,0.007,0.025,1,2,0.993078140514175,0.9799352512161912
LSPIN,lspin_tf,0.22,0.00525,0.025,0,1,0.9623892140975148,0.9208027775337044
LSPIN,lspin_tf,0.22,0.00525,0.025,0,2,0.9271930320290545,0.8717529175756752
LSPIN,lspin_tf,0.22,0.00525,0.025,1,2,0.9315623038728906,0.8746723822137804
LSPIN,lspin_tf,0.2,0.014,0.025,0,1,0.969394690421595,0.9239319729674558
LSPIN,lspin_tf,0.2,0.014,0.025,0,2,0.986446639734958,0.9653210382299344
LSPIN,lspin_tf,0.2,0.014,0.025,1,2,0.9824270630382302,0.9584077696656924
LSPIN,lspin_tf,0.2,0.0105,0.025,0,1,0.9503074047567877,0.9014840555361986
LSPIN,lspin_tf,0.2,0.0105,0.025,0,2,0.9798277947934658,0.953061673323529
LSPIN,lspin_tf,0.2,0.0105,0.025,1,2,0.947437453700228,0.8886438409862076
LSPIN,lspin_tf,0.2,0.00875,0.025,0,1,0.971635179144417,0.93734043621255
LSPIN,lspin_tf,0.2,0.00875,0.025,0,2,0.969188867913364,0.9315426120597258
LSPIN,lspin_tf,0.2,0.00875,0.025,1,2,0.9757873710792088,0.9438649836468416
LSPIN,lspin_tf,0.2,0.007,0.025,0,1,1.0,1.0
LSPIN,lspin_tf,0.2,0.007,0.025,0,2,0.9757654300020328,0.9384218527409568
LSPIN,lspin_tf,0.2,0.007,0.025,1,2,0.9757654300020328,0.9384218527409568
LSPIN,lspin_tf,0.2,0.00525,0.025,0,1,0.9757451413758575,0.944142766195779
LSPIN,lspin_tf,0.2,0.00525,0.025,0,2,0.9629478107360152,0.92089718298099
LSPIN,lspin_tf,0.2,0.00525,0.025,1,2,0.9398035440480564,0.8658591559631423
L-LSPIN,lspin_tf,0.22,0.021,0.025,0,1,0.8920768336372066,0.7973036293660111
L-LSPIN,lspin_tf,0.22,0.021,0.025,0,2,0.8968354102191951,0.808614260795727
L-LSPIN,lspin_tf,0.22,0.021,0.025,1,2,0.8958602923431525,0.8081508148870495
L-LSPIN,lspin_tf,0.22,0.014,0.025,0,1,0.940280900486163,0.8847466260363751
L-LSPIN,lspin_tf,0.22,0.014,0.025,0,2,0.98908054478904,0.9787891716248768
L-LSPIN,lspin_tf,0.22,0.014,0.025,1,2,0.9509153880816132,0.9004386910525788
L-LSPIN,lspin_tf,0.22,0.0105,0.025,0,1,0.9432143188126846,0.8775243022188315
L-LSPIN,lspin_tf,0.22,0.0105,0.025,0,2,0.892584528734844,0.8045181512799361
L-LSPIN,lspin_tf,0.22,0.0105,0.025,1,2,0.8786132266192286,0.7980178259585535
L-LSPIN,lspin_tf,0.22,0.00875,0.025,0,1,0.9591736156468512,0.9080619508041534
L-LSPIN,lspin_tf,0.22,0.00875,0.025,0,2,0.9545855822736352,0.907136142385308
L-LSPIN,lspin_tf,0.22,0.00875,0.025,1,2,0.9611807880100818,0.9289445334183676
L-LSPIN,lspin_tf,0.22,0.007,0.025,0,1,0.9244344138175982,0.8631937612599824
L-LSPIN,lspin_tf,0.22,0.007,0.025,0,2,0.93822739988999,0.8788320260866678
L-LSPIN,lspin_tf,0.22,0.007,0.025,1,2,0.9568305332014544,0.910448681403584
L-LSPIN,lspin_tf,0.2,0.021,0.025,0,1,0.95911335284925,0.910038411239934
L-LSPIN,lspin_tf,0.2,0.021,0.025,0,2,0.8250078063288605,0.7659695202932041
L-LSPIN,lspin_tf,0.2,0.021,0.025,1,2,0.8309527053384891,0.7847298105489934
L-LSPIN,lspin_tf,0.2,0.014,0.025,0,1,0.9199986406487244,0.8632832137352674
L-LSPIN,lspin_tf,0.2,0.014,0.025,0,2,0.7892293979197766,0.7410260172898111
L-LSPIN,lspin_tf,0.2,0.014,0.025,1,2,0.8197723600985181,0.7725461316231989
L-LSPIN,lspin_tf,0.2,0.0105,0.025,0,1,0.9266065438191928,0.8786636005652687
L-LSPIN,lspin_tf,0.2,0.0105,0.025,0,2,0.9400645759547616,0.9055437913962106
L-LSPIN,lspin_tf,0.2,0.0105,0.025,1,2,0.9643977034459386,0.9233422814266796
L-LSPIN,lspin_tf,0.2,0.00875,0.025,0,1,0.9478018917319544,0.9023164760805223
L-LSPIN,lspin_tf,0.2,0.00875,0.025,0,2,0.958521057988008,0.915785259724024
L-LSPIN,lspin_tf,0.2,0.00875,0.025,1,2,0.97543089464884,0.9387857736584818
L-LSPIN,lspin_tf,0.2,0.007,0.025,0,1,0.9798267437880552,0.9454588078395924
L-LSPIN,lspin_tf,0.2,0.007,0.025,0,2,0.9757451413758575,0.944142766195779
L-LSPIN,lspin_tf,0.2,0.007,0.025,1,2,0.9823361054592886,0.958580807404036
Concrete,concrete,0.15,0.004,0.025,0,1,0.9720304455687794,0.9420451491961008
Concrete,concrete,0.15,0.004,0.025,0,2,0.94494905112256,0.9018542735993488
Concrete,concrete,0.15,0.004,0.025,1,2,0.959997023016882,0.9151226903776918
Concrete,concrete,0.15,0.003,0.025,0,1,0.9483749909983163,0.9021642843052802
Concrete,concrete,0.15,0.003,0.025,0,2,0.9493835610676428,0.8966475130769687
Concrete,concrete,0.15,0.003,0.025,1,2,0.9417925623868066,0.8906667549868228
Concrete,concrete,0.15,0.0025,0.025,0,1,0.9287283341634714,0.8754177685004964
Concrete,concrete,0.15,0.0025,0.025,0,2,0.933893745492176,0.8718840310729057
Concrete,concrete,0.15,0.0025,0.025,1,2,0.9655480479020554,0.9281841591469792
Concrete,concrete,0.15,0.002,0.025,0,1,0.5555139138293966,0.658415565048859
Concrete,concrete,0.15,0.002,0.025,0,2,0.5480563346983104,0.6707384608603971
Concrete,concrete,0.15,0.002,0.025,1,2,0.9757543704440796,0.9441002606577846
Concrete,concrete,0.15,0.0015,0.025,0,1,0.955201100563786,0.9032569683865594
Concrete,concrete,0.15,0.0015,0.025,0,2,0.9421764601547878,0.8816028708267915
Concrete,concrete,0.15,0.0015,0.025,1,2,0.9546690563541168,0.9141863126638776
Concrete,concrete,0.12,0.004,0.025,0,1,0.9167896729130052,0.8478406756072264
Concrete,concrete,0.12,0.004,0.025,0,2,0.94789149183608,0.8889734024430584
Concrete,concrete,0.12,0.004,0.025,1,2,0.9275239128311056,0.8736092021860038
Concrete,concrete,0.12,0.003,0.025,0,1,0.9385294528392591,0.8763259712694127
Concrete,concrete,0.12,0.003,0.025,0,2,0.9690151012542976,0.9317001387678346
Concrete,concrete,0.12,0.003,0.025,1,2,0.9519140968460734,0.8965977503384893
Concrete,concrete,0.12,0.0025,0.025,0,1,0.9607110237915608,0.9080856454951683
Concrete,concrete,0.12,0.0025,0.025,0,2,0.9762882369438722,0.9432922207514894
Concrete,concrete,0.12,0.0025,0.025,1,2,0.9499246215249352,0.8958891739229841
Concrete,concrete,0.12,0.002,0.025,0,1,0.9455434428940512,0.8837318049711897
Concrete,concrete,0.12,0.002,0.025,0,2,0.9656412632972768,0.9275806593110876
Concrete,concrete,0.12,0.002,0.025,1,2,0.9663348361093104,0.9215184005919184
Concrete,concrete,0.12,0.0015,0.025,0,1,0.9480368498543504,0.8946838362084841
Concrete,concrete,0.12,0.0015,0.025,0,2,0.948439671855028,0.8948251321648568
Concrete,concrete,0.12,0.0015,0.025,1,2,0.9519316778152116,0.8909256753434944
L-Concrete,concrete,0.15,0.004,0.025,0,1,0.9414552358476918,0.8825923950186716
L-Concrete,concrete,0.15,0.004,0.025,0,2,0.9312834139063224,0.8615723890385396
L-Concrete,concrete,0.15,0.004,0.025,1,2,0.937795823342804,0.8896683969480939
L-Concrete,concrete,0.15,0.003,0.025,0,1,0.9073558844564752,0.8629236807988747
L-Concrete,concrete,0.15,0.003,0.025,0,2,0.9441118502444448,0.903180925204014
L-Concrete,concrete,0.15,0.003,0.025,1,2,0.9475919518316231,0.9050248545526656
L-Concrete,concrete,0.15,0.0025,0.025,0,1,0.8991972222326804,0.8281765162083919
L-Concrete,concrete,0.15,0.0025,0.025,0,2,0.98908054478904,0.9787891716248768
L-Concrete,concrete,0.15,0.0025,0.025,1,2,0.9096256842923028,0.8401055581030046
L-Concrete,concrete,0.15,0.002,0.025,0,1,0.9821783353597272,0.9586568663264508
L-Concrete,concrete,0.15,0.002,0.025,0,2,0.9862731349713386,0.9655140283850964
L-Concrete,concrete,0.15,0.002,0.025,1,2,0.9689753365238886,0.9243586747060256
L-Concrete,concrete,0.15,0.0015,0.025,0,1,0.9794243314190098,0.9551758923506708
L-Concrete,concrete,0.15,0.0015,0.025,0,2,0.955014790993848,0.9092614907048002
L-Concrete,concrete,0.15,0.0015,0.025,1,2,0.9625248743905508,0.9189972166907118
L-Concrete,concrete,0.12,0.004,0.025,0,1,0.9714890611404072,0.9374027507886208
L-Concrete,concrete,0.12,0.004,0.025,0,2,0.9628007692591332,0.920530656570334
L-Concrete,concrete,0.12,0.004,0.025,1,2,0.956443168997624,0.91063767970412
L-Concrete,concrete,0.12,0.003,0.025,0,1,0.9759338216763376,0.938216503985375
L-Concrete,concrete,0.12,0.003,0.025,0,2,0.9823511843290764,0.9584638872603232
L-Concrete,concrete,0.12,0.003,0.025,1,2,0.971693634932922,0.9426538485093064
L-Concrete,concrete,0.12,0.0025,0.025,0,1,0.9648638904545728,0.9389324510865086
L-Concrete,concrete,0.12,0.0025,0.025,0,2,0.9372606079329544,0.8932754215310843
L-Concrete,concrete,0.12,0.0025,0.025,1,2,0.971693634932922,0.9426538485093064
L-Concrete,concrete,0.12,0.002,0.025,0,1,0.9868759823269332,0.9651039610361414
L-Concrete,concrete,0.12,0.002,0.025,0,2,0.9827656997218284,0.9580261816371796
L-Concrete,concrete,0.12,0.002,0.025,1,2,0.9826317825039314,0.9580108589225432
L-Concrete,concrete,0.12,0.0015,0.025,0,1,0.9440985389471014,0.9020740683773
L-Concrete,concrete,0.12,0.0015,0.025,0,2,0.9336341658353696,0.8910197874718858
L-Concrete,concrete,0.12,0.0015,0.025,1,2,0.9890327434966144,0.9787236688470582
LSPIN,lspin_tf,0.2,0.00525,0.0,3,4,0.9824875598611866,0.9584767709640836
LSPIN,lspin_tf,0.2,0.00525,0.0,3,5,0.9625239279786608,0.9207756875835448
LSPIN,lspin_tf,0.2,0.00525,0.0,3,6,0.9691603740006356,0.924070840864972
LSPIN,lspin_tf,0.2,0.00525,0.0,3,7,0.9579871946293468,0.9136802329576128
LSPIN,lspin_tf,0.2,0.00525,0.0,3,8,0.9690151012542976,0.9317001387678348
LSPIN,lspin_tf,0.2,0.00525,0.0,3,9,0.9631714571363296,0.9114055872325406
LSPIN,lspin_tf,0.2,0.00525,0.0,3,10,0.9757654300020328,0.9384218527409568
LSPIN,lspin_tf,0.2,0.00525,0.0,3,11,0.9650499327274336,0.9229022899556542
LSPIN,lspin_tf,0.2,0.00525,0.0,4,5,0.945556177437362,0.8899613270351421
LSPIN,lspin_tf,0.2,0.00525,0.0,4,6,0.9733587065302448,0.933162342612118
LSPIN,lspin_tf,0.2,0.00525,0.0,4,7,0.9657129021773424,0.938805991879035
LSPIN,lspin_tf,0.2,0.00525,0.0,4,8,0.9519354092978342,0.8997948713813946
LSPIN,lspin_tf,0.2,0.00525,0.0,4,9,0.9464052316937878,0.8817294092628619
LSPIN,lspin_tf,0.2,0.00525,0.0,4,10,0.9585885398264684,0.9029426510781668
LSPIN,lspin_tf,0.2,0.00525,0.0,4,11,0.9690031265595476,0.92419117989352
LSPIN,lspin_tf,0.2,0.00525,0.0,5,6,0.9581192385814308,0.9108092972348262
LSPIN,lspin_tf,0.2,0.00525,0.0,5,7,0.9433986040433326,0.8936421403857415
LSPIN,lspin_tf,0.2,0.00525,0.0,5,8,0.9931365253138134,0.9799796199505432
LSPIN,lspin_tf,0.2,0.00525,0.0,5,9,0.9396022424954674,0.8857840638054222
LSPIN,lspin_tf,0.2,0.00525,0.0,5,10,0.9733161150984464,0.9421977884171674
LSPIN,lspin_tf,0.2,0.00525,0.0,5,11,0.96244356500052,0.9212128399116876
LSPIN,lspin_tf,0.2,0.00525,0.0,6,7,0.9716689718192316,0.9428357481060518
LSPIN,lspin_tf,0.2,0.00525,0.0,6,8,0.9517694637395138,0.8910324723735187
LSPIN,lspin_tf,0.2,0.00525,0.0,6,9,0.9586774533598073,0.9157075991012902
LSPIN,lspin_tf,0.2,0.00525,0.0,6,10,0.971635179144417,0.93734043621255
LSPIN,lspin_tf,0.2,0.00525,0.0,6,11,0.9823153298923152,0.958670627478234
LSPIN,lspin_tf,0.2,0.00525,0.0,7,8,0.9406074124249948,0.8841025832643566
LSPIN,lspin_tf,0.2,0.00525,0.0,7,9,0.9320746592312326,0.8681702913685375
LSPIN,lspin_tf,0.2,0.00525,0.0,7,10,0.9473885604990904,0.8982839287740427
LSPIN,lspin_tf,0.2,0.00525,0.0,7,11,0.9579083607887264,0.9196943990646208
LSPIN,lspin_tf,0.2,0.00525,0.0,8,9,0.9337662808190768,0.8662772279554797
LSPIN,lspin_tf,0.2,0.00525,0.0,8,10,0.9798108890300704,0.9531221055460282
LSPIN,lspin_tf,0.2,0.00525,0.0,8,11,0.9689497711320584,0.9320707892270051
LSPIN,lspin_tf,0.2,0.00525,0.0,9,10,0.952477818330069,0.895861837235955
LSPIN,lspin_tf,0.2,0.00525,0.0,9,11,0.94188863113655,0.8825108923608777
LSPIN,lspin_tf,0.2,0.00525,0.0,10,11,0.989173658564539,0.97869438496415
Concrete,concrete,0.12,0.0015,0.05,3,4,0.928723951722292,0.8582278231904573
Concrete,concrete,0.12,0.0015,0.05,3,5,0.9865615657599572,0.965394429717758
Concrete,concrete,0.12,0.0015,0.05,3,6,0.9824316978679002,0.9584386826345924
Concrete,concrete,0.12,0.0015,0.05,3,7,0.969220553174477,0.9241396219652542
Concrete,concrete,0.12,0.0015,0.05,3,8,0.9484585659579724,0.8968876407161205
Concrete,concrete,0.12,0.0015,0.05,3,9,0.9678045295007796,0.941491197793332
Concrete,concrete,0.12,0.0015,0.05,3,10,0.9729155342130128,0.936445291857524
Concrete,concrete,0.12,0.0015,0.05,3,11,0.986572038769932,0.9597570107633434
Concrete,concrete,0.12,0.0015,0.05,4,5,0.9378012892667014,0.8894074109272916
Concrete,concrete,0.12,0.0015,0.05,4,6,0.9424820502280196,0.8817214933283287
Concrete,concrete,0.12,0.0015,0.05,4,7,0.9345291594862778,0.885435003684952
Concrete,concrete,0.12,0.0015,0.05,4,8,0.951882509091576,0.8980839505856392
Concrete,concrete,0.12,0.0015,0.05,4,9,0.939342668698438,0.8715931209053438
Concrete,concrete,0.12,0.0015,0.05,4,10,0.9548724005484884,0.9139182272272928
Concrete,concrete,0.12,0.0015,0.05,4,11,0.9411197862053716,0.8903831703100463
Concrete,concrete,0.12,0.0015,0.05,5,6,0.9822963110759808,0.9584231800639126
Concrete,concrete,0.12,0.0015,0.05,5,7,0.9691958492933562,0.9318982228739668
Concrete,concrete,0.12,0.0015,0.05,5,8,0.9448861507940528,0.8923487400173571
Concrete,concrete,0.12,0.0015,0.05,5,9,0.9543559911784651,0.906985392583866
Concrete,concrete,0.12,0.0015,0.05,5,10,0.9822963110759808,0.9584231800639126
Concrete,concrete,0.12,0.0015,0.05,5,11,0.9865615657599572,0.965394429717758
Concrete,concrete,0.12,0.0015,0.05,6,7,0.965210533044642,0.9284558811074962
Concrete,concrete,0.12,0.0015,0.05,6,8,0.9621251996402872,0.9202105414188018
Concrete,concrete,0.12,0.0015,0.05,6,9,0.9717224692854152,0.9369570990241248
Concrete,concrete,0.12,0.0015,0.05,6,10,0.9651268874472654,0.9169563424099536
Concrete,concrete,0.12,0.0015,0.05,6,11,0.969377473366965,0.9240139384138364
Concrete,concrete,0.12,0.0015,0.05,7,8,0.9544060351094408,0.9258279877533204
Concrete,concrete,0.12,0.0015,0.05,7,9,0.9378932038477904,0.8738741160067789
Concrete,concrete,0.12,0.0015,0.05,7,10,0.965210533044642,0.9284558811074962
Concrete,concrete,0.12,0.0015,0.05,7,11,0.969220553174477,0.9241396219652542
Concrete,concrete,0.12,0.0015,0.05,8,9,0.9560521545370634,0.9080421602237247
Concrete,concrete,0.12,0.0015,0.05,8,10,0.9621251996402872,0.9202105414188017
Concrete,concrete,0.12,0.0015,0.05,8,11,0.9484585659579724,0.8968876407161206
Concrete,concrete,0.12,0.0015,0.05,9,10,0.9410072204057796,0.877930159540475
Concrete,concrete,0.12,0.0015,0.05,9,11,0.954633655205644,0.9013901140254394
Concrete,concrete,0.12,0.0015,0.05,10,11,0.9862137629102272,0.9766873708778828
LSPIN,lspin_tf,0.2,0.007,0.1,3,4,0.989125056765531,0.9786286105903444
LSPIN,lspin_tf,0.2,0.007,0.1,3,5,0.989125056765531,0.9786286105903444
LSPIN,lspin_tf,0.2,0.007,0.1,3,6,0.9824316978679002,0.9584386826345924
LSPIN,lspin_tf,0.2,0.007,0.1,3,7,1.0,1.0
LSPIN,lspin_tf,0.2,0.007,0.1,3,8,0.9756841156892208,0.938509336781239
LSPIN,lspin_tf,0.2,0.007,0.1,3,9,0.9824117446711296,0.9585304697106728
LSPIN,lspin_tf,0.2,0.007,0.1,3,10,0.993227794200153,0.979814119434771
LSPIN,lspin_tf,0.2,0.007,0.1,3,11,0.982446261866093,0.958317126489164
LSPIN,lspin_tf,0.2,0.007,0.1,4,5,1.0,1.0
LSPIN,lspin_tf,0.2,0.007,0.1,4,6,0.9716689718192316,0.9428357481060518
LSPIN,lspin_tf,0.2,0.007,0.1,4,7,0.989125056765531,0.9786286105903444
LSPIN,lspin_tf,0.2,0.007,0.1,4,8,0.986423099440726,0.959876456846124
LSPIN,lspin_tf,0.2,0.007,0.1,4,9,0.9931533191038248,0.979875634787992
LSPIN,lspin_tf,0.2,0.007,0.1,4,10,0.9823511843290764,0.9584638872603232
LSPIN,lspin_tf,0.2,0.007,0.1,4,11,0.971693634932922,0.9426538485093064
LSPIN,lspin_tf,0.2,0.007,0.1,5,6,0.9716689718192316,0.9428357481060516
LSPIN,lspin_tf,0.2,0.007,0.1,5,7,0.989125056765531,0.9786286105903444
LSPIN,lspin_tf,0.2,0.007,0.1,5,8,0.986423099440726,0.959876456846124
LSPIN,lspin_tf,0.2,0.007,0.1,5,9,0.9931533191038248,0.979875634787992
LSPIN,lspin_tf,0.2,0.007,0.1,5,10,0.9823511843290764,0.9584638872603234
LSPIN,lspin_tf,0.2,0.007,0.1,5,11,0.971693634932922,0.9426538485093062
LSPIN,lspin_tf,0.2,0.007,0.1,6,7,0.9824316978679002,0.9584386826345924
LSPIN,lspin_tf,0.2,0.007,0.1,6,8,0.9716689718192316,0.9428357481060516
LSPIN,lspin_tf,0.2,0.007,0.1,6,9,0.965210533044642,0.9284558811074962
LSPIN,lspin_tf,0.2,0.007,0.1,6,10,0.9759142842940376,0.9439756036713378
LSPIN,lspin_tf,0.2,0.007,0.1,6,11,0.9867198874852022,0.9652524096048553
LSPIN,lspin_tf,0.2,0.007,0.1,7,8,0.9756841156892208,0.938509336781239
LSPIN,lspin_tf,0.2,0.007,0.1,7,9,0.9824117446711296,0.9585304697106728
LSPIN,lspin_tf,0.2,0.007,0.1,7,10,0.993227794200153,0.979814119434771
LSPIN,lspin_tf,0.2,0.007,0.1,7,11,0.982446261866093,0.958317126489164
LSPIN,lspin_tf,0.2,0.007,0.1,8,9,0.9931533191038248,0.979875634787992
LSPIN,lspin_tf,0.2,0.007,0.1,8,10,0.9691603740006356,0.9240708408649722
LSPIN,lspin_tf,0.2,0.007,0.1,8,11,0.971693634932922,0.9426538485093062
LSPIN,lspin_tf,0.2,0.007,0.1,9,10,0.9757654300020328,0.9384218527409568
LSPIN,lspin_tf,0.2,0.007,0.1,9,11,0.9785343048969498,0.9628376081202634
LSPIN,lspin_tf,0.2,0.007,0.1,10,11,0.9759338216763376,0.938216503985375
Concrete,concrete,0.12,0.0015,0.0,3,4,0.5359915063108258,0.6035649557218511
Concrete,concrete,0.12,0.0015,0.0,3,5,0.5348736339187655,0.6027688462452718
Concrete,concrete,0.12,0.0015,0.0,3,6,0.539837407164796,0.5941466056279392
Concrete,concrete,0.12,0.0015,0.0,3,7,0.5542103455249833,0.6234956571217183
Concrete,concrete,0.12,0.0015,0.0,3,8,0.5348800571933783,0.634428741008668
Concrete,concrete,0.12,0.0015,0.0,3,9,0.5321366926973333,0.6180954756214442
Concrete,concrete,0.12,0.0015,0.0,3,10,0.5449757503826191,0.6234750175213241
Concrete,concrete,0.12,0.0015,0.0,3,11,0.5432720399599458,0.6068635426069954
Concrete,concrete,0.12,0.0015,0.0,4,5,0.9368759844670324,0.8905483120949977
Concrete,concrete,0.12,0.0015,0.0,4,6,0.9314429808938052,0.8725073871311446
Concrete,concrete,0.12,0.0015,0.0,4,7,0.9616416377500668,0.9221410478919566
Concrete,concrete,0.12,0.0015,0.0,4,8,0.925911196232058,0.8833161233755206
Concrete,concrete,0.12,0.0015,0.0,4,9,0.9297173998430064,0.8746769085797951
Concrete,concrete,0.12,0.0015,0.0,4,10,0.986396035164143,0.9773809346678298
Concrete,concrete,0.12,0.0015,0.0,4,11,0.9728969712344522,0.9548441765240846
Concrete,concrete,0.12,0.0015,0.0,5,6,0.9453737900751974,0.8949924022925763
Concrete,concrete,0.12,0.0015,0.0,5,7,0.9266768766310696,0.8831966328667542
Concrete,concrete,0.12,0.0015,0.0,5,8,0.9494818763772714,0.8973283300360068
Concrete,concrete,0.12,0.0015,0.0,5,9,0.966342537745008,0.929563554500625
Concrete,concrete,0.12,0.0015,0.0,5,10,0.9233855275705743,0.8674045179319791
Concrete,concrete,0.12,0.0015,0.0,5,11,0.9099365403986466,0.8446135990772838
Concrete,concrete,0.12,0.0015,0.0,6,7,0.934591107433721,0.8722939859002731
Concrete,concrete,0.12,0.0015,0.0,6,8,0.9356763257756644,0.8797193383476404
Concrete,concrete,0.12,0.0015,0.0,6,9,0.9525370282824792,0.9119400746652766
Concrete,concrete,0.12,0.0015,0.0,6,10,0.9450127580955926,0.8953342640713017
Concrete,concrete,0.12,0.0015,0.0,6,11,0.9314429808938052,0.8725073871311446
Concrete,concrete,0.12,0.0015,0.0,7,8,0.9168170410310424,0.8699361863035262
Concrete,concrete,0.12,0.0015,0.0,7,9,0.9333567726624398,0.8922769947569542
Concrete,concrete,0.12,0.0015,0.0,7,10,0.9751420074950968,0.9446734395269902
Concrete,concrete,0.12,0.0015,0.0,7,11,0.9616416377500668,0.9221410478919566
Concrete,concrete,0.12,0.0015,0.0,8,9,0.9694504021100568,0.9239749062961066
Concrete,concrete,0.12,0.0015,0.0,8,10,0.939475209149154,0.906111810959808
Concrete,concrete,0.12,0.0015,0.0,8,11,0.925911196232058,0.8833161233755205
Concrete,concrete,0.12,0.0015,0.0,9,10,0.9432902586482717,0.8974320837986298
Concrete,concrete,0.12,0.0015,0.0,9,11,0.9297173998430064,0.8746769085797951
Concrete,concrete,0.12,0.0015,0.0,10,11,0.986396035164143,0.9773809346678298
L-LSPIN,lspin_tf,0.22,0.014,0.1,3,4,0.9654930876814836,0.9276566751913476
L-LSPIN,lspin_tf,0.22,0.014,0.1,3,5,0.9552010427976976,0.9062240605239428
L-LSPIN,lspin_tf,0.22,0.014,0.1,3,6,0.976485590154138,0.9433751042701644
L-LSPIN,lspin_tf,0.22,0.014,0.1,3,7,0.9827055462052952,0.9579482008210825
L-LSPIN,lspin_tf,0.22,0.014,0.1,3,8,0.919459700530482,0.8395836724163409
L-LSPIN,lspin_tf,0.22,0.014,0.1,3,9,0.9156909295020166,0.8451686033580003
L-LSPIN,lspin_tf,0.22,0.014,0.1,3,10,0.9827055462052952,0.9579482008210825
L-LSPIN,lspin_tf,0.22,0.014,0.1,3,11,0.9548869393378404,0.9141286219457724
L-LSPIN,lspin_tf,0.22,0.014,0.1,4,5,0.9891666036602486,0.9784589811222298
L-LSPIN,lspin_tf,0.22,0.014,0.1,4,6,0.9679272621980196,0.948825864500839
L-LSPIN,lspin_tf,0.22,0.014,0.1,4,7,0.9825398152401904,0.9581661319573492
L-LSPIN,lspin_tf,0.22,0.014,0.1,4,8,0.9370244535577992,0.8675036432731161
L-LSPIN,lspin_tf,0.22,0.014,0.1,4,9,0.9481565424954704,0.8951224854065097
L-LSPIN,lspin_tf,0.22,0.014,0.1,4,10,0.9825398152401904,0.9581661319573492
L-LSPIN,lspin_tf,0.22,0.014,0.1,4,11,0.98914622396049,0.9785449494981008
L-LSPIN,lspin_tf,0.22,0.014,0.1,5,6,0.978513673280336,0.9624400645192572
L-LSPIN,lspin_tf,0.22,0.014,0.1,5,7,0.9719786842427556,0.936653626757902
L-LSPIN,lspin_tf,0.22,0.014,0.1,5,8,0.9295381152493408,0.8591500593744611
L-LSPIN,lspin_tf,0.22,0.014,0.1,5,9,0.9408925185320736,0.885843603061726
L-LSPIN,lspin_tf,0.22,0.014,0.1,5,10,0.9719786842427556,0.936653626757902
L-LSPIN,lspin_tf,0.22,0.014,0.1,5,11,0.9784359342832616,0.9627168988162196
L-LSPIN,lspin_tf,0.22,0.014,0.1,6,7,0.972150118517342,0.9422006214369792
L-LSPIN,lspin_tf,0.22,0.014,0.1,6,8,0.91193915791143,0.8379677017060854
L-LSPIN,lspin_tf,0.22,0.014,0.1,6,9,0.920450604728434,0.8621090844647121
L-LSPIN,lspin_tf,0.22,0.014,0.1,6,10,0.972150118517342,0.9422006214369792
L-LSPIN,lspin_tf,0.22,0.014,0.1,6,11,0.957446253991248,0.9366531555080126
L-LSPIN,lspin_tf,0.22,0.014,0.1,7,8,0.933033471877998,0.8614985761603218
L-LSPIN,lspin_tf,0.22,0.014,0.1,7,9,0.9317135143719232,0.8685644110254953
L-LSPIN,lspin_tf,0.22,0.014,0.1,7,10,0.9868756591653364,0.959429387664543
L-LSPIN,lspin_tf,0.22,0.014,0.1,7,11,0.9718083066551396,0.9424561159965475
L-LSPIN,lspin_tf,0.22,0.014,0.1,8,9,0.9625779292673315,0.9206315400922604
L-LSPIN,lspin_tf,0.22,0.014,0.1,8,10,0.9211120917581864,0.8378418671116498
L-LSPIN,lspin_tf,0.22,0.014,0.1,8,11,0.9472079531628144,0.8887529723822247
L-LSPIN,lspin_tf,0.22,0.014,0.1,9,10,0.9317135143719232,0.8685644110254954
L-LSPIN,lspin_tf,0.22,0.014,0.1,9,11,0.9584934920084656,0.9086934066262996
L-LSPIN,lspin_tf,0.22,0.014,0.1,10,11,0.9718083066551396,0.9424561159965475
L-Concrete,concrete,0.15,0.004,0.025,3,4,0.979511973318678,0.9564577191323778
L-Concrete,concrete,0.15,0.004,0.025,3,5,0.9756841156892208,0.938509336781239
L-Concrete,concrete,0.15,0.004,0.025,3,6,0.9686894639028152,0.9348431904016304
L-Concrete,concrete,0.15,0.004,0.025,3,7,0.9686894639028152,0.9348431904016304
L-Concrete,concrete,0.15,0.004,0.025,3,8,0.986583403977258,0.9652878613398468
L-Concrete,concrete,0.15,0.004,0.025,3,9,0.969220553174477,0.9241396219652542
L-Concrete,concrete,0.15,0.004,0.025,3,10,0.9588650375880872,0.9082480937242238
L-Concrete,concrete,0.15,0.004,0.025,3,11,0.9824117446711296,0.9585304697106728
L-Concrete,concrete,0.15,0.004,0.025,4,5,0.9783945995820656,0.9628504246567072
L-Concrete,concrete,0.15,0.004,0.025,4,6,0.9891666036602486,0.9784589811222298
L-Concrete,concrete,0.15,0.004,0.025,4,7,0.9891666036602486,0.9784589811222298
L-Concrete,concrete,0.15,0.004,0.025,4,8,0.9794065764139692,0.9562747002960597
L-Concrete,concrete,0.15,0.004,0.025,4,9,0.9587581589401832,0.9084286745068476
L-Concrete,concrete,0.15,0.004,0.025,4,10,0.9612157985567013,0.9211824421555636
L-Concrete,concrete,0.15,0.004,0.025,4,11,0.9753525091891035,0.9552313461085996
L-Concrete,concrete,0.15,0.004,0.025,5,6,0.9678087536384248,0.9491705004418136
L-Concrete,concrete,0.15,0.004,0.025,5,7,0.9678087536384248,0.9491705004418136
L-Concrete,concrete,0.15,0.004,0.025,5,8,0.9757057281517564,0.9439394502464636
L-Concrete,concrete,0.15,0.004,0.025,5,9,0.9584308659875076,0.9030551840961748
L-Concrete,concrete,0.15,0.004,0.025,5,10,0.9611463107364564,0.9291876763754632
L-Concrete,concrete,0.15,0.004,0.025,5,11,0.9931533191038248,0.979875634787992
L-Concrete,concrete,0.15,0.004,0.025,6,7,0.9784742206844944,0.9569148182886156
L-Concrete,concrete,0.15,0.004,0.025,6,8,0.9687132449145874,0.934711619059666
L-Concrete,concrete,0.15,0.004,0.025,6,9,0.948439671855028,0.8948251321648567
L-Concrete,concrete,0.15,0.004,0.025,6,10,0.9507886093105536,0.905376196906869
L-Concrete,concrete,0.15,0.004,0.025,6,11,0.96465131167366,0.9393468395439236
L-Concrete,concrete,0.15,0.004,0.025,7,8,0.9687132449145874,0.9347116190596656
L-Concrete,concrete,0.15,0.004,0.025,7,9,0.948439671855028,0.8948251321648567
L-Concrete,concrete,0.15,0.004,0.025,7,10,0.9718357553903416,0.936724981029814
L-Concrete,concrete,0.15,0.004,0.025,7,11,0.96465131167366,0.9393468395439236
L-Concrete,concrete,0.15,0.004,0.025,8,9,0.969247360316903,0.9239668311136744
L-Concrete,concrete,0.15,0.004,0.025,8,10,0.959140600720614,0.9159883811920748
L-Concrete,concrete,0.15,0.004,0.025,8,11,0.9824270630382302,0.9584077696656924
L-Concrete,concrete,0.15,0.004,0.025,9,10,0.9421375676714931,0.8828101676006572
L-Concrete,concrete,0.15,0.004,0.025,9,11,0.9520932986461104,0.8887735655285066
L-Concrete,concrete,0.15,0.004,0.025,10,11,0.9548197446202068,0.914873554981554
L-LSPIN,lspin_tf,0.2,0.007,0.0,3,4,0.4661420291704745,0.5845616371411253
L-LSPIN,lspin_tf,0.2,0.007,0.0,3,5,0.7999518838852538,0.7575366808215239
L-LSPIN,lspin_tf,0.2,0.007,0.0,3,6,0.8057825604157044,0.7649866956445815
L-LSPIN,lspin_tf,0.2,0.007,0.0,3,7,0.7851947841673388,0.7433769246826132
L-LSPIN,lspin_tf,0.2,0.007,0.0,3,8,0.8034834879914653,0.7579297847696239
L-LSPIN,lspin_tf,0.2,0.007,0.0,3,9,0.7656424940534924,0.7236248010622153
L-LSPIN,lspin_tf,0.2,0.007,0.0,3,10,0.7699858054368303,0.708461479077927
L-LSPIN,lspin_tf,0.2,0.007,0.0,3,11,0.716365316898401,0.6554778024860625
L-LSPIN,lspin_tf,0.2,0.007,0.0,4,5,0.5058726980139158,0.6625431002161248
L-LSPIN,lspin_tf,0.2,0.007,0.0,4,6,0.5025775937677446,0.6613925768313272
L-LSPIN,lspin_tf,0.2,0.007,0.0,4,7,0.488368391001388,0.6169424327223745
L-LSPIN,lspin_tf,0.2,0.007,0.0,4,8,0.4968500899163129,0.6242346140504033
L-LSPIN,lspin_tf,0.2,0.007,0.0,4,9,0.4905815867772242,0.625742610499418
L-LSPIN,lspin_tf,0.2,0.007,0.0,4,10,0.4730947371412207,0.6215301152153853
L-LSPIN,lspin_tf,0.2,0.007,0.0,4,11,0.4767255870792251,0.5705163926855258
L-LSPIN,lspin_tf,0.2,0.007,0.0,5,6,0.9713432853808696,0.9374598330484224
L-LSPIN,lspin_tf,0.2,0.007,0.0,5,7,0.9608838235158104,0.9216547024687824
L-LSPIN,lspin_tf,0.2,0.007,0.0,5,8,0.9608034964997456,0.9219805562403988
L-LSPIN,lspin_tf,0.2,0.007,0.0,5,9,0.958521057988008,0.915785259724024
L-LSPIN,lspin_tf,0.2,0.007,0.0,5,10,0.9520374522588684,0.905565474815165
L-LSPIN,lspin_tf,0.2,0.007,0.0,5,11,0.8675518677165704,0.7950474417563658
L-LSPIN,lspin_tf,0.2,0.007,0.0,6,7,0.9541436156973362,0.907276550536482
L-LSPIN,lspin_tf,0.2,0.007,0.0,6,8,0.9540477362346864,0.9076883517754027
L-LSPIN,lspin_tf,0.2,0.007,0.0,6,9,0.9342214789717692,0.8789475951620618
L-LSPIN,lspin_tf,0.2,0.007,0.0,6,10,0.9368409724316676,0.8818079140077605
L-LSPIN,lspin_tf,0.2,0.007,0.0,6,11,0.8618884082370688,0.7880517704038486
L-LSPIN,lspin_tf,0.2,0.007,0.0,7,8,0.9648980275440032,0.9229813600764828
L-LSPIN,lspin_tf,0.2,0.007,0.0,7,9,0.9547946287716496,0.9068391805111852
L-LSPIN,lspin_tf,0.2,0.007,0.0,7,10,0.9353667728375916,0.8743516523455552
L-LSPIN,lspin_tf,0.2,0.007,0.0,7,11,0.8662565460756135,0.7972785537954739
L-LSPIN,lspin_tf,0.2,0.007,0.0,8,9,0.941655953394607,0.8826017855659464
L-LSPIN,lspin_tf,0.2,0.007,0.0,8,10,0.9352371119091016,0.8825353913150928
L-LSPIN,lspin_tf,0.2,0.007,0.0,8,11,0.862841409185488,0.7816783247609758
L-LSPIN,lspin_tf,0.2,0.007,0.0,9,10,0.9556121975302256,0.9145502561853333
L-LSPIN,lspin_tf,0.2,0.007,0.0,9,11,0.8714768660139396,0.8133798270786287
L-LSPIN,lspin_tf,0.2,0.007,0.0,10,11,0.8310052446430981,0.755954926229539
L-Concrete,concrete,0.12,0.003,0.0,3,4,0.6895123857168273,0.6465284020843147
L-Concrete,concrete,0.12,0.003,0.0,3,5,0.7252572998822641,0.675204928769358
L-Concrete,concrete,0.12,0.003,0.0,3,6,0.5640457044747542,0.5321006527662466
L-Concrete,concrete,0.12,0.003,0.0,3,7,0.486329855669935,0.6564775487315758
L-Concrete,concrete,0.12,0.003,0.0,3,8,0.4842442872886288,0.6139047434762269
L-Concrete,concrete,0.12,0.003,0.0,3,9,0.6827412201703229,0.6450054496691802
L-Concrete,concrete,0.12,0.003,0.0,3,10,0.6884883821870459,0.6499231232845475
L-Concrete,concrete,0.12,0.003,0.0,3,11,0.6665339722921991,0.6282285624251172
L-Concrete,concrete,0.12,0.003,0.0,4,5,0.8253284414001856,0.7835264196641804
L-Concrete,concrete,0.12,0.003,0.0,4,6,0.7062570189468665,0.6829401942678027
L-Concrete,concrete,0.12,0.003,0.0,4,7,0.4880335148982362,0.6038349974635322
L-Concrete,concrete,0.12,0.003,0.0,4,8,0.5052767749915085,0.6055457434942743
L-Concrete,concrete,0.12,0.003,0.0,4,9,0.934570135541296,0.8877552323069628
L-Concrete,concrete,0.12,0.003,0.0,4,10,0.8950379862729306,0.8484591322959648
L-Concrete,concrete,0.12,0.003,0.0,4,11,0.8349229018049674,0.7801952858478347
L-Concrete,concrete,0.12,0.003,0.0,5,6,0.7067348381563712,0.6571480013200611
L-Concrete,concrete,0.12,0.003,0.0,5,7,0.480691110728063,0.6206718321324958
L-Concrete,concrete,0.12,0.003,0.0,5,8,0.480194605189425,0.587840916374103
L-Concrete,concrete,0.12,0.003,0.0,5,9,0.8213490195063747,0.7965160059741314
L-Concrete,concrete,0.12,0.003,0.0,5,10,0.7901416287888005,0.7820707320399927
L-Concrete,concrete,0.12,0.003,0.0,5,11,0.7383627380288494,0.721621132000721
L-Concrete,concrete,0.12,0.003,0.0,6,7,0.457700911432046,0.5531201140214763
L-Concrete,concrete,0.12,0.003,0.0,6,8,0.459863789394539,0.5282606464428167
L-Concrete,concrete,0.12,0.003,0.0,6,9,0.689919426080516,0.6662196074364767
L-Concrete,concrete,0.12,0.003,0.0,6,10,0.6530457941651903,0.6387347245748574
L-Concrete,concrete,0.12,0.003,0.0,6,11,0.6244720156193312,0.6150698248644203
L-Concrete,concrete,0.12,0.003,0.0,7,8,0.9442082499415484,0.8941532977124563
L-Concrete,concrete,0.12,0.003,0.0,7,9,0.4970538368972755,0.6231742950053842
L-Concrete,concrete,0.12,0.003,0.0,7,10,0.4994043749346767,0.6110758600845667
L-Concrete,concrete,0.12,0.003,0.0,7,11,0.5215906954568448,0.6056952567534739
L-Concrete,concrete,0.12,0.003,0.0,8,9,0.5087972915225378,0.6215494861181033
L-Concrete,concrete,0.12,0.003,0.0,8,10,0.511191675168295,0.6043722984330193
L-Concrete,concrete,0.12,0.003,0.0,8,11,0.5566553726773557,0.6437076897152725
L-Concrete,concrete,0.12,0.003,0.0,9,10,0.9405534086076494,0.9128945096506622
L-Concrete,concrete,0.12,0.003,0.0,9,11,0.853578878738509,0.8057743523535277
L-Concrete,concrete,0.12,0.003,0.0,10,11,0.8649446739162105,0.7992120578000581
