model_family,gate_sigma,lambda_sparse,lambda_sample_smooth,mean_test_c,std_test_c,mean_Khard,std_Khard,mean_manifold_alignment,std_manifold_alignment,mean_gene_union_count,mean_gene_freq_ge_threshold_count,n_runs,mean_Ksoft,std_Ksoft,mean_affinity_corr,std_affinity_corr,mean_risk_corr,mean_top_risk_overlap_ratio,mean_top_risk_jaccard,mean_bottom_risk_overlap_ratio,mean_bottom_risk_jaccard,mean_cluster_ari,mean_cluster_nmi
Concrete,0.12,0.0015,0.0,0.7220820639756284,0.010545363025806245,237.16827519734701,44.49406302223676,0.9750444768914343,0.009713250789782793,1497.8333333333333,763.5,12,239.07428995768228,46.760507125458005,0.9688450617849014,0.010367582769799618,0.8815250178454342,4.118713017751479,0.7065299518547298,3.3794568350781367,0.5213810150571337,0.8617738096164868,0.8414851620237215
Concrete,0.12,0.0015,0.025,0.6894833714140645,0.03170154159551315,284.3204650878906,26.945924045270093,0.9781392554978487,0.0067727585806742,1399.0,782.0,3,285.952880859375,28.36072559918858,0.9619044579473116,0.023493822900857785,0.7086853584410466,3.352440828402367,0.5158711642128271,3.4162968441814594,0.5255636070853462,0.9494693998415299,0.8934782145722785
Concrete,0.12,0.0015,0.05,0.711030718456461,0.012324823925843158,270.8101641337077,49.394681270361396,0.9791006965119978,0.006766874870260749,1240.9166666666667,730.4166666666666,12,272.07397206624347,49.18958860213876,0.9786084051424105,0.009851695123921471,0.886674242471639,4.113801016537702,0.7068353836153957,3.4555928538916705,0.5363123059332102,0.9605216782764834,0.918772454388637
Concrete,0.12,0.0015,0.1,0.7116971312515866,0.009205742730325603,261.0025685628255,30.222436405200234,0.977634920704519,0.009846348135648242,1261.0,709.3333333333334,3,262.72136942545575,31.681564146457816,0.9733725642191802,0.007983683461821687,0.932053739801419,4.118713017751479,0.7058501913613996,4.054857001972387,0.6865855808214348,0.9806066069646301,0.9533234913830072
Concrete,0.12,0.002,0.0,0.7125539477024625,0.007719179622444005,221.12226359049478,82.63269213736326,0.9670579567018397,0.01769142096965094,1532.0,758.0,3,223.5172373453776,85.78455127131865,0.9659826237374967,0.012004619954372088,0.9184987176431347,4.246425049309664,0.743784938132027,3.895216962524655,0.6435320951449984,0.9504021621695581,0.8906753905313188
Concrete,0.12,0.002,0.025,0.7075082508250826,0.018352565137560974,174.06434631347656,41.58073449055495,0.9742855988410409,0.009900429146116243,986.0,525.6666666666666,3,175.20361836751303,42.31700790638101,0.9662723239519156,0.009519509806549156,0.8401531375806773,3.799432938856016,0.6206950288296712,3.0331607495069033,0.4538006796071312,0.9591731807668795,0.9109436216247319
Concrete,0.12,0.002,0.05,0.7181073876618432,0.00966568175666186,145.566281636556,49.0108763553743,0.955770128854469,0.014142741310477496,610.0,394.6666666666667,3,146.0953852335612,49.80516949310674,0.9774599195931489,0.013340985206108663,0.8845655950167103,4.054857001972386,0.6868765721224738,3.192800788954635,0.47663097136781346,0.9476845284817608,0.9108827494402321
Concrete,0.12,0.002,0.1,0.6979246001523229,0.015112821654976667,175.57528940836588,57.53296377711703,0.969348244664049,0.0190215844369569,1009.6666666666666,532.3333333333334,3,176.7777303059896,58.66836259953689,0.9726364341305406,0.01334166359865553,0.8304501455675263,3.6717209072978303,0.5850904209113165,3.4162968441814594,0.5230887814448882,0.955741876649364,0.9184827061284925
Concrete,0.12,0.0025,0.0,0.7258822036049759,0.012784486594620255,101.81209818522136,8.329291271204717,0.9413818886843691,0.009416750388690227,573.3333333333334,320.3333333333333,3,101.93790690104167,8.319179522947856,0.976988735977819,0.009106955112255814,0.8910722163080528,3.9590729783037477,0.6596688854753371,3.160872781065089,0.46498248751769883,0.9273497413915117,0.8712022798576085
Concrete,0.12,0.0025,0.025,0.7224232038588475,0.005474174089215055,115.24195607503255,12.947208571945668,0.9572291790416333,0.016211113574911767,618.0,345.0,3,115.7443618774414,13.707598002447932,0.9765766786768486,0.01624121262846923,0.8901910503979747,4.1506410256410255,0.7146953405017921,3.575936883629191,0.5629155808260285,0.962307960753456,0.9157556800565473
Concrete,0.12,0.0025,0.05,0.7037953795379538,0.014578733499541347,146.59073384602866,45.048553964978275,0.961008804822491,0.01039499077953667,578.6666666666666,357.0,3,147.1867218017578,45.70740003950662,0.9836638864629382,0.009146577903347617,0.807211295350292,3.7036489151873764,0.5929300108404586,3.0012327416173563,0.4319666145018257,0.9397898779436828,0.8846493390103891
Concrete,0.12,0.0025,0.1,0.711030718456461,0.012380020707958536,134.3976796468099,24.97391313976991,0.9519498720038487,0.023715861087035935,674.0,353.3333333333333,3,135.12364959716797,25.67976528943691,0.9754578824683424,0.01378077174731242,0.8720681031093966,3.799432938856016,0.6188110614340122,3.192800788954635,0.473780261553723,0.9768636707162502,0.9482237351860899
Concrete,0.12,0.003,0.0,0.7116971312515866,0.013188231020103218,108.62934112548828,34.19018641282033,0.9534174835652829,0.03121082462683339,840.6666666666666,387.6666666666667,3,110.04940032958984,36.30527935602526,0.9666588178683639,0.014018443405522735,0.912377163951814,4.278353057199211,0.7542709232096635,3.4801528599605525,0.537020778460638,0.9296494718274868,0.8742490184449744
Concrete,0.12,0.003,0.025,0.7073813150545823,0.001425910252517181,106.59716796875,30.876174142839314,0.9533223755285873,0.008423577312604673,665.6666666666666,311.6666666666667,3,107.40249633789062,31.64583035979485,0.9753705426178557,0.009572734037045916,0.9133825037880858,4.246425049309664,0.7444115558404505,3.9590729783037477,0.6602372278601787,0.9531528836465434,0.9015412867919123
Concrete,0.12,0.003,0.05,0.7159494795633409,0.006513039007506167,97.48262532552083,16.388945328913113,0.9440171562944615,0.004926166127726759,448.0,256.3333333333333,3,97.75574747721355,16.416628298752972,0.9756428293254965,0.016381873288144364,0.8463245335442117,3.863288954635108,0.6349726775956284,3.6717209072978303,0.588134405189543,0.9541301963574279,0.913396172404387
Concrete,0.12,0.003,0.1,0.7078890581365829,0.01267376754601643,93.95366668701172,8.377922006146765,0.9435100975516583,0.011216967209344415,392.3333333333333,248.0,3,94.29047139485677,8.901980691190408,0.9671343916213556,0.023810148446144663,0.8020785910956666,3.9271449704142007,0.657769621258465,3.2566568047337277,0.4884012807995058,0.9481252237944204,0.8945637086385646
Concrete,0.12,0.004,0.0,0.7176948464077176,0.006936244286111368,71.45431137084961,10.392895708690567,0.9402499880424414,0.029373830303460823,668.3333333333334,246.66666666666666,3,72.47940826416016,11.66449847629667,0.9668402894852881,0.014936537163119748,0.8931987757165162,4.310281065088757,0.7640637669008123,3.9271449704142007,0.6567807514153371,0.6352922296823104,0.6909918475668438
Concrete,0.12,0.004,0.025,0.723946433104849,0.018431165668785887,55.5881601969401,9.026150179166725,0.9110714235788627,0.015646969550656177,304.0,149.33333333333334,3,55.92233530680338,9.355650883842051,0.9793378917994772,0.0029284625235561123,0.9007005891259889,4.02292899408284,0.6777103461397486,3.41629684418146,0.5224549521301057,0.9307350258600636,0.8701410934120962
Concrete,0.12,0.004,0.05,0.7156321401370906,0.007106419499817782,54.57786432902018,10.00167852937513,0.9136477078287534,0.03559931065758028,297.0,156.66666666666666,3,54.87861124674479,10.393338455754645,0.969806195867967,0.017215436669455297,0.8533739622954398,3.863288954635108,0.6335978835978836,3.575936883629191,0.5612745098039216,0.9453293984377931,0.8853906161710711
Concrete,0.12,0.004,0.1,0.732927138867733,0.0015710705502013774,57.274131774902344,10.336752476426506,0.9279820856098903,0.013991357502866949,175.0,162.0,3,57.28498458862305,10.318502503794853,0.9701207679453896,0.004876074147697231,0.8657563854958554,3.991000986193294,0.6688351114580623,3.448224852071006,0.5323450364019868,0.938064180589409,0.8775615877107885
Concrete,0.15,0.0015,0.0,0.7031607006854532,0.012864229555384658,232.15057373046875,38.142911391477554,0.9764457424915983,0.006018663715261756,1698.3333333333333,825.3333333333334,3,234.86066691080728,40.887995528575836,0.9585287687380326,0.004400273102872955,0.8884504574203348,3.991000986193294,0.669112462541865,2.6819526627218937,0.3779670772418557,0.9486722172686691,0.8992383163683803
Concrete,0.15,0.0015,0.025,0.7085872048743336,0.0047112882831906394,245.59459431966147,24.192991602265916,0.9795009178585614,0.004164904680529574,1250.3333333333333,685.3333333333334,3,247.07921346028647,24.439167001792367,0.9641615813856004,0.01686945339225365,0.8514653773560285,4.310281065088757,0.7640637669008123,2.9054487179487176,0.414188836724048,0.9506822056908969,0.8996820506257429
Concrete,0.15,0.0015,0.05,0.7047473978167048,0.02236763518602903,270.2638397216797,88.83503936443098,0.9752414207903328,0.015276563348827252,1248.3333333333333,707.0,3,271.51064046223956,89.34228952521447,0.9666046539239103,0.015858917301557387,0.84338834714627,3.4801528599605525,0.5409429199998704,3.6717209072978303,0.584332127242575,0.9469645729062549,0.8988162503185655
Concrete,0.15,0.0015,0.1,0.706937039857832,0.016145155957561393,225.5933074951172,44.145883458112245,0.9789150535909942,0.010404761931843868,1404.3333333333333,707.3333333333334,3,227.60752868652344,44.88223737869493,0.9838655735599989,0.0035455509046667193,0.782407305273065,3.6717209072978303,0.584332127242575,3.0650887573964494,0.4498613445981867,0.9655522740587407,0.9295208004832575
Concrete,0.15,0.002,0.0,0.7131568926123381,0.004947748080802112,210.49035135904947,49.24514164174375,0.9783083210624747,0.01631229252990473,1790.0,793.3333333333334,3,214.5600382486979,52.586467367033606,0.9674470483766718,0.015318377117719353,0.9120858012337903,3.9271449704142007,0.6527777777777778,4.054857001972386,0.6868765721224738,0.9365785640076231,0.8863704817719045
Concrete,0.15,0.002,0.025,0.7092536176694592,0.018562403474910654,179.75933329264322,31.737745262642875,0.9750316855105631,0.00292501418364326,1003.0,483.3333333333333,3,180.7261708577474,31.082448333652337,0.9772412979987509,0.008992456785596938,0.8567825320034027,4.118713017751479,0.7070150659133709,3.448224852071006,0.5314001657000829,0.6931082063239288,0.7577514288556803
Concrete,0.15,0.002,0.05,0.7050012693577049,0.012371232413011425,140.4440155029297,21.57940693108391,0.9551135167708552,0.011296938705604265,599.0,353.6666666666667,3,140.98431905110678,22.390005996907817,0.9689099706963162,0.02084252890956638,0.8619333591997173,4.406065088757397,0.7934589053971379,2.809664694280079,0.3981074790816039,0.8764071067653757,0.8476543845370884
Concrete,0.15,0.002,0.1,0.7124587458745874,0.01049180007257642,185.24581909179688,81.52978998387447,0.9729817182381376,0.007324294229601148,1003.6666666666666,477.0,3,186.5621795654297,82.91511400313433,0.9791444074597297,0.008564465095158454,0.9111134893807923,3.927144970414201,0.6510710018774535,4.118713017751479,0.7109788359788359,0.9360610293232332,0.8756977617428993
Concrete,0.15,0.0025,0.0,0.715854277735466,0.006524162116455151,155.46074676513672,45.60217715202849,0.9581103996701628,0.028005158462724788,1121.3333333333333,526.0,3,157.24625142415366,48.110125800676975,0.9713818636100098,0.01174023687750959,0.8978105316963517,4.02292899408284,0.6774193548387096,3.5120808678500985,0.5455527138391588,0.9468918583731929,0.901577899962807
Concrete,0.15,0.0025,0.025,0.7188055343995939,0.026466336450037292,121.74774932861328,19.397580982454024,0.9498717609493056,0.013846347319070937,570.3333333333334,319.3333333333333,3,122.23405202229817,19.564804273804434,0.9696954258971395,0.012244335908541008,0.8131458936371793,4.086785009861933,0.6960573476702508,2.9054487179487176,0.43129168368041376,0.9427233758525676,0.8918286529067938
Concrete,0.15,0.0025,0.05,0.7117605991368366,0.01647578503897714,129.954953511556,27.676977523322943,0.9633206881368973,0.007128660224546302,677.0,351.0,3,130.59742228190103,27.397155077313965,0.9619306057050286,0.004433265574454187,0.906621909372972,4.3741370808678495,0.7829729203195012,3.831360946745562,0.6273856129190115,0.6909760396221168,0.7311476220625736
Concrete,0.15,0.0025,0.1,0.7037953795379538,0.005165814117048668,106.62548065185547,41.29340067898409,0.9672069622590319,0.004118245762829387,573.0,314.3333333333333,3,107.32203928629558,41.58174305110358,0.9791496917308735,0.013161803085103898,0.9065174218217695,3.863288954635108,0.6346568604633122,4.054857001972387,0.6883770730818298,0.940483136579909,0.8818291155104121
Concrete,0.15,0.003,0.0,0.712998222899213,0.006635050624881555,120.64993794759114,26.79058437504265,0.9552231921420821,0.02097638925832894,901.6666666666666,380.0,3,122.17934926350911,29.075498722220434,0.9709476690224573,0.007480419309048839,0.8561514348361671,3.8952169625246547,0.6427376685441201,3.4801528599605525,0.53932022084196,0.9661817023261495,0.9284848513665862
Concrete,0.15,0.003,0.025,0.7056676821528306,0.009565928427909605,116.8185323079427,31.708567541990362,0.9606658407164076,0.022247683891523155,798.3333333333334,353.0,3,117.69642893473308,32.38369531207899,0.9745998441749766,0.00690656403872737,0.905240771514097,3.639792899408284,0.5852241756442199,3.7036489151873764,0.5931372549019608,0.9465170381509219,0.8964928507896905
Concrete,0.15,0.003,0.05,0.707032241685707,0.008731794846656133,112.20720926920573,46.95008099774201,0.9477140591973482,0.04053648480559208,758.6666666666666,330.3333333333333,3,113.02825419108073,47.64428426708409,0.9742746976075546,0.01592470752686894,0.7796114153821424,4.214497041420118,0.733654410175666,2.8415927021696255,0.4083490524662438,0.9562890446923982,0.9133057018028752
Concrete,0.15,0.003,0.1,0.7052868748413302,0.0034723662264014746,117.5842997233073,23.168799844954858,0.952424005359655,0.017331323960399693,510.0,312.0,3,118.09013366699219,22.944355127317085,0.9546809668954315,0.013564039216508774,0.8121624789112278,4.02292899408284,0.6782786885245903,3.575936883629191,0.5605501902253439,0.942552163538655,0.8933771003432348
Concrete,0.15,0.004,0.0,0.7199162223914698,0.016185150733095868,50.676962534586586,6.38548682839628,0.9205723475203337,0.022849684790049136,303.3333333333333,161.33333333333334,3,50.785177866617836,6.443482293358695,0.9659780293663002,0.00666937348290887,0.8369413492033364,4.0867850098619325,0.6963483389712898,3.5120808678500985,0.5450809195131064,0.6662152295787419,0.7074755075469245
Concrete,0.15,0.004,0.025,0.7075399847677075,0.013102967582447602,61.433719635009766,5.843736074787264,0.9294150694515633,0.03086826674362051,366.0,173.0,3,61.814507802327476,5.270105906716035,0.9701999289399882,0.01692449303645401,0.847764105556979,3.6717209072978303,0.5863566418382471,3.575936883629191,0.5663728432957112,0.9589921732360738,0.9196740377243805
Concrete,0.15,0.004,0.05,0.7133155623254633,0.014432525934577525,71.95366795857747,13.25661110584282,0.933895112719052,0.02791326367523667,481.3333333333333,205.33333333333334,3,72.52910868326823,13.522016036397693,0.9682414508502618,0.016606156179036453,0.7292211606938598,3.7036489151873764,0.5931372549019608,3.001232741617357,0.431617224015449,0.9342791835598115,0.8844289981850054
Concrete,0.15,0.004,0.1,0.703985783193704,0.00972100327836788,58.128701527913414,17.746597283838486,0.9330063778657807,0.0341248578799695,260.0,153.66666666666666,3,58.42443974812826,18.24322096508343,0.978315197530351,0.006544000202266863,0.7556201722244028,3.831360946745562,0.6307078763708873,3.0970167652859963,0.45315823478595435,0.9564049576187929,0.9117438266583107
L-Concrete,0.12,0.0015,0.0,0.6794871794871794,0.016283223715873207,1192.8326822916667,107.74022120078689,0.9968730924345853,0.0016219209042636713,3418.0,2737.3333333333335,3,1194.3861490885417,108.85852701996107,0.9644111082098398,0.002075646326351775,0.6157127757190217,2.586168639053254,0.3512572378395163,2.586168639053254,0.3525229755505462,0.6657937177773395,0.7624023446406313
L-Concrete,0.12,0.0015,0.025,0.6749492256918,0.02186936085313147,1352.0553385416667,68.14211663421516,0.9971619893191096,0.00038115152527671496,2447.0,2355.0,3,1352.055419921875,68.19803070507524,0.9816978105117143,0.009285751505634253,0.6665456093613499,2.8735207100591715,0.4055765354395491,2.745808678500986,0.39205462974801936,0.9555884827596951,0.9239391748987481
L-Concrete,0.12,0.0015,0.05,0.6675869510027925,0.02697176044343851,1517.12353515625,65.68237679789344,0.9980121082182505,0.00022254928764680994,2632.0,2575.3333333333335,3,1517.1586507161458,65.72949621720734,0.9794100469082299,0.008838729113144568,0.7637380482854089,2.3626725838264298,0.3169441218221706,3.32051282051282,0.5013098757420626,0.9604373601200891,0.9334812789097088
L-Concrete,0.12,0.0015,0.1,0.6691895151053567,0.044167654868159795,1431.7786051432292,161.75910862177165,0.9977561093801631,0.0010731270880259154,2896.3333333333335,2612.3333333333335,3,1433.1258138020833,163.90959610775167,0.9389099466091734,0.024071111275317855,0.6247432773079437,2.490384615384615,0.33757904245709125,2.6500246548323467,0.3671674893175914,0.6571851657423841,0.7264033575801907
L-Concrete,0.12,0.002,0.0,0.6924346280781924,0.008624220736376958,843.0926513671875,107.70326151845067,0.9943246541411709,0.001054460050889148,2126.3333333333335,1753.3333333333333,3,843.1663004557291,107.62478574459719,0.9279264711126749,0.007414837426410357,0.7272796557577156,3.1289447731755424,0.4595756110663443,2.9054487179487176,0.4161607226622706,0.6451648378227158,0.7132855006523217
L-Concrete,0.12,0.002,0.025,0.7061119573495812,0.0168418464489688,1089.2123616536458,64.64649616672659,0.9964451822824459,0.000326524146518795,2032.6666666666667,1942.6666666666667,3,1089.2815348307292,64.67727093805827,0.9926816596934894,0.0029446899921741656,0.7404314834587716,3.0650887573964494,0.44518804518804517,3.0650887573964494,0.4491108670213148,0.9840911548508977,0.9603803338652881
L-Concrete,0.12,0.002,0.05,0.6684755013962934,0.029281385364069976,1147.1685791015625,60.909750976760364,0.9969553533554825,7.462966457113843e-05,2128.0,2015.3333333333333,3,1147.2652587890625,60.84643250377425,0.9930109036718187,0.0031604450624478663,0.6072925160522376,2.6819526627218937,0.36905326379010583,2.2349605522682445,0.2972806693736926,0.9696321271596494,0.9386315426546027
L-Concrete,0.12,0.002,0.1,0.7040175171363291,0.01542475280824499,1172.2535400390625,43.69094513968264,0.996130154913741,0.0008739682808677676,2182.0,2084.0,3,1172.2993570963542,43.60660061273836,0.965180895470577,0.023181303372582666,0.7360924611522693,3.0970167652859963,0.45379390505248635,2.937376725838264,0.41858954845256213,0.9625279066367108,0.938141583790066
L-Concrete,0.12,0.0025,0.0,0.698971820258949,0.013568515064988174,588.9215087890625,38.09723970917301,0.9936785267634028,0.0011765399407606654,1623.3333333333333,1312.0,3,588.9977823893229,38.24450948240984,0.9142528855582565,0.04391827028790199,0.741655671022111,3.1289447731755424,0.4598757763975155,2.7777366863905324,0.3886958112310224,0.7667086336114809,0.711907341245964
L-Concrete,0.12,0.0025,0.025,0.685960903782686,0.02012394904385637,983.6267700195312,111.5947589521704,0.996557116976667,0.0004829648908492728,1791.3333333333333,1708.6666666666667,3,983.6088053385416,111.60957688353355,0.971082802597372,0.014705676956609076,0.7702939639835291,3.160872781065089,0.466535300835218,3.224728796844181,0.4819839045191158,0.9579393777734831,0.9249539070422997
L-Concrete,0.12,0.0025,0.05,0.7023673521198274,0.015351227094832413,993.4144490559896,72.10164792226844,0.996306143200406,0.0006054463004641503,1864.0,1761.3333333333333,3,993.5287272135416,71.89541900803104,0.9799926334356795,0.013157862700540226,0.6617616322704558,2.7777366863905324,0.3887685153507938,2.9054487179487176,0.4125076771075329,0.9632133523576121,0.9330466491356387
L-Concrete,0.12,0.0025,0.1,0.6981150038080731,0.01823879192526079,930.4491780598959,124.36529343129735,0.9959227142628079,0.00040886375993392414,1881.6666666666667,1748.0,3,930.5721028645834,124.36742296677242,0.9704424822772898,0.007623990090530613,0.571021216944681,3.1289447731755424,0.4661111111111111,2.554240631163708,0.35358590821414265,0.9452274316385706,0.9121711124004964
L-Concrete,0.12,0.003,0.0,0.6973930566133536,0.011152287187237115,442.18951416015625,101.99164709477171,0.9897360107392673,0.004380737574391622,1363.8333333333333,1054.4166666666667,12,442.3514455159505,102.14291442904013,0.9358099346647737,0.028834935445504115,0.7134668050205432,3.013512744651798,0.435977211751141,2.8587847064178424,0.40438533855967096,0.6527533040454895,0.678227679264396
L-Concrete,0.12,0.003,0.025,0.7022721502919523,0.0195644581945008,841.7052815755209,148.9472473121702,0.9950709273219672,0.001742347172374989,1679.3333333333333,1566.0,3,841.6872355143229,148.89897767794065,0.9962336060958296,0.0005053130352026516,0.816250321909207,3.41629684418146,0.522023302074453,3.5440088757396446,0.5524693821445358,0.9766595469794453,0.9464447465850016
L-Concrete,0.12,0.003,0.05,0.7075717187103326,0.006064837158421045,814.4993489583334,30.289077188249475,0.9956046091642824,0.0006553001217358996,1529.0,1464.3333333333333,3,814.586181640625,30.26698054506347,0.9836451783832311,0.00908882442024961,0.7667445129245981,3.0650887573964494,0.444630237028462,3.1289447731755424,0.4589446589446589,0.9402609362748121,0.8846026372234016
L-Concrete,0.12,0.003,0.1,0.7115067275958366,0.012599893883526222,806.7593383789062,83.67688947033847,0.995988049076423,0.0005092341682481229,1633.6666666666667,1554.6666666666667,3,806.8563639322916,83.673651493412,0.9787197501549071,0.003153245908093672,0.7768882930605748,3.2885848126232737,0.49499691753212877,3.001232741617357,0.4312531709791984,0.9657496399387272,0.9290876646838475
L-Concrete,0.12,0.004,0.0,0.6795189134298045,0.018522648613135892,325.20849609375,110.62979452696885,0.9876514119079912,0.006292206667204988,1162.0,850.0,3,325.5013682047526,110.85540844526238,0.9383923607177356,0.006811548487677487,0.710211171978095,2.937376725838264,0.4192891064241735,2.777736686390533,0.38779875766177135,0.5877617422185635,0.6443223700062293
L-Concrete,0.12,0.004,0.025,0.7268659558263518,0.03128883061941579,570.7129923502604,95.22980026022249,0.992805665951403,0.0012467639776668296,1303.3333333333333,1114.6666666666667,3,570.9111836751302,95.33977453075354,0.9927522031442845,0.003537319012038492,0.7210802719540088,2.8415927021696255,0.3994946640945199,2.71388067061144,0.37482526956211165,0.9635776664657215,0.9228570290210248
L-Concrete,0.12,0.004,0.05,0.7040809850215791,0.017867111527853207,589.2741088867188,65.82429334088894,0.9930795419201264,0.0015930379430314561,1274.6666666666667,1150.0,3,589.4163818359375,65.90930047175134,0.9854792089859438,0.006607692803206786,0.6254335881263836,3.352440828402367,0.5091494656712049,2.586168639053254,0.352018252018252,0.9630093901654889,0.9327491611216484
L-Concrete,0.12,0.004,0.1,0.7216298552932217,0.023100719120041954,576.5804443359375,13.600120794636576,0.9940048441596883,0.0006928146634028312,1225.3333333333333,1119.3333333333333,3,576.6997273763021,13.634716808472328,0.9928248403762306,0.0029991691578236364,0.7392872247739647,3.2566568047337277,0.4880763116057234,2.745808678500986,0.3809071409071409,0.9654319476867892,0.9223646363899268
L-Concrete,0.15,0.0015,0.0,0.6751713632901751,0.008232068531419468,1007.8957316080729,189.3755804343772,0.9955459759252986,0.0012795071447107315,2416.6666666666665,2025.0,3,1008.0540364583334,189.49763473607482,0.9202634446069063,0.008543153176180542,0.7132293681610155,2.71388067061144,0.37450292397660817,2.9054487179487176,0.4133652057634307,0.5049863795211775,0.5766164292833446
L-Concrete,0.15,0.0015,0.025,0.7118240670220869,0.01864279326752094,1345.0849609375,67.29128549538464,0.9970590474084488,0.0010517971678167728,2336.6666666666665,2295.0,3,1345.044189453125,67.31591078965998,0.9900061028872535,0.005821689532433346,0.6986690158575061,2.522312623274162,0.3391053391053391,3.001232741617357,0.4344127409142889,0.9656546656011362,0.9278115332487276
L-Concrete,0.15,0.0015,0.05,0.6554645849200305,0.036546095739008966,1409.075927734375,148.6198955073199,0.997818966116841,9.166701420123994e-05,2496.0,2430.6666666666665,3,1409.1300455729167,148.61236239544579,0.9810395469404055,0.00928139470822398,0.5945805985973281,2.5223126232741615,0.34306427452460175,2.554240631163708,0.36811763871150843,0.9396875828967551,0.8948994727868159
L-Concrete,0.15,0.0015,0.1,0.6843742066514343,0.014314927911686395,1376.2869873046875,48.82455558593521,0.997389732828772,0.0005261089782266211,2411.0,2356.6666666666665,3,1376.3149007161458,48.782118448871955,0.9853563966926654,0.006319425111255733,0.6683957255474321,2.6180966469428006,0.3657709997579279,2.937376725838264,0.4262933128755913,0.9557881946001126,0.9345490261260827
L-Concrete,0.15,0.002,0.0,0.6830413810611832,0.05010224769090257,924.3513590494791,132.2169898940655,0.9964474498513088,0.0010027722381703206,2678.3333333333335,2125.3333333333335,3,925.2989908854166,132.93866780533733,0.9606875681710775,0.010663945807735307,0.5762074817319083,2.4265285996055224,0.3233490229639138,2.650024654832347,0.36738999397227246,0.6136459315547658,0.6617300353047381
L-Concrete,0.15,0.002,0.025,0.6577652957603453,0.04188940828743587,1194.4285888671875,32.020805897785756,0.9969976251828699,0.00041255505006135783,2761.0,2295.3333333333335,3,1196.0079345703125,30.01793939766584,0.9758048693422744,0.016684282941063108,0.6394910928041643,2.554240631163708,0.3503780379734902,3.0012327416173563,0.4319666145018257,0.9791422689516515,0.9495098564725243
L-Concrete,0.15,0.002,0.05,0.6713156892612338,0.04282021697060585,1118.7683512369792,83.86546005637034,0.9964359049367214,0.0004828545905580293,2111.0,1992.3333333333333,3,1118.8694254557292,83.92242279198294,0.9852869369386196,0.0029738765932363284,0.7951255696134267,2.3946005917159763,0.3182554780525611,3.0331607495069033,0.44003729129587255,0.9601232852114193,0.9293008863267912
L-Concrete,0.15,0.002,0.1,0.6695544554455446,0.046961142368819035,1152.2895914713542,65.96162827041312,0.9968515530190634,0.0004461523407051071,2087.3333333333335,2031.3333333333333,3,1152.4060465494792,66.1395023237748,0.9879165838593124,0.004208474138170151,0.6710351312691731,2.3946005917159763,0.31701855471194423,2.7777366863905324,0.38715338715338715,0.9647782428934805,0.9469052435987825
L-Concrete,0.15,0.0025,0.0,0.6816292206143691,0.0015818503022807136,800.2445271809896,90.39797379520364,0.9956605360670765,0.0020361804279151806,2522.6666666666665,1922.6666666666667,3,801.557373046875,91.1331476403233,0.9418578454007372,0.020525516586154962,0.44313618999325094,2.8415927021696255,0.3993302891933028,2.6819526627218937,0.3695467394097531,0.5664624071724808,0.617542275226222
L-Concrete,0.15,0.0025,0.025,0.6869446560040618,0.024936579768117872,1005.0437418619791,53.11316973221252,0.9957973432919832,0.0016361265843971382,1962.6666666666667,1766.0,3,1005.2321166992188,53.13732429689516,0.9862988821859489,0.008769574696296599,0.6840851992059601,3.3205128205128207,0.5042172607389999,2.6819526627218937,0.37343808454919564,0.9326344837713411,0.8823570819787578
L-Concrete,0.15,0.0025,0.05,0.6943386646356943,0.017956925602665527,933.0334879557291,102.68559347017121,0.9956263344340762,0.0008577592823285998,1804.3333333333333,1692.3333333333333,3,933.1639200846354,102.49442081536212,0.9822059218343862,0.0024847758709211965,0.7553587396646747,3.128944773175542,0.4611166390270867,3.160872781065089,0.46612202264376174,0.9742100396640252,0.9524423214555608
L-Concrete,0.15,0.0025,0.1,0.6762979182533638,0.03326763591559169,946.3307495117188,82.5339583314672,0.9954816699190928,0.0017822582981459538,1869.0,1751.3333333333333,3,946.4657592773438,82.55372349964672,0.9793026579275667,0.007725880308128739,0.7201402496045347,2.9693047337278102,0.4258847431567965,3.192800788954635,0.4729526771156079,0.9530368968855051,0.9245778583663106
L-Concrete,0.15,0.003,0.0,0.6854848946433104,0.015637558319610747,627.8802897135416,114.33243265585138,0.995002067539196,0.0021583462019100683,2082.6666666666665,1570.0,3,628.4909871419271,115.07611312534083,0.9619576239642832,0.008248843760467478,0.714699549904103,2.937376725838264,0.41984691458375667,2.8415927021696255,0.4015948963317384,0.5696812882338018,0.6565846164920702
L-Concrete,0.15,0.003,0.025,0.7015740035542016,0.004331770348600548,711.4272867838541,34.709177360146974,0.9934969612961347,0.0020910732050733317,1515.0,1385.0,3,711.4172566731771,34.72561973440614,0.9810428306152176,0.01250241732248305,0.7455161157601542,2.809664694280079,0.39797101449275357,3.575936883629191,0.5605501902253439,0.9330198955108476,0.8903764868518514
L-Concrete,0.15,0.003,0.05,0.6766628585935517,0.014999752184783282,798.6949666341146,70.034460236215,0.9944070742313311,0.001859436899562446,1626.6666666666667,1500.0,3,798.777587890625,70.02994243878574,0.9857028414874955,0.005786378901679707,0.6777276641229405,2.71388067061144,0.3793619852099384,3.2566568047337277,0.4884012807995058,0.9715620255805413,0.9520348196593997
L-Concrete,0.15,0.003,0.1,0.6664603960396039,0.02707496300032248,884.3539428710938,83.2463246342721,0.9952318751711092,0.0008591941375957799,2094.0,1701.3333333333333,3,885.8218994140625,80.91276033071357,0.9659837638793615,0.015518706245221905,0.6720380552215821,2.3307445759368837,0.3113803458631044,3.0331607495069033,0.4483333333333333,0.9316158463653587,0.871587828892579
L-Concrete,0.15,0.004,0.0,0.707032241685707,0.007235547691433458,274.08751424153644,101.76377412608048,0.9817135423251474,0.013693152441421365,995.6666666666666,697.0,3,274.47324625651044,102.41555872836474,0.946688546043842,0.023449240582571626,0.736099339589178,3.0650887573964494,0.4449942900647126,2.8415927021696255,0.403457273320287,0.7020978600426669,0.691580759942792
L-Concrete,0.15,0.004,0.025,0.6968297791317593,0.03181314834411386,527.1708399454752,50.87194152602929,0.9920624132278615,0.0026940041402782437,1256.75,1063.25,12,527.326291402181,50.91480886425954,0.9881280252475104,0.006300997761744602,0.6805625171308167,2.9815847367622514,0.43149736088430446,2.677040661508117,0.37218095793874706,0.9661609612273259,0.9305533489401151
L-Concrete,0.15,0.004,0.05,0.6882457476516882,0.015060054555381366,614.6679484049479,92.01452863709655,0.992099216834319,0.0016805665776945269,1270.0,1141.0,3,614.7490437825521,91.958250707692,0.9872881844026841,0.005495733854396169,0.5289027663498221,2.4265285996055224,0.3233490229639138,2.3626725838264298,0.3169441218221706,0.6698809852252586,0.7450931461814339
L-Concrete,0.15,0.004,0.1,0.7195036811373444,0.007284236038282109,594.6473795572916,55.3640785348732,0.9933447655864148,0.0014662453162436447,1230.0,1143.0,3,594.736328125,55.55605130133666,0.9755749383314156,0.01668382111646911,0.6914809974874251,3.3205128205128207,0.5009139413596003,2.0433925049309662,0.26582471433760263,0.9367809132587785,0.8799129489591668
L-LSPIN,0.2,0.007,0.0,0.6965600406194467,0.023997774239226582,429.5067596435547,124.68735442849909,0.9883060931731046,0.004591216289474131,907.6666666666666,787.3333333333334,12,429.5025278727214,124.6778728616139,0.9440173574476123,0.032725341691557046,0.6938371821967159,2.9447447276589287,0.4218858131385659,2.8342247003489605,0.3998397415293267,0.8078526977450241,0.791592577880051
L-LSPIN,0.2,0.007,0.025,0.7047473978167047,0.043297717355394734,899.2239379882812,79.83457519034985,0.9961660923503324,0.0005932895907172618,1731.0,1635.3333333333333,3,899.2329711914062,79.80065948781498,0.99547508578943,0.0007859367088956953,0.8281099724176663,3.2885848126232737,0.49370086198730706,3.0650887573964503,0.4450097847358121,0.9793026635410671,0.9493941271464691
L-LSPIN,0.2,0.007,0.05,0.692910637217568,0.010222714175990575,986.9472249348959,25.16428416600206,0.996720324866903,0.0004947424359165098,1874.0,1768.3333333333333,3,986.9489542643229,25.152773320280506,0.9872780831674701,0.007299759615251717,0.6882617251035693,3.3205128205128207,0.5000690131124914,2.650024654832347,0.37191904874399556,0.9423850699671736,0.8948753279904752
L-LSPIN,0.2,0.007,0.1,0.7078890581365829,0.02076280350589435,964.7117106119791,61.58753579018267,0.9963877582552921,0.0005846081755391714,1704.6666666666667,1652.0,3,964.6997680664062,61.55848735379789,0.9897894818356613,0.006565226911796816,0.6245837662750209,2.9054487179487176,0.415328371850111,2.3307445759368837,0.30670569834821776,0.9599922329446118,0.9327076674171684
L-LSPIN,0.2,0.00875,0.0,0.7093488194973343,0.008350128389469908,397.6602274576823,93.75424945917136,0.9894672801737445,0.002744608230856704,808.6666666666666,718.3333333333334,3,397.66050211588544,93.74624235858141,0.9836051839352148,0.005356127347503741,0.7619015511901469,3.288584812623274,0.49330492760484473,2.8415927021696255,0.40070158323679445,0.9322341449370488,0.8646789435858011
L-LSPIN,0.2,0.00875,0.025,0.7086824067022087,0.008362601392230693,675.3436279296875,94.69985102206127,0.9946665566394123,0.0005962211213356748,1224.0,1191.6666666666667,3,675.3339436848959,94.69805164593816,0.9875329363956143,0.007426835962419665,0.758153266297897,3.0012327416173563,0.4319666145018257,2.937376725838264,0.4258373205741626,0.9605846147896008,0.9189625031543427
L-LSPIN,0.2,0.00875,0.05,0.7236290936785986,0.00576501898598732,819.8712972005209,57.21067940159839,0.996379623942078,0.00046887818013867296,1630.6666666666667,1540.3333333333333,3,819.8694254557291,57.2220498827127,0.9918277128896995,0.0028292886379094177,0.7081845284737783,2.8415927021696255,0.4001664001664001,2.490384615384615,0.3343403401882934,0.9737835306415445,0.9477505148909167
L-LSPIN,0.2,0.00875,0.1,0.7017644072099518,0.015979828394196063,807.0849405924479,61.40466460598116,0.9955282756557639,0.0009452146662526386,1553.3333333333333,1476.6666666666667,3,807.092529296875,61.422517452741104,0.9920880439484322,0.0006882530009289365,0.7556288605580185,3.0012327416173563,0.43143143143143137,2.9054487179487176,0.4136006683375104,0.9650501856633417,0.9246965915815818
L-LSPIN,0.2,0.0105,0.0,0.7159177456207159,0.005943065131383637,245.7516123453776,9.812486350910458,0.9763051674772094,0.003463826476629732,478.3333333333333,413.0,3,245.7559611002604,9.813323826515823,0.9532886375182911,0.024827973445518046,0.7260464102998011,3.192800788954635,0.47215985121680165,2.6819526627218937,0.3704414003044139,0.909353982267847,0.8470184658188472
L-LSPIN,0.2,0.0105,0.025,0.7002094440213252,0.031073882451875864,488.7876485188802,63.249759747800304,0.9908672562568256,0.0025466203035781846,820.6666666666666,801.0,3,488.78857421875,63.24409736030742,0.9778382360870248,0.0112492570741335,0.6427330542817221,2.8415927021696255,0.3993302891933028,2.745808678500986,0.3819143819143818,0.9436896077399642,0.9025165577960529
L-LSPIN,0.2,0.0105,0.05,0.69500507743082,0.015974155619228825,653.5881754557291,88.57851162672607,0.9939371565009129,0.001506134687538933,1237.6666666666667,1186.0,3,653.5830688476562,88.57167764656666,0.9731390679047326,0.020204308380701898,0.6961718675522369,3.224728796844181,0.479548313848231,2.650024654832347,0.3649204760315871,0.9490208107316741,0.8990184282040549
L-LSPIN,0.2,0.0105,0.1,0.7155369383092155,0.022541131213681266,661.0283203125,66.78702791487636,0.9948352942462204,0.0008530451734611293,1190.6666666666667,1161.0,3,661.0247192382812,66.78445237560193,0.9882706206647467,0.004624705436836999,0.7935399375464626,3.3205128205128207,0.5069959295311408,3.2566568047337277,0.4863297431648716,0.97152387780504,0.9580312407994566
L-LSPIN,0.2,0.014,0.0,0.6767263264788017,0.02287506646323021,166.388671875,30.730915413608503,0.9642882439482897,0.00985112491395616,274.6666666666667,253.0,3,166.38457743326822,30.731345668995985,0.9060285275081973,0.02413601651800502,0.5454774776777568,2.6180966469428006,0.3568831168831168,2.203032544378698,0.286650558743582,0.6506094452476727,0.617234398411934
L-LSPIN,0.2,0.014,0.025,0.698844884488449,0.021400162497877864,342.4826151529948,103.9733472935615,0.9838809725884153,0.006846757780196626,604.0,584.3333333333334,3,342.4871317545573,103.98758817526692,0.9710153266387955,0.01182539056786206,0.674945229293867,3.1289447731755424,0.4591468382037886,2.554240631163708,0.34487734487734484,0.8430001328890064,0.7922851208827592
L-LSPIN,0.2,0.014,0.05,0.6977976643818228,0.04253309694175727,436.42083740234375,124.42698442100857,0.9894321844419413,0.004554348293063177,770.0,742.6666666666666,3,436.408447265625,124.43503600311442,0.9656132270098233,0.021004596184989354,0.6764647008852657,2.8415927021696255,0.4001664001664001,2.71388067061144,0.37482526956211165,0.9409997058470237,0.8938907922608165
L-LSPIN,0.2,0.014,0.1,0.6990035542015741,0.011622943677391324,519.6383565266927,71.76500522841128,0.9929648500537245,0.0012525822306579896,1007.6666666666666,965.3333333333334,3,519.6429341634115,71.76281294999174,0.9961178741483527,0.0004575407314926392,0.7913697417829365,3.160872781065089,0.46537842190016104,3.0331607495069033,0.4389417989417989,0.9709929852913081,0.9299353378452097
L-LSPIN,0.2,0.021,0.0,0.7059215536938309,0.030643012093310166,106.8687260945638,17.12485408405765,0.9329925703535852,0.01989485552810508,170.0,154.66666666666666,3,106.86792246500652,17.120160536189243,0.9489081526201396,0.015213169918290054,0.553016601757236,2.71388067061144,0.3764403977595183,2.36267258382643,0.3112465489399385,0.7955483969652243,0.728598936815506
L-LSPIN,0.2,0.021,0.025,0.6843424727088093,0.017213462830904334,205.6473592122396,12.783754373773332,0.9686798054655034,0.006044720439319,318.6666666666667,308.3333333333333,3,205.6399943033854,12.78249344806812,0.9785692907004765,0.006504354183416984,0.6033815919259033,2.586168639053254,0.3530858340599588,2.298816568047337,0.3025040319157966,0.8716912881721998,0.8202459140273772
L-LSPIN,0.2,0.021,0.05,0.695036811373445,0.027753632488585117,209.77863566080728,45.40179061564075,0.9733345791214326,0.014672264246666043,337.3333333333333,328.0,3,209.78013610839844,45.40164413317629,0.9332487858853756,0.029657267129539845,0.5226570736629259,2.3946005917159763,0.31772314392031326,2.0433925049309662,0.2593601153541585,0.6756141037025228,0.7279992207259253
L-LSPIN,0.2,0.021,0.1,0.698051535922823,0.019431048343172618,254.1853281656901,14.628833615236147,0.9819488004344077,0.0013142999228922673,429.3333333333333,419.6666666666667,3,254.19105529785156,14.627280476373421,0.9766513572617282,0.006482941533704874,0.6650452610905321,2.937376725838264,0.4209702660406886,2.71388067061144,0.37547064007049585,0.8344272754854963,0.7804119553365466
L-LSPIN,0.22,0.007,0.0,0.7244224422442245,0.010173834696937735,442.1145426432292,39.121611707450626,0.9911353860894816,0.0006497231746461363,932.6666666666666,815.3333333333334,3,442.1012776692708,39.14556286508464,0.9831326948791107,0.003180927060140139,0.7819758554365331,3.3205128205128207,0.5004822913039476,2.9693047337278102,0.4258847431567965,0.6657017593082687,0.734089549101113
L-LSPIN,0.22,0.007,0.025,0.7052234069560802,0.010165813860978432,830.8751627604166,86.56274280620198,0.9950532954768976,0.002069322887056349,1579.0,1491.6666666666667,3,830.8787434895834,86.55707716165907,0.980115971026359,0.0031455181125459673,0.7519601102373303,3.0970167652859963,0.45627872087857674,3.0650887573964494,0.445769772154525,0.9398307823030142,0.884158156250078
L-LSPIN,0.22,0.007,0.05,0.6604468139121605,0.03315133974612716,900.7966512044271,37.55092478660577,0.9963208916245861,0.00029197717256308563,1819.0,1692.3333333333333,3,900.7808227539062,37.57416669356363,0.9898382645515578,0.0030913620827357777,0.6707902779929721,2.71388067061144,0.38061544824829846,2.745808678500986,0.3812426458425016,0.9818185664790976,0.9554535611636475
L-LSPIN,0.22,0.007,0.1,0.6889121604468139,0.031449089652737884,924.8056844075521,100.67951759009554,0.9968925100837919,0.0004833182912576835,1943.6666666666667,1791.6666666666667,3,924.8286946614584,100.69086082843559,0.9827441336427273,0.011119296827089736,0.585021392089636,2.6819526627218937,0.37287522603978296,2.554240631163708,0.3486901535682023,0.990913740074079,0.9731852193592102
L-LSPIN,0.22,0.00875,0.0,0.6895151053566896,0.0038475360665721297,388.65378824869794,141.15523237398185,0.9874397148218549,0.0063864336213749285,846.6666666666666,742.3333333333334,3,388.65088907877606,141.16878512285976,0.9757700790073224,0.011440762022205704,0.7130611195287874,3.0970167652859963,0.4559432159432159,3.1289447731755424,0.4595756110663443,0.9604428208799355,0.9210819361629164
L-LSPIN,0.22,0.00875,0.025,0.7046839299314547,0.030803198365626838,538.9987182617188,44.338267713304084,0.9922600535125422,0.002353416691222825,970.0,952.3333333333334,3,538.9895222981771,44.3272468536696,0.9785300719350243,0.00983125128543077,0.7284097012382459,2.9054487179487176,0.4128717301437835,3.001232741617357,0.431617224015449,0.9583133286435227,0.9147142088692762
L-LSPIN,0.22,0.00875,0.05,0.7376554963188626,0.020852098180206887,704.2136433919271,45.7333578431573,0.9948827682400659,0.0006012503360314066,1364.0,1316.0,3,704.2213338216146,45.725919676479194,0.9861128168278593,0.008627637274463137,0.765130920054277,3.001232741617357,0.4337174562526675,3.224728796844181,0.4787391012743125,0.9544989602839395,0.9128310160019936
L-LSPIN,0.22,0.00875,0.1,0.7185833968012186,0.013596540944791681,723.8494262695312,98.75605196713649,0.9950013232842395,0.0007588290127266453,1326.6666666666667,1305.0,3,723.84716796875,98.75017490799645,0.9962143534432708,0.0018596821081564502,0.7827106082979318,3.5120808678500985,0.5459843638948116,2.937376725838264,0.42077803203661324,0.9884211883359543,0.9720072392816954
L-LSPIN,0.22,0.0105,0.0,0.7095709570957096,0.01833230616452542,207.32174682617185,31.437816737782967,0.9784501121964767,0.005233238121851128,422.6666666666667,371.0,3,207.32526652018228,31.44004096413288,0.9518900073168567,0.020625425124874027,0.6853171697041769,2.7777366863905324,0.3886958112310224,2.3946005917159763,0.3194724845327255,0.8470592445571888,0.7981538139296651
L-LSPIN,0.22,0.0105,0.025,0.6976072607260727,0.01671607831154335,375.3822326660156,24.368301570402544,0.9863346461086375,0.0016483586273346772,621.6666666666666,600.6666666666666,3,375.3893229166667,24.37721901064538,0.9631277775016667,0.01869265736900865,0.703666406808193,2.71388067061144,0.3761423761423761,2.8735207100591715,0.4065837764467901,0.9048040247222523,0.8266867598191071
L-LSPIN,0.22,0.0105,0.05,0.6951320132013201,0.025969399771618495,659.5366821289062,41.91940114559396,0.9939299621577434,0.001786229919600477,1316.3333333333333,1236.3333333333333,3,659.5379842122396,41.915703593712976,0.991543613387169,0.0042761406205239156,0.6696381636218315,2.8735207100591715,0.40591204037490985,2.3946005917159763,0.3168724279835391,0.9679073338227954,0.9299737847812364
L-LSPIN,0.22,0.0105,0.1,0.6978611322670728,0.024067868143049752,574.9536743164062,42.0337404873301,0.9933661492433862,0.001240261649177284,1017.3333333333334,1002.6666666666666,3,574.9601440429688,42.037164812938094,0.9908128531992294,0.0026510632911863896,0.7258588043657205,2.9054487179487176,0.41317941317941315,2.8735207100591715,0.40592592592592586,0.9583994080029413,0.9202419561200034
L-LSPIN,0.22,0.014,0.0,0.6937357197258187,0.00990099009900993,151.2677001953125,53.19174032108979,0.9629524960204368,0.016531097559751948,302.3333333333333,259.3333333333333,3,151.26885223388672,53.18838770325063,0.9355740353739727,0.026883694831151002,0.6236801424427685,2.6819526627218937,0.37152592064341033,2.458456607495069,0.32785358101813794,0.9088379764216538,0.8484236152314191
L-LSPIN,0.22,0.014,0.025,0.6767580604214268,0.03726581076727609,258.39125061035156,13.002289027377621,0.9809734913930649,0.0024413985123796274,406.3333333333333,396.0,3,258.3923034667969,12.996072346011761,0.9806425784759277,0.0028614220727597294,0.5620294530697861,2.107248520710059,0.2718266253869969,2.586168639053254,0.3516959064327485,0.9600922777856055,0.9213248295712768
L-LSPIN,0.22,0.014,0.05,0.6842790048235593,0.020087886475057774,343.83526611328125,59.0839760647591,0.9881955433252498,0.003376412281195452,592.0,578.3333333333334,3,343.8339436848958,59.08238030601933,0.9874483555627128,0.004890547288260139,0.6336439664004502,2.4903846153846154,0.3346502057613168,2.6180966469428006,0.36102499594825055,0.9698020447283972,0.9383351717245425
L-LSPIN,0.22,0.014,0.1,0.7096502919522721,0.017136609491987427,463.2972997029622,61.82612071850384,0.9914354594777812,0.0020169229469058137,886.0,854.6666666666666,12,463.29146575927734,61.82877184523125,0.9883963959358195,0.006925177943986022,0.7777441691206914,3.3303368229403727,0.5049937012898,2.895624715521165,0.41242076922302684,0.9584621437016306,0.916945848678369
L-LSPIN,0.22,0.021,0.0,0.7158542777354658,0.019383880811965917,98.97683461507161,21.661856523616407,0.939794529363279,0.010434555236931476,157.0,141.33333333333334,3,98.97314453125,21.66739142886255,0.9530567874737851,0.02528993729063594,0.5447539585076665,2.5223126232741615,0.3396901344269765,2.2030325443786984,0.2843373493975903,0.8332835901468137,0.7405761570050161
L-LSPIN,0.22,0.021,0.025,0.6732990606752983,0.03727979267332328,131.32303619384766,15.58908611891412,0.9576630416341018,0.010032433258329353,202.0,195.66666666666666,3,131.32093302408853,15.589422710851826,0.9544072014522116,0.008206906890736783,0.6062103763247874,2.522312623274162,0.3420945168355793,2.171104536489152,0.27950051719390673,0.8949241787331847,0.8046895683495959
L-LSPIN,0.22,0.021,0.05,0.7138233054074639,0.02244583733911135,215.41570536295572,53.86070833752421,0.9784607605401027,0.004080970478781474,375.0,364.0,3,215.4126993815104,53.86636510651623,0.9727222510675292,0.005810853179998871,0.7015328623452758,3.192800788954635,0.47215985121680165,2.4903846153846154,0.3352705729639625,0.924247278137854,0.8555489155344814
L-LSPIN,0.22,0.021,0.1,0.68504061944656,0.028585025899138434,235.19304911295572,52.105236820470076,0.9803813695980966,0.004399361112878859,402.6666666666667,396.0,3,235.19110616048178,52.104905981041426,0.9807226119691546,0.011459370174132788,0.6643789454073149,2.71388067061144,0.37466089466089464,2.8096646942800785,0.39392015392015384,0.9298175417962565,0.8751258679067776
LSPIN,0.2,0.00525,0.0,0.7203525641025642,0.009758278829330424,253.03410466512045,51.93508101065042,0.9818881003989604,0.006215606021546107,764.6666666666666,559.0,12,253.03807957967123,51.928396225310976,0.9806034516863267,0.007931274449566853,0.8671827771698316,3.94188097405553,0.6569182713458733,3.187888787740859,0.4765222642002699,0.9623355817462595,0.9196399195916515
LSPIN,0.2,0.00525,0.025,0.717948717948718,0.011392573797426789,337.3449198404948,26.35879017616869,0.9880010780707881,0.0014913228483146577,775.0,700.6666666666666,3,337.34425862630206,26.343666731849684,0.9920937341311017,0.003724492989814653,0.8479484410575243,3.9271449704142007,0.6519038945268454,2.809664694280079,0.3981074790816039,0.9594988320533098,0.9102997017133038
LSPIN,0.2,0.00525,0.05,0.7118558009647119,0.014255288287754662,380.2020568847656,33.288559923172464,0.9873289867906102,0.0016950200796516442,827.0,764.3333333333334,3,380.20037841796875,33.28896514026558,0.9924991651206305,0.0029963993733373097,0.8774445416948894,3.7036489151873773,0.5941962317673893,3.160872781065089,0.46612202264376174,0.9767452397723945,0.9483690985632806
LSPIN,0.2,0.00525,0.1,0.7227405432850977,0.004030460579197374,382.3217468261719,16.99553057738232,0.9876788429968176,0.0019387932742914178,834.6666666666666,779.0,3,382.3257548014323,16.988149014431457,0.991924251710675,0.0036063062052222295,0.8929525558011261,3.991000986193294,0.6713363139592649,3.2566568047337277,0.4871052252546839,0.9695129220544038,0.9342895127663066
LSPIN,0.2,0.007,0.0,0.7109037826859609,0.007087476109011717,195.85842895507812,37.61215731902237,0.9724196960704701,0.015706782394790775,518.0,431.3333333333333,3,195.87847900390625,37.62947655404775,0.9823812302443847,0.01106366606971312,0.8168869101610836,3.41629684418146,0.526984126984127,3.160872781065089,0.4673628852733331,0.9838074038955392,0.9607420335720707
LSPIN,0.2,0.007,0.025,0.7079525260218329,0.013549910422893406,250.0373280843099,41.382156745759595,0.9831597151896444,0.004214220304076112,536.3333333333334,492.3333333333333,3,250.03251139322916,41.37534042850888,0.9904478592910779,0.003175087153145494,0.8676082937332791,3.6717209072978303,0.5879138540662167,3.2885848126232737,0.4962962962962963,0.9838436200013551,0.9589479018273046
LSPIN,0.2,0.007,0.05,0.7235973597359736,0.01263006929793762,347.91892496744794,37.95358828930794,0.98925436420602,0.001869929579553134,783.3333333333334,703.3333333333334,3,347.9323323567708,37.948366065690976,0.9912725447685496,0.005479948154886859,0.8971863718594273,3.991000986193294,0.6685441201570234,3.192800788954635,0.47253939892415175,0.972257072978684,0.9371366053389081
LSPIN,0.2,0.007,0.1,0.7202256283320639,0.010567841468393986,289.3729082743327,23.237504603153567,0.9862018662936212,0.0019961215025124223,644.0833333333334,596.8333333333334,12,289.3729756673177,23.23652019448218,0.9924152391337728,0.005076456467725224,0.8658394046180151,3.895216962524655,0.6445338729997896,3.349984827795479,0.5114088276572442,0.9807673253768139,0.9563941539676841
LSPIN,0.2,0.00875,0.0,0.7158860116780909,0.013709503956131939,153.70785013834634,18.436961069184562,0.9705736593200859,0.003681324028099013,462.0,323.6666666666667,3,153.71221923828125,18.463052888048704,0.9822808248885284,0.006771456899847927,0.87808985098008,4.054857001972387,0.6883770730818298,3.0650887573964494,0.444630237028462,0.9580013635755051,0.9086201661568113
LSPIN,0.2,0.00875,0.025,0.713981975120589,0.02265250091885687,209.51866149902344,17.673005366035536,0.9831073720531206,0.0013631516607875756,510.3333333333333,444.6666666666667,3,209.52596537272134,17.679010484288483,0.9943758865128772,0.002022868215971668,0.8374270639616254,3.7675049309664694,0.6093441522546,3.128944773175542,0.4580073030777256,0.9722038060456631,0.9375826773063723
LSPIN,0.2,0.00875,0.05,0.717028433612592,0.008410333008947331,215.0540568033854,29.847481694328284,0.9788459504173805,0.0077326185139197255,471.6666666666667,444.0,3,215.05506896972656,29.83568079218264,0.9773296963106595,0.013529161235699552,0.8835557406016358,4.1506410256410255,0.7143897996357013,3.0650887573964494,0.4556515232843736,0.9635764910060124,0.9249851493132071
LSPIN,0.2,0.00875,0.1,0.718043919776593,0.007975011908529136,244.42342631022134,2.17811526007972,0.9839098429263103,0.0018754116002594327,532.3333333333334,496.3333333333333,3,244.4358113606771,2.1721536394327834,0.991858463186722,0.003177833367366282,0.882862888459326,4.1506410256410255,0.7162717106187994,3.4162968441814594,0.5240117030686534,0.9765721419931878,0.9466880032707884
LSPIN,0.2,0.0105,0.0,0.7242637725310992,0.02516721737242558,110.02831522623698,38.25160977640095,0.9539670782695818,0.017647646393083062,331.0,246.33333333333334,3,110.02892303466797,38.25578340621439,0.9826645781230553,0.010263218333329384,0.8490209214023737,3.735576923076923,0.6,2.937376725838264,0.4203403902034039,0.9636853944813405,0.9311481171457002
LSPIN,0.2,0.0105,0.025,0.7275323686214775,0.010130387093901542,191.23809305826822,8.437426582547014,0.9810464655963512,0.002943757030875019,441.3333333333333,406.6666666666667,3,191.24622599283853,8.435718581693951,0.9855122602325944,0.009867022291047814,0.8889650434917934,4.214497041420118,0.736229462545252,3.128944773175542,0.4618161969986982,0.9591908844168272,0.9143965232819783
LSPIN,0.2,0.0105,0.05,0.719091139883219,0.013672432090295904,210.17760721842447,30.136029101057698,0.9814442535682965,0.0012233837765941874,462.6666666666667,422.0,3,210.1740519205729,30.12526270141991,0.9899552952569685,0.005465642388990451,0.8926821493196727,4.214497041420118,0.733654410175666,3.448224852071006,0.5309868875086267,0.9563045453522477,0.9064127011715456
LSPIN,0.2,0.0105,0.1,0.7258504696623508,0.005226860688219257,189.0090128580729,11.90219858692548,0.9799951736094852,0.005344617909138502,408.3333333333333,387.6666666666667,3,189.0218505859375,11.901363304731415,0.9934040752421623,0.003995286367191591,0.88151045378872,4.02292899408284,0.678584229390681,3.3205128205128207,0.5004822913039476,0.9733300793724781,0.9385050412815198
LSPIN,0.2,0.014,0.0,0.7054772784970805,0.007359743745617861,69.91377131144206,19.482304822294925,0.9442376814034272,0.01036777663177969,192.33333333333334,143.66666666666666,3,69.91806411743164,19.47378123170138,0.971011905216541,0.008647032791699724,0.8192956792966631,3.192800788954635,0.4729526771156079,3.0012327416173563,0.4357755084227983,0.9217301778792413,0.8556838124738801
LSPIN,0.2,0.014,0.025,0.7293094694084793,0.02302631583490417,121.53539530436198,10.380866714763641,0.9667670536107383,0.0065405690126688655,259.3333333333333,238.0,3,121.53943634033203,10.370301878806428,0.9854089164061955,0.00909116878742878,0.7854038094857726,3.288584812623274,0.4928916494133886,3.384368836291913,0.5163073521282476,0.9794227977315945,0.9492202602876941
LSPIN,0.2,0.014,0.05,0.7144262503173394,0.02168937789513278,152.3075942993164,24.199767608775396,0.9746219015897539,0.0045203211735513745,325.0,305.0,3,152.30967966715494,24.195456833634207,0.9931605476151052,0.0026742337267003985,0.8390793738514871,3.735576923076923,0.6010108189212667,3.224728796844181,0.4816198514828652,0.9837620367646038,0.9607409515667159
LSPIN,0.2,0.014,0.1,0.7152513328255902,0.007596485476313649,180.08880615234375,48.16161777848316,0.9753395001830508,0.0054320879597427076,400.3333333333333,373.0,3,180.0897979736328,48.169423471101375,0.9916620785193553,0.002325713012853187,0.8876951113390213,3.7675049309664694,0.6088504088504089,3.9271449704142007,0.6519038945268454,0.9767706458471386,0.948255538746969
LSPIN,0.22,0.00525,0.0,0.7201700939324702,0.021087867480106808,197.39511108398438,44.217773997809196,0.9774369003801606,0.005180670348863111,613.3333333333334,452.3333333333333,3,197.41516621907553,44.240407016782235,0.987881369946142,0.0037298494238550374,0.8315487686515791,3.8952169625246547,0.6421957671957672,2.809664694280079,0.40345251456362563,0.9749547362373313,0.9440576641007734
LSPIN,0.22,0.00525,0.025,0.7274371667936025,0.011966305507464078,306.40283203125,18.878806646219658,0.9897902609157695,0.001755641643636403,770.0,688.3333333333334,3,306.41224161783856,18.882129795004758,0.985407041414326,0.007411924456762738,0.8671722141009405,3.5440088757396446,0.5522388059701493,3.2566568047337277,0.48591646497341534,0.9403815166664865,0.8890760257743867
LSPIN,0.22,0.00525,0.05,0.709983498349835,0.002350026476462779,334.6357828776042,21.016495725108413,0.9880789480023019,0.0023815556299899305,794.6666666666666,710.6666666666666,3,334.6463317871094,21.049660148204,0.9839819330786188,0.01062474578063254,0.933011332442024,3.991000986193294,0.674253869694907,3.863288954635109,0.6346568604633122,0.9766666761489629,0.9485319076793909
LSPIN,0.22,0.00525,0.1,0.7172823051535923,0.004385832934644725,353.3706461588542,17.47927885737717,0.9881252488528549,0.0025137392807706915,815.6666666666666,746.0,3,353.3370869954427,17.474793939860056,0.9915016065234482,0.005350203122276021,0.8999895103278491,4.310281065088756,0.7651314077543585,3.384368836291913,0.5250373901955523,0.9793940947711754,0.9493804969006843
LSPIN,0.22,0.007,0.0,0.6976389946686976,0.013656402729450113,128.3693644205729,4.022126806995815,0.9627238503511483,0.012680414812205025,384.0,285.6666666666667,3,128.369753519694,4.020314788860663,0.9892529645165687,0.005371081618250638,0.8630326904857822,3.5440088757396446,0.555306567071273,3.0012327416173563,0.43143143143143137,0.9573737323236818,0.9071490930908999
LSPIN,0.22,0.007,0.025,0.7111893881695862,0.002514001310020085,229.12097676595053,25.957850421929145,0.9841397487220953,0.0026560292970152343,590.6666666666666,506.3333333333333,3,229.10284932454428,25.954355525757506,0.9921801983724775,0.003151954122912999,0.9096336354427471,4.246425049309664,0.743126177024482,3.735576923076923,0.6007462686567164,0.9810490375680397,0.9619169614065878
LSPIN,0.22,0.007,0.05,0.7147435897435898,0.006521383117841356,244.1312713623047,26.392897111450377,0.9813688193296596,0.0036170788914460777,608.3333333333334,544.6666666666666,3,244.12943522135416,26.38385350515474,0.9893586817041049,0.0010956368877913212,0.8742541913507283,4.182569033530572,0.72418264332685,3.384368836291913,0.5180230996508192,0.9722398662158098,0.9332708903739787
LSPIN,0.22,0.007,0.1,0.7183929931454683,0.006369991225559816,234.30116271972656,12.732508986940624,0.9845466406526628,0.0019045970567154744,535.3333333333334,497.3333333333333,3,234.30446879069007,12.742424769504426,0.9905394847672192,0.004276014462429317,0.9034710265853008,3.7036489151873764,0.5929300108404586,3.7036489151873764,0.5929300108404586,0.973262836291776,0.9430732923625679
LSPIN,0.22,0.00875,0.0,0.7071909113988322,0.004356805672250427,102.04118347167969,3.6103803089141198,0.962517501857902,0.002459498757592163,298.3333333333333,222.33333333333334,3,102.03674062093098,3.610760645946811,0.987897956460972,0.006516559124821871,0.834874590968207,3.7675049309664694,0.6114432658309226,3.160872781065089,0.46612202264376174,0.9791223961497199,0.9565108622166331
LSPIN,0.22,0.00875,0.025,0.7150926631124651,0.00926560481332408,183.2934366861979,18.589347223065843,0.9781822777361547,0.0006148829120617317,459.6666666666667,398.0,3,183.30403645833334,18.612587532888355,0.9907405942874582,0.0017393842713468108,0.8888756998475148,3.9590729783037477,0.6596688854753371,3.352440828402367,0.5074574757439207,0.9531649933073848,0.8984996019417536
LSPIN,0.22,0.00875,0.05,0.7032559025133281,0.0067834225161172,171.7065633138021,17.842178352747624,0.9781498154781687,0.004968234871447325,417.0,374.6666666666667,3,171.70643107096353,17.8382268365004,0.995139667967219,0.0022882009171048935,0.9059793457107506,3.799432938856016,0.6190522795856782,3.6717209072978303,0.5863566418382471,0.9730242169175186,0.9397259439498127
LSPIN,0.22,0.00875,0.1,0.7147435897435898,0.015596934181912865,196.99742635091147,33.3303097826305,0.9827525626070645,0.0017817573260865778,462.6666666666667,416.6666666666667,3,196.99710591634116,33.33750717140435,0.9894901670047088,0.005117387061164138,0.8390677065061043,3.6078648915187372,0.5690821256038647,3.0012327416173563,0.4319666145018257,0.9543385311549413,0.8979175147697255
LSPIN,0.22,0.0105,0.0,0.7285795887281036,0.02003608360050489,66.3075942993164,4.844032935351795,0.9288422116691714,0.008038376772805217,196.0,151.66666666666666,3,66.3102518717448,4.851665618264955,0.9878770045782326,0.002664812101023528,0.864073113640127,3.8952169625246547,0.6446969696969697,3.0331607495069033,0.4385924084554221,0.9535727395959824,0.8953630749549459
LSPIN,0.22,0.0105,0.025,0.7154417364813405,0.007679548548980667,131.9549560546875,25.135413630772057,0.9696719014368381,0.008132186011455069,325.0,293.6666666666667,3,131.96319580078125,25.13585552312722,0.9940739607918353,0.002022159832527706,0.873523612969831,3.799432938856016,0.6218599033816425,3.448224852071006,0.5300834431269213,0.9824364561156829,0.9553383004234233
LSPIN,0.22,0.0105,0.05,0.7141723787763392,0.0032928457622749285,150.10553487141928,8.580981713879511,0.9774053988248665,0.003061081496164673,371.0,329.6666666666667,3,150.11011250813803,8.577518516300533,0.9940024336271437,0.0014685544614859232,0.8708816912797112,3.799432938856016,0.6177256435320951,3.160872781065089,0.4661712477989674,0.976533104941233,0.9484774662095568
LSPIN,0.22,0.0105,0.1,0.7273736989083525,0.014033580428732801,179.2252197265625,19.467752369867345,0.976433844641683,0.0019231292661532344,377.6666666666667,357.0,3,179.22567240397134,19.466653853923848,0.9968477809744889,0.0006337348930712401,0.8340427845235877,3.1289447731755424,0.45838685078507574,3.1289447731755424,0.46097126875158917,0.9638031969327429,0.9267010047077386
LSPIN,0.22,0.014,0.0,0.707000507743082,0.007825875928813576,55.19304911295573,21.042664970160377,0.9415166921022786,0.01605305900144174,198.0,131.33333333333334,3,55.19867960611979,21.03784475528153,0.9862902036054741,0.0024188066756814976,0.8016217764916848,3.384368836291913,0.5154797676901326,3.4801528599605525,0.5397334990334162,0.9555110657208835,0.9101101225365692
LSPIN,0.22,0.014,0.025,0.7151243970550901,0.004249387024809146,94.59459177652995,20.79072655841658,0.9663088121890158,0.006240377562057994,228.0,201.66666666666666,3,94.60394287109375,20.79046850521581,0.9727547272871413,0.01919105979081353,0.8153728893835321,3.5440088757396446,0.5529205094422486,3.288584812623274,0.4953764652394789,0.9510868370507598,0.9121852669872502
LSPIN,0.22,0.014,0.05,0.7183929931454683,0.018766354699600345,119.12097930908203,11.094547689969195,0.9675500454862477,0.0018514117473086707,286.6666666666667,261.6666666666667,3,119.12468719482422,11.104760266805329,0.9844048928532053,0.009555053931186984,0.8172999840156076,3.639792899408284,0.5764705882352942,2.9054487179487176,0.41182278168579534,0.9745911778978403,0.9434901154730596
LSPIN,0.22,0.014,0.1,0.7238829652195989,0.012431161934983764,107.87258656819661,9.650195076628552,0.9634822465809108,0.007739404173036171,243.0,227.33333333333334,3,107.87022399902344,9.65696482221293,0.9877348672730094,0.004044018568560493,0.8508390681711161,3.639792899408284,0.5759987939092417,2.937376725838264,0.41858954845256213,0.9444457534509486,0.8923428758123939
